Date,Link,Day,Season,Team,Opp,Site,Final,Rest,Line,Total,SUm,ATSm,OUm,DPS,DPA,SUr,ATSr,OUr,"ot
Feb","24,",2015,recap,Tue,2014,Mavericks,Raptors,home,99-92,1&0,-4.5,204.0,7,2.5,-13.0,-5.2,-7.8,W,W,U,"0
Feb","24,",2015,recap,Tue,2014,Raptors,Mavericks,away,92-99,0&1,4.5,204.0,-7,-2.5,-13.0,-7.8,-5.2,L,L,U,"0
Feb","24,",2015,recap,Tue,2014,Pistons,Cavaliers,home,93-102,1&1,7.0,205.0,-9,-2.0,-10.0,-6.0,-4.0,L,L,U,"0
Feb","24,",2015,recap,Tue,2014,Cavaliers,Pistons,away,102-93,1&1,-7.0,205.0,9,2.0,-10.0,-4.0,-6.0,W,W,U,"0
Feb","24,",2015,recap,Tue,2014,Thunder,Pacers,home,105-92,1&1,-7.5,204.0,13,5.5,-7.0,-0.8,-6.2,W,W,U,"0
Feb","24,",2015,recap,Tue,2014,Pacers,Thunder,away,92-105,1&1,7.5,204.0,-13,-5.5,-7.0,-6.2,-0.8,L,L,U,"0
Feb","24,",2015,recap,Tue,2014,Wizards,Warriors,home,107-114,1&1,6.0,205.5,-7,-1.0,15.5,7.2,8.2,L,L,O,"0
Feb","24,",2015,recap,Tue,2014,Warriors,Wizards,away,114-107,1&1,-6.0,205.5,7,1.0,15.5,8.2,7.2,W,W,O,0
