Date,Link,Day,Season,Team,Opp,Site,Final,Rest,Line,Total,SUm,ATSm,OUm,DPS,DPA,SUr,ATSr,OUr,"ot
Nov","03,",2015,recap,Tue,2015,Heat,Hawks,home,92-98,1&1,-3.5,196.0,-6,-9.5,-6.0,-7.8,1.8,L,L,U,"0
Nov","03,",2015,recap,Tue,2015,Hawks,Heat,away,98-92,1&1,3.5,196.0,6,9.5,-6.0,1.8,-7.8,W,W,U,"0
Nov","03,",2015,recap,Tue,2015,Hornets,Bulls,home,130-105,1&1,4.0,194.0,25,29.0,41.0,35.0,6.0,W,W,O,"0
Nov","03,",2015,recap,Tue,2015,Bulls,Hornets,away,105-130,1&1,-4.0,194.0,-25,-29.0,41.0,6.0,35.0,L,L,O,"0
Nov","03,",2015,recap,Tue,2015,Kings,Grizzlies,home,89-103,2&0,4.5,197.0,-14,-9.5,-5.0,-7.2,2.2,L,L,U,"0
Nov","03,",2015,recap,Tue,2015,Grizzlies,Kings,away,103-89,0&2,-4.5,197.0,14,9.5,-5.0,2.2,-7.2,W,W,U,"0
Nov","03,",2015,recap,Tue,2015,Lakers,Nuggets,home,109-120,1&1,-1.5,205.5,-11,-12.5,23.5,5.5,18.0,L,L,O,"0
Nov","03,",2015,recap,Tue,2015,Nuggets,Lakers,away,120-109,1&1,1.5,205.5,11,12.5,23.5,18.0,5.5,W,W,O,"0
Nov","03,",2015,recap,Tue,2015,Mavericks,Raptors,home,91-102,1&1,1.5,204.0,-11,-9.5,-11.0,-10.2,-0.8,L,L,U,"0
Nov","03,",2015,recap,Tue,2015,Raptors,Mavericks,away,102-91,1&1,-1.5,204.0,11,9.5,-11.0,-0.8,-10.2,W,W,U,"0
Nov","03,",2015,recap,Tue,2015,Pelicans,Magic,home,94-103,2&1,-4.0,204.5,-9,-13.0,-7.5,-10.2,2.8,L,L,U,"0
Nov","03,",2015,recap,Tue,2015,Magic,Pelicans,away,103-94,1&2,4.0,204.5,9,13.0,-7.5,2.8,-10.2,W,W,U,"0
Nov","03,",2015,recap,Tue,2015,Pistons,Pacers,home,82-94,3&2,-4.5,200.5,-12,-16.5,-24.5,-20.5,-4.0,L,L,U,"0
Nov","03,",2015,recap,Tue,2015,Pacers,Pistons,away,94-82,2&3,4.5,200.5,12,16.5,-24.5,-4.0,-20.5,W,W,U,0
