Date,Link,Day,Season,Team,Opp,Site,Final,Rest,Line,Total,SUm,ATSm,OUm,DPS,DPA,SUr,ATSr,OUr,"ot
Dec","31,",2015,recap,Thu,2015,Jazz,Trailblazers,home,109-96,0&0,-3.5,190.0,13,9.5,15.0,12.2,2.8,W,W,O,"0
Dec","31,",2015,recap,Thu,2015,Trailblazers,Jazz,away,96-109,0&0,3.5,190.0,-13,-9.5,15.0,2.8,12.2,L,L,O,"0
Dec","31,",2015,recap,Thu,2015,Pacers,Bucks,home,116-120,0&1,-6.0,200.0,-4,-10.0,36.0,13.0,23.0,L,L,O,"0
Dec","31,",2015,recap,Thu,2015,Bucks,Pacers,away,120-116,1&0,6.0,200.0,4,10.0,36.0,23.0,13.0,W,W,O,"0
Dec","31,",2015,recap,Thu,2015,Pelicans,Clippers,home,89-95,2&0,-2.0,207.5,-6,-8.0,-23.5,-15.8,-7.8,L,L,U,"0
Dec","31,",2015,recap,Thu,2015,Clippers,Pelicans,away,95-89,0&2,2.0,207.5,6,8.0,-23.5,-7.8,-15.8,W,W,U,"0
Dec","31,",2015,recap,Thu,2015,Pistons,Timberwolves,home,115-90,1&0,-8.0,201.0,25,17.0,4.0,10.5,-6.5,W,W,O,"0
Dec","31,",2015,recap,Thu,2015,Timberwolves,Pistons,away,90-115,0&1,8.0,201.0,-25,-17.0,4.0,-6.5,10.5,L,L,O,"0
Dec","31,",2015,recap,Thu,2015,Rockets,Warriors,home,110-114,1&0,-2.5,212.0,-4,-6.5,12.0,2.8,9.2,L,L,O,"0
Dec","31,",2015,recap,Thu,2015,Warriors,Rockets,away,114-110,0&1,2.5,212.0,4,6.5,12.0,9.2,2.8,W,W,O,"0
Dec","31,",2015,recap,Thu,2015,Thunder,Suns,home,110-106,1&0,-15.0,212.0,4,-11.0,4.0,-3.5,7.5,W,L,O,"0
Dec","31,",2015,recap,Thu,2015,Suns,Thunder,away,106-110,0&1,15.0,212.0,-4,11.0,4.0,7.5,-3.5,L,W,O,0
