Date,Link,Day,Season,Team,Opp,Site,Final,Rest,Line,Total,SUm,ATSm,OUm,DPS,DPA,SUr,ATSr,OUr,"ot
Jan","28,",2015,recap,Wed,2014,Cavaliers,Trailblazers,home,99-94,0&3,-5.0,205.0,5,0.0,-12.0,-6.0,-6.0,W,P,U,"0
Jan","28,",2015,recap,Wed,2014,Trailblazers,Cavaliers,away,94-99,3&0,5.0,205.0,-5,0.0,-12.0,-6.0,-6.0,L,P,U,"0
Jan","28,",2015,recap,Wed,2014,Hawks,Nets,home,113-102,2&3,-13.5,194.5,11,-2.5,20.5,9.0,11.5,W,L,O,"0
Jan","28,",2015,recap,Wed,2014,Nets,Hawks,away,102-113,3&2,13.5,194.5,-11,2.5,20.5,11.5,9.0,L,W,O,"0
Jan","28,",2015,recap,Wed,2014,Jazz,Clippers,home,89-94,1&1,7.0,200.0,-5,2.0,-17.0,-7.5,-9.5,L,W,U,"0
Jan","28,",2015,recap,Wed,2014,Clippers,Jazz,away,94-89,1&1,-7.0,200.0,5,-2.0,-17.0,-9.5,-7.5,W,L,U,"0
Jan","28,",2015,recap,Wed,2014,Knicks,Thunder,home,100-92,3&1,8.5,195.0,8,16.5,-3.0,6.8,-9.8,W,W,U,"0
Jan","28,",2015,recap,Wed,2014,Thunder,Knicks,away,92-100,1&3,-8.5,195.0,-8,-16.5,-3.0,-9.8,6.8,L,L,U,"0
Jan","28,",2015,recap,Wed,2014,Pelicans,Nuggets,home,85-93,1&1,-6.0,200.0,-8,-14.0,-22.0,-18.0,-4.0,L,L,U,"0
Jan","28,",2015,recap,Wed,2014,Nuggets,Pelicans,away,93-85,1&1,6.0,200.0,8,14.0,-22.0,-4.0,-18.0,W,W,U,"0
Jan","28,",2015,recap,Wed,2014,Raptors,Kings,home,119-102,0&4,-7.0,208.0,17,10.0,13.0,11.5,1.5,W,W,O,"0
Jan","28,",2015,recap,Wed,2014,Kings,Raptors,away,102-119,4&0,7.0,208.0,-17,-10.0,13.0,1.5,11.5,L,L,O,"0
Jan","28,",2015,recap,Wed,2014,Rockets,Mavericks,home,99-94,2&0,-4.0,208.5,5,1.0,-15.5,-7.2,-8.2,W,W,U,"0
Jan","28,",2015,recap,Wed,2014,Mavericks,Rockets,away,94-99,0&2,4.0,208.5,-5,-1.0,-15.5,-8.2,-7.2,L,L,U,"0
Jan","28,",2015,recap,Wed,2014,Seventysixers,Pistons,home,89-69,1&0,7.0,192.0,20,27.0,-34.0,-3.5,-30.5,W,W,U,"0
Jan","28,",2015,recap,Wed,2014,Pistons,Seventysixers,away,69-89,0&1,-7.0,192.0,-20,-27.0,-34.0,-30.5,-3.5,L,L,U,"0
Jan","28,",2015,recap,Wed,2014,Spurs,Hornets,home,95-86,2&3,-12.5,188.0,9,-3.5,-7.0,-5.2,-1.8,W,L,U,"0
Jan","28,",2015,recap,Wed,2014,Hornets,Spurs,away,86-95,3&2,12.5,188.0,-9,3.5,-7.0,-1.8,-5.2,L,W,U,"0
Jan","28,",2015,recap,Wed,2014,Suns,Wizards,home,106-98,2&0,-6.0,211.5,8,2.0,-7.5,-2.8,-4.8,W,W,U,"0
Jan","28,",2015,recap,Wed,2014,Wizards,Suns,away,98-106,0&2,6.0,211.5,-8,-2.0,-7.5,-4.8,-2.8,L,L,U,"0
Jan","28,",2015,recap,Wed,2014,Timberwolves,Celtics,home,110-98,1&1,4.0,200.0,12,16.0,8.0,12.0,-4.0,W,W,O,"0
Jan","28,",2015,recap,Wed,2014,Celtics,Timberwolves,away,98-110,1&1,-4.0,200.0,-12,-16.0,8.0,-4.0,12.0,L,L,O,0
