Date,Link,Day,Season,Team,Opp,Site,Final,Rest,Line,Total,SUm,ATSm,OUm,DPS,DPA,SUr,ATSr,OUr,"ot
Nov","16,",2015,recap,Mon,2015,Bulls,Pacers,home,96-95,2&2,-5.5,197.5,1,-4.5,-6.5,-5.5,-1.0,W,L,U,"0
Nov","16,",2015,recap,Mon,2015,Pacers,Bulls,away,95-96,2&2,5.5,197.5,-1,4.5,-6.5,-1.0,-5.5,L,W,U,"0
Nov","16,",2015,recap,Mon,2015,Grizzlies,Thunder,home,122-114,0&0,-2.5,200.0,8,5.5,36.0,20.8,15.2,W,W,O,"0
Nov","16,",2015,recap,Mon,2015,Thunder,Grizzlies,away,114-122,0&0,2.5,200.0,-8,-5.5,36.0,15.2,20.8,L,L,O,"0
Nov","16,",2015,recap,Mon,2015,Rockets,Celtics,home,95-111,1&0,-4.5,207.0,-16,-20.5,-1.0,-10.8,9.8,L,L,U,"0
Nov","16,",2015,recap,Mon,2015,Celtics,Rockets,away,111-95,0&1,4.5,207.0,16,20.5,-1.0,9.8,-10.8,W,W,U,"0
Nov","16,",2015,recap,Mon,2015,Seventysixers,Mavericks,home,86-92,1&1,8.0,201.0,-6,2.0,-23.0,-10.5,-12.5,L,W,U,"0
Nov","16,",2015,recap,Mon,2015,Mavericks,Seventysixers,away,92-86,1&1,-8.0,201.0,6,-2.0,-23.0,-12.5,-10.5,W,L,U,"0
Nov","16,",2015,recap,Mon,2015,Spurs,Trailblazers,home,93-80,1&0,-12.5,200.5,13,0.5,-27.5,-13.5,-14.0,W,W,U,"0
Nov","16,",2015,recap,Mon,2015,Trailblazers,Spurs,away,80-93,0&1,12.5,200.5,-13,-0.5,-27.5,-14.0,-13.5,L,L,U,"0
Nov","16,",2015,recap,Mon,2015,Suns,Lakers,home,120-101,1&0,-11.5,207.0,19,7.5,14.0,10.8,3.2,W,W,O,"0
Nov","16,",2015,recap,Mon,2015,Lakers,Suns,away,101-120,0&1,11.5,207.0,-19,-7.5,14.0,3.2,10.8,L,L,O,0
