Date,Link,Day,Season,Team,Opp,Site,Final,Rest,Line,Total,SUm,ATSm,OUm,DPS,DPA,SUr,ATSr,OUr,"ot
Dec","11,",2015,recap,Fri,2015,Celtics,Warriors,home,119-124,1&2,5.5,216.0,-5,0.5,27.0,13.8,13.2,L,W,O,"2
Dec","11,",2015,recap,Fri,2015,Warriors,Celtics,away,124-119,2&1,-5.5,216.0,5,-0.5,27.0,13.2,13.8,W,L,O,"2
Dec","11,",2015,recap,Fri,2015,Grizzlies,Hornets,home,99-123,1&1,-3.0,192.5,-24,-27.0,29.5,1.2,28.2,L,L,O,"0
Dec","11,",2015,recap,Fri,2015,Hornets,Grizzlies,away,123-99,1&1,3.0,192.5,24,27.0,29.5,28.2,1.2,W,W,O,"0
Dec","11,",2015,recap,Fri,2015,Jazz,Thunder,home,90-94,1&0,3.5,203.0,-4,-0.5,-19.0,-9.8,-9.2,L,L,U,"0
Dec","11,",2015,recap,Fri,2015,Thunder,Jazz,away,94-90,0&1,-3.5,203.0,4,0.5,-19.0,-9.2,-9.8,W,W,U,"0
Dec","11,",2015,recap,Fri,2015,Magic,Cavaliers,home,76-111,1&2,3.0,197.0,-35,-32.0,-10.0,-21.0,11.0,L,L,U,"0
Dec","11,",2015,recap,Fri,2015,Cavaliers,Magic,away,111-76,2&1,-3.0,197.0,35,32.0,-10.0,11.0,-21.0,W,W,U,"0
Dec","11,",2015,recap,Fri,2015,Nuggets,Timberwolves,home,111-108,2&1,0.0,202.0,3,3.0,17.0,10.0,7.0,W,W,O,"1
Dec","11,",2015,recap,Fri,2015,Timberwolves,Nuggets,away,108-111,1&2,0.0,202.0,-3,-3.0,17.0,7.0,10.0,L,L,O,"1
Dec","11,",2015,recap,Fri,2015,Pacers,Heat,home,96-83,2&1,-5.0,196.5,13,8.0,-17.5,-4.8,-12.8,W,W,U,"0
Dec","11,",2015,recap,Fri,2015,Heat,Pacers,away,83-96,1&2,5.0,196.5,-13,-8.0,-17.5,-12.8,-4.8,L,L,U,"0
Dec","11,",2015,recap,Fri,2015,Pelicans,Wizards,home,107-105,3&1,-3.0,214.5,2,-1.0,-2.5,-1.8,-0.8,W,L,U,"0
Dec","11,",2015,recap,Fri,2015,Wizards,Pelicans,away,105-107,1&3,3.0,214.5,-2,1.0,-2.5,-0.8,-1.8,L,W,U,"0
Dec","11,",2015,recap,Fri,2015,Raptors,Bucks,home,90-83,1&1,-7.5,192.0,7,-0.5,-19.0,-9.8,-9.2,W,L,U,"0
Dec","11,",2015,recap,Fri,2015,Bucks,Raptors,away,83-90,1&1,7.5,192.0,-7,0.5,-19.0,-9.2,-9.8,L,W,U,"0
Dec","11,",2015,recap,Fri,2015,Seventysixers,Pistons,home,95-107,0&1,9.0,193.0,-12,-3.0,9.0,3.0,6.0,L,L,O,"0
Dec","11,",2015,recap,Fri,2015,Pistons,Seventysixers,away,107-95,1&0,-9.0,193.0,12,3.0,9.0,6.0,3.0,W,W,O,"0
Dec","11,",2015,recap,Fri,2015,Spurs,Lakers,home,109-87,1&1,-15.5,194.5,22,6.5,1.5,4.0,-2.5,W,W,O,"0
Dec","11,",2015,recap,Fri,2015,Lakers,Spurs,away,87-109,1&1,15.5,194.5,-22,-6.5,1.5,-2.5,4.0,L,L,O,"0
Dec","11,",2015,recap,Fri,2015,Suns,Trailblazers,home,96-106,1&2,-4.0,209.5,-10,-14.0,-7.5,-10.8,3.2,L,L,U,"0
Dec","11,",2015,recap,Fri,2015,Trailblazers,Suns,away,106-96,2&1,4.0,209.5,10,14.0,-7.5,3.2,-10.8,W,W,U,0
