Date,Link,Day,Season,Team,Opp,Site,Final,Rest,Line,Total,SUm,ATSm,OUm,DPS,DPA,SUr,ATSr,OUr,"ot
Nov","01,",2015,recap,Sun,2015,Bulls,Magic,home,92-87,1&1,-7.5,199.0,5,-2.5,-20.0,-11.2,-8.8,W,L,U,"0
Nov","01,",2015,recap,Sun,2015,Magic,Bulls,away,87-92,1&1,7.5,199.0,-5,2.5,-20.0,-8.8,-11.2,L,W,U,"0
Nov","01,",2015,recap,Sun,2015,Celtics,Spurs,home,87-95,1&1,5.5,201.5,-8,-2.5,-19.5,-11.0,-8.5,L,L,U,"0
Nov","01,",2015,recap,Sun,2015,Spurs,Celtics,away,95-87,1&1,-5.5,201.5,8,2.5,-19.5,-8.5,-11.0,W,W,U,"0
Nov","01,",2015,recap,Sun,2015,Heat,Rockets,home,109-89,1&1,-4.0,206.0,20,16.0,-8.0,4.0,-12.0,W,W,U,"0
Nov","01,",2015,recap,Sun,2015,Rockets,Heat,away,89-109,1&1,4.0,206.0,-20,-16.0,-8.0,-12.0,4.0,L,L,U,"0
Nov","01,",2015,recap,Sun,2015,Hornets,Hawks,home,92-94,1&1,2.0,194.5,-2,0.0,-8.5,-4.2,-4.2,L,P,U,"0
Nov","01,",2015,recap,Sun,2015,Hawks,Hornets,away,94-92,1&1,-2.0,194.5,2,0.0,-8.5,-4.2,-4.2,W,P,U,"0
Nov","01,",2015,recap,Sun,2015,Lakers,Mavericks,home,93-103,1&2,4.0,213.0,-10,-6.0,-17.0,-11.5,-5.5,L,L,U,"0
Nov","01,",2015,recap,Sun,2015,Mavericks,Lakers,away,103-93,2&1,-4.0,213.0,10,6.0,-17.0,-5.5,-11.5,W,W,U,"0
Nov","01,",2015,recap,Sun,2015,Raptors,Bucks,home,106-87,1&1,-6.5,200.5,19,12.5,-7.5,2.5,-10.0,W,W,U,"0
Nov","01,",2015,recap,Sun,2015,Bucks,Raptors,away,87-106,1&1,6.5,200.5,-19,-12.5,-7.5,-10.0,2.5,L,L,U,"0
Nov","01,",2015,recap,Sun,2015,Thunder,Nuggets,home,117-93,1&1,-12.5,212.0,24,11.5,-2.0,4.8,-6.8,W,W,U,"0
Nov","01,",2015,recap,Sun,2015,Nuggets,Thunder,away,93-117,1&1,12.5,212.0,-24,-11.5,-2.0,-6.8,4.8,L,L,U,0
