Date,Link,Day,Season,Team,Opp,Site,Final,Rest,Line,Total,SUm,ATSm,OUm,DPS,DPA,SUr,ATSr,OUr,"ot
Nov","08,",2015,recap,Sun,2015,Cavaliers,Pacers,home,101-97,1&1,-7.0,196.0,4,-3.0,2.0,-0.5,2.5,W,L,O,"0
Nov","08,",2015,recap,Sun,2015,Pacers,Cavaliers,away,97-101,1&1,7.0,196.0,-4,3.0,2.0,2.5,-0.5,L,W,O,"0
Nov","08,",2015,recap,Sun,2015,Heat,Raptors,home,96-76,1&1,-2.5,190.0,20,17.5,-18.0,-0.2,-17.8,W,W,U,"0
Nov","08,",2015,recap,Sun,2015,Raptors,Heat,away,76-96,1&1,2.5,190.0,-20,-17.5,-18.0,-17.8,-0.2,L,L,U,"0
Nov","08,",2015,recap,Sun,2015,Knicks,Lakers,home,99-95,1&1,-5.0,209.5,4,-1.0,-15.5,-8.2,-7.2,W,L,U,"0
Nov","08,",2015,recap,Sun,2015,Lakers,Knicks,away,95-99,1&1,5.0,209.5,-4,1.0,-15.5,-7.2,-8.2,L,W,U,"0
Nov","08,",2015,recap,Sun,2015,Thunder,Suns,home,124-103,2&1,-8.5,212.5,21,12.5,14.5,13.5,1.0,W,W,O,"0
Nov","08,",2015,recap,Sun,2015,Suns,Thunder,away,103-124,1&2,8.5,212.5,-21,-12.5,14.5,1.0,13.5,L,L,O,"0
Nov","08,",2015,recap,Sun,2015,Trailblazers,Pistons,home,103-120,2&1,-2.0,199.5,-17,-19.0,23.5,2.2,21.2,L,L,O,"0
Nov","08,",2015,recap,Sun,2015,Pistons,Trailblazers,away,120-103,1&2,2.0,199.5,17,19.0,23.5,21.2,2.2,W,W,O,0
