Date,Link,Day,Season,Team,Opp,Site,Final,Rest,Line,Total,SUm,ATSm,OUm,DPS,DPA,SUr,ATSr,OUr,"ot
Mar","25,",2015,recap,Wed,2014,Celtics,Heat,home,86-93,1&0,-6.5,199.0,-7,-13.5,-20.0,-16.8,-3.2,L,L,U,"0
Mar","25,",2015,recap,Wed,2014,Heat,Celtics,away,93-86,0&1,6.5,199.0,7,13.5,-20.0,-3.2,-16.8,W,W,U,"0
Mar","25,",2015,recap,Wed,2014,Grizzlies,Cavaliers,home,89-111,1&2,1.5,195.0,-22,-20.5,5.0,-7.8,12.8,L,L,O,"0
Mar","25,",2015,recap,Wed,2014,Cavaliers,Grizzlies,away,111-89,2&1,-1.5,195.0,22,20.5,5.0,12.8,-7.8,W,W,O,"0
Mar","25,",2015,recap,Wed,2014,Hornets,Nets,home,88-91,1&1,-3.0,197.0,-3,-6.0,-18.0,-12.0,-6.0,L,L,U,"0
Mar","25,",2015,recap,Wed,2014,Nets,Hornets,away,91-88,1&1,3.0,197.0,3,6.0,-18.0,-6.0,-12.0,W,W,U,"0
Mar","25,",2015,recap,Wed,2014,Jazz,Trailblazers,home,89-92,1&0,-2.0,182.0,-3,-5.0,-1.0,-3.0,2.0,L,L,U,"0
Mar","25,",2015,recap,Wed,2014,Trailblazers,Jazz,away,92-89,0&1,2.0,182.0,3,5.0,-1.0,2.0,-3.0,W,W,U,"0
Mar","25,",2015,recap,Wed,2014,Knicks,Clippers,home,80-111,1&2,15.0,197.0,-31,-16.0,-6.0,-11.0,5.0,L,L,U,"0
Mar","25,",2015,recap,Wed,2014,Clippers,Knicks,away,111-80,2&1,-15.0,197.0,31,16.0,-6.0,5.0,-11.0,W,W,U,"0
Mar","25,",2015,recap,Wed,2014,Magic,Hawks,home,83-95,2&2,9.0,200.0,-12,-3.0,-22.0,-12.5,-9.5,L,L,U,"0
Mar","25,",2015,recap,Wed,2014,Hawks,Magic,away,95-83,2&2,-9.0,200.0,12,3.0,-22.0,-9.5,-12.5,W,W,U,"0
Mar","25,",2015,recap,Wed,2014,Nuggets,Seventysixers,home,85-99,2&0,-11.0,208.0,-14,-25.0,-24.0,-24.5,0.5,L,L,U,"0
Mar","25,",2015,recap,Wed,2014,Seventysixers,Nuggets,away,99-85,0&2,11.0,208.0,14,25.0,-24.0,0.5,-24.5,W,W,U,"0
Mar","25,",2015,recap,Wed,2014,Pelicans,Rockets,home,93-95,2&1,1.0,203.0,-2,-1.0,-15.0,-8.0,-7.0,L,L,U,"0
Mar","25,",2015,recap,Wed,2014,Rockets,Pelicans,away,95-93,1&2,-1.0,203.0,2,1.0,-15.0,-7.0,-8.0,W,W,U,"0
Mar","25,",2015,recap,Wed,2014,Raptors,Bulls,home,103-116,0&1,2.5,200.0,-13,-10.5,19.0,4.2,14.8,L,L,O,"0
Mar","25,",2015,recap,Wed,2014,Bulls,Raptors,away,116-103,1&0,-2.5,200.0,13,10.5,19.0,14.8,4.2,W,W,O,"0
Mar","25,",2015,recap,Wed,2014,Spurs,Thunder,home,130-91,0&0,-7.5,215.0,39,31.5,6.0,18.8,-12.8,W,W,O,"0
Mar","25,",2015,recap,Wed,2014,Thunder,Spurs,away,91-130,0&0,7.5,215.0,-39,-31.5,6.0,-12.8,18.8,L,L,O,"0
Mar","25,",2015,recap,Wed,2014,Suns,Kings,home,99-108,2&0,-8.0,212.5,-9,-17.0,-5.5,-11.2,5.8,L,L,U,"0
Mar","25,",2015,recap,Wed,2014,Kings,Suns,away,108-99,0&2,8.0,212.5,9,17.0,-5.5,5.8,-11.2,W,W,U,"0
Mar","25,",2015,recap,Wed,2014,Timberwolves,Lakers,home,99-101,1&0,-1.0,201.5,-2,-3.0,-1.5,-2.2,0.8,L,L,U,"1
Mar","25,",2015,recap,Wed,2014,Lakers,Timberwolves,away,101-99,0&1,1.0,201.5,2,3.0,-1.5,0.8,-2.2,W,W,U,"1
Mar","25,",2015,recap,Wed,2014,Wizards,Pacers,home,101-103,1&1,-3.0,192.0,-2,-5.0,12.0,3.5,8.5,L,L,O,"0
Mar","25,",2015,recap,Wed,2014,Pacers,Wizards,away,103-101,1&1,3.0,192.0,2,5.0,12.0,8.5,3.5,W,W,O,0
