Date,Link,Day,Season,Team,Opp,Site,Final,Rest,Line,Total,SUm,ATSm,OUm,DPS,DPA,SUr,ATSr,OUr,"ot
Feb","10,",2015,recap,Tue,2014,Bulls,Kings,home,104-86,1&1,-11.0,196.0,18,7.0,-6.0,0.5,-6.5,W,W,U,"0
Feb","10,",2015,recap,Tue,2014,Kings,Bulls,away,86-104,1&1,11.0,196.0,-18,-7.0,-6.0,-6.5,0.5,L,L,U,"0
Feb","10,",2015,recap,Tue,2014,Grizzlies,Nets,home,95-86,1&0,-12.0,190.0,9,-3.0,-9.0,-6.0,-3.0,W,L,U,"0
Feb","10,",2015,recap,Tue,2014,Nets,Grizzlies,away,86-95,0&1,12.0,190.0,-9,3.0,-9.0,-3.0,-6.0,L,W,U,"0
Feb","10,",2015,recap,Tue,2014,Hornets,Pistons,home,78-106,1&1,-1.5,190.5,-28,-29.5,-6.5,-18.0,11.5,L,L,U,"0
Feb","10,",2015,recap,Tue,2014,Pistons,Hornets,away,106-78,1&1,1.5,190.5,28,29.5,-6.5,11.5,-18.0,W,W,U,"0
Feb","10,",2015,recap,Tue,2014,Lakers,Nuggets,home,96-106,1&0,-1.5,201.0,-10,-11.5,1.0,-5.2,6.2,L,L,O,"0
Feb","10,",2015,recap,Tue,2014,Nuggets,Lakers,away,106-96,0&1,1.5,201.0,10,11.5,1.0,6.2,-5.2,W,W,O,"0
Feb","10,",2015,recap,Tue,2014,Suns,Rockets,home,118-127,1&1,-2.0,217.0,-9,-11.0,28.0,8.5,19.5,L,L,O,"0
Feb","10,",2015,recap,Tue,2014,Rockets,Suns,away,127-118,1&1,2.0,217.0,9,11.0,28.0,19.5,8.5,W,W,O,0
