Date,Link,Day,Season,Team,Opp,Site,Final,Rest,Line,Total,SUm,ATSm,OUm,DPS,DPA,SUr,ATSr,OUr,"ot
Nov","05,",2015,recap,Thu,2015,Bulls,Thunder,home,104-98,1&0,-1.0,211.0,6,5.0,-9.0,-2.0,-7.0,W,W,U,"0
Nov","05,",2015,recap,Thu,2015,Thunder,Bulls,away,98-104,0&1,1.0,211.0,-6,-5.0,-9.0,-7.0,-2.0,L,L,U,"0
Nov","05,",2015,recap,Thu,2015,Mavericks,Hornets,home,94-108,1&1,-4.0,200.5,-14,-18.0,1.5,-8.2,9.8,L,L,O,"0
Nov","05,",2015,recap,Thu,2015,Hornets,Mavericks,away,108-94,1&1,4.0,200.5,14,18.0,1.5,9.8,-8.2,W,W,O,"0
Nov","05,",2015,recap,Thu,2015,Nuggets,Jazz,home,84-96,1&0,2.0,189.5,-12,-10.0,-9.5,-9.8,0.2,L,L,U,"0
Nov","05,",2015,recap,Thu,2015,Jazz,Nuggets,away,96-84,0&1,-2.0,189.5,12,10.0,-9.5,0.2,-9.8,W,W,U,"0
Nov","05,",2015,recap,Thu,2015,Timberwolves,Heat,home,84-96,2&1,4.0,197.0,-12,-8.0,-17.0,-12.5,-4.5,L,L,U,"0
Nov","05,",2015,recap,Thu,2015,Heat,Timberwolves,away,96-84,1&2,-4.0,197.0,12,8.0,-17.0,-4.5,-12.5,W,W,U,"0
Nov","05,",2015,recap,Thu,2015,Trailblazers,Grizzlies,home,115-96,0&1,3.5,193.5,19,22.5,17.5,20.0,-2.5,W,W,O,"0
Nov","05,",2015,recap,Thu,2015,Grizzlies,Trailblazers,away,96-115,1&0,-3.5,193.5,-19,-22.5,17.5,-2.5,20.0,L,L,O,0
