Date,Link,Day,Season,Team,Opp,Site,Final,Rest,Line,Total,SUm,ATSm,OUm,DPS,DPA,SUr,ATSr,OUr,"ot
Nov","10,",2015,recap,Tue,2015,Bucks,Celtics,home,83-99,2&3,1.5,202.0,-16,-14.5,-20.0,-17.2,-2.8,L,L,U,"0
Nov","10,",2015,recap,Tue,2015,Celtics,Bucks,away,99-83,3&2,-1.5,202.0,16,14.5,-20.0,-2.8,-17.2,W,W,U,"0
Nov","10,",2015,recap,Tue,2015,Cavaliers,Jazz,home,118-114,1&2,-6.0,187.0,4,-2.0,45.0,21.5,23.5,W,L,O,"0
Nov","10,",2015,recap,Tue,2015,Jazz,Cavaliers,away,114-118,2&1,6.0,187.0,-4,2.0,45.0,23.5,21.5,L,W,O,"0
Nov","10,",2015,recap,Tue,2015,Heat,Lakers,home,101-88,1&1,-11.5,200.0,13,1.5,-11.0,-4.8,-6.2,W,W,U,"0
Nov","10,",2015,recap,Tue,2015,Lakers,Heat,away,88-101,1&1,11.5,200.0,-13,-1.5,-11.0,-6.2,-4.8,L,L,U,"0
Nov","10,",2015,recap,Tue,2015,Pelicans,Mavericks,home,120-105,2&2,-3.0,211.5,15,12.0,13.5,12.8,0.8,W,W,O,"0
Nov","10,",2015,recap,Tue,2015,Mavericks,Pelicans,away,105-120,2&2,3.0,211.5,-15,-12.0,13.5,0.8,12.8,L,L,O,"0
Nov","10,",2015,recap,Tue,2015,Raptors,Knicks,home,109-111,1&1,-7.5,196.5,-2,-9.5,23.5,7.0,16.5,L,L,O,"0
Nov","10,",2015,recap,Tue,2015,Knicks,Raptors,away,111-109,1&1,7.5,196.5,2,9.5,23.5,16.5,7.0,W,W,O,"0
Nov","10,",2015,recap,Tue,2015,Timberwolves,Hornets,home,95-104,0&2,3.5,200.0,-9,-5.5,-1.0,-3.2,2.2,L,L,U,"0
Nov","10,",2015,recap,Tue,2015,Hornets,Timberwolves,away,104-95,2&0,-3.5,200.0,9,5.5,-1.0,2.2,-3.2,W,W,U,"0
Nov","10,",2015,recap,Tue,2015,Wizards,Thunder,home,101-125,2&1,6.0,218.0,-24,-18.0,8.0,-5.0,13.0,L,L,O,"0
Nov","10,",2015,recap,Tue,2015,Thunder,Wizards,away,125-101,1&2,-6.0,218.0,24,18.0,8.0,13.0,-5.0,W,W,O,0
