Date,Link,Day,Season,Team,Opp,Site,Final,Rest,Line,Total,SUm,ATSm,OUm,DPS,DPA,SUr,ATSr,OUr,"ot
Mar","29,",2015,recap,Sun,2014,Cavaliers,Seventysixers,home,87-86,1&1,-16.0,200.5,1,-15.0,-27.5,-21.2,-6.2,W,L,U,"0
Mar","29,",2015,recap,Sun,2014,Seventysixers,Cavaliers,away,86-87,1&1,16.0,200.5,-1,15.0,-27.5,-6.2,-21.2,L,W,U,"0
Mar","29,",2015,recap,Sun,2014,Celtics,Clippers,home,106-119,1&1,6.0,207.0,-13,-7.0,18.0,5.5,12.5,L,L,O,"0
Mar","29,",2015,recap,Sun,2014,Clippers,Celtics,away,119-106,1&1,-6.0,207.0,13,7.0,18.0,12.5,5.5,W,W,O,"0
Mar","29,",2015,recap,Sun,2014,Heat,Pistons,home,109-102,1&1,-3.0,194.0,7,4.0,17.0,10.5,6.5,W,W,O,"0
Mar","29,",2015,recap,Sun,2014,Pistons,Heat,away,102-109,1&1,3.0,194.0,-7,-4.0,17.0,6.5,10.5,L,L,O,"0
Mar","29,",2015,recap,Sun,2014,Nets,Lakers,home,107-99,1&1,-7.5,200.0,8,0.5,6.0,3.2,2.8,W,W,O,"0
Mar","29,",2015,recap,Sun,2014,Lakers,Nets,away,99-107,1&1,7.5,200.0,-8,-0.5,6.0,2.8,3.2,L,L,O,"0
Mar","29,",2015,recap,Sun,2014,Pacers,Mavericks,home,104-99,2&1,-2.0,199.0,5,3.0,4.0,3.5,0.5,W,W,O,"0
Mar","29,",2015,recap,Sun,2014,Mavericks,Pacers,away,99-104,1&2,2.0,199.0,-5,-3.0,4.0,0.5,3.5,L,L,O,"0
Mar","29,",2015,recap,Sun,2014,Pelicans,Timberwolves,home,110-88,1&1,-12.5,198.0,22,9.5,0.0,4.8,-4.8,W,W,P,"0
Mar","29,",2015,recap,Sun,2014,Timberwolves,Pelicans,away,88-110,1&1,12.5,198.0,-22,-9.5,0.0,-4.8,4.8,L,L,P,"0
Mar","29,",2015,recap,Sun,2014,Spurs,Grizzlies,home,103-89,1&1,-8.0,193.5,14,6.0,-1.5,2.2,-3.8,W,W,U,"0
Mar","29,",2015,recap,Sun,2014,Grizzlies,Spurs,away,89-103,1&1,8.0,193.5,-14,-6.0,-1.5,-3.8,2.2,L,L,U,"0
Mar","29,",2015,recap,Sun,2014,Suns,Thunder,home,97-109,1&0,-1.0,214.0,-12,-13.0,-8.0,-10.5,2.5,L,L,U,"0
Mar","29,",2015,recap,Sun,2014,Thunder,Suns,away,109-97,0&1,1.0,214.0,12,13.0,-8.0,2.5,-10.5,W,W,U,"0
Mar","29,",2015,recap,Sun,2014,Wizards,Rockets,home,91-99,1&1,2.0,204.0,-8,-6.0,-14.0,-10.0,-4.0,L,L,U,"0
Mar","29,",2015,recap,Sun,2014,Rockets,Wizards,away,99-91,1&1,-2.0,204.0,8,6.0,-14.0,-4.0,-10.0,W,W,U,0
