Date,Link,Day,Season,Team,Opp,Site,Final,Rest,Line,Total,SUm,ATSm,OUm,DPS,DPA,SUr,ATSr,OUr,"ot
Jan","17,",2015,recap,Sat,2014,Bulls,Hawks,home,99-107,0&0,3.0,200.0,-8,-5.0,6.0,0.5,5.5,L,L,O,"0
Jan","17,",2015,recap,Sat,2014,Hawks,Bulls,away,107-99,0&0,-3.0,200.0,8,5.0,6.0,5.5,0.5,W,W,O,"0
Jan","17,",2015,recap,Sat,2014,Grizzlies,Trailblazers,home,102-98,0&0,-3.0,197.0,4,1.0,3.0,2.0,1.0,W,W,O,"0
Jan","17,",2015,recap,Sat,2014,Trailblazers,Grizzlies,away,98-102,0&0,3.0,197.0,-4,-1.0,3.0,1.0,2.0,L,L,O,"0
Jan","17,",2015,recap,Sat,2014,Hornets,Pacers,home,80-71,2&0,2.0,186.0,9,11.0,-35.0,-12.0,-23.0,W,W,U,"1
Jan","17,",2015,recap,Sat,2014,Pacers,Hornets,away,71-80,0&2,-2.0,186.0,-9,-11.0,-35.0,-23.0,-12.0,L,L,U,"1
Jan","17,",2015,recap,Sat,2014,Kings,Clippers,home,108-117,0&0,9.0,209.5,-9,0.0,15.5,7.8,7.8,L,P,O,"0
Jan","17,",2015,recap,Sat,2014,Clippers,Kings,away,117-108,0&0,-9.0,209.5,9,0.0,15.5,7.8,7.8,W,P,O,"0
Jan","17,",2015,recap,Sat,2014,Nets,Wizards,home,90-99,0&0,5.5,190.0,-9,-3.5,-1.0,-2.2,1.2,L,L,U,"0
Jan","17,",2015,recap,Sat,2014,Wizards,Nets,away,99-90,0&0,-5.5,190.0,9,3.5,-1.0,1.2,-2.2,W,W,U,"0
Jan","17,",2015,recap,Sat,2014,Nuggets,Timberwolves,home,105-113,0&0,-11.5,211.5,-8,-19.5,6.5,-6.5,13.0,L,L,O,"0
Jan","17,",2015,recap,Sat,2014,Timberwolves,Nuggets,away,113-105,0&0,11.5,211.5,8,19.5,6.5,13.0,-6.5,W,W,O,"0
Jan","17,",2015,recap,Sat,2014,Pistons,Seventysixers,home,107-89,0&0,-13.0,195.0,18,5.0,1.0,3.0,-2.0,W,W,O,"0
Jan","17,",2015,recap,Sat,2014,Seventysixers,Pistons,away,89-107,0&0,13.0,195.0,-18,-5.0,1.0,-2.0,3.0,L,L,O,"0
Jan","17,",2015,recap,Sat,2014,Rockets,Warriors,home,106-131,1&0,-2.0,214.5,-25,-27.0,22.5,-2.2,24.8,L,L,O,"0
Jan","17,",2015,recap,Sat,2014,Warriors,Rockets,away,131-106,0&1,2.0,214.5,25,27.0,22.5,24.8,-2.2,W,W,O,0
