Date,Link,Day,Season,Team,Opp,Site,Final,Rest,Line,Total,SUm,ATSm,OUm,DPS,DPA,SUr,ATSr,OUr,"ot
Nov","07,",2015,recap,Sat,2015,Bucks,Nets,home,94-86,0&0,-6.5,192.5,8,1.5,-12.5,-5.5,-7.0,W,W,U,"0
Nov","07,",2015,recap,Sat,2015,Nets,Bucks,away,86-94,0&0,6.5,192.5,-8,-1.5,-12.5,-7.0,-5.5,L,L,U,"0
Nov","07,",2015,recap,Sat,2015,Bulls,Timberwolves,home,93-102,1&1,-9.0,200.5,-9,-18.0,-5.5,-11.8,6.2,L,L,U,"1
Nov","07,",2015,recap,Sat,2015,Timberwolves,Bulls,away,102-93,1&1,9.0,200.5,9,18.0,-5.5,6.2,-11.8,W,W,U,"1
Nov","07,",2015,recap,Sat,2015,Clippers,Rockets,home,105-109,2&0,-6.5,214.0,-4,-10.5,0.0,-5.2,5.2,L,L,P,"0
Nov","07,",2015,recap,Sat,2015,Rockets,Clippers,away,109-105,0&2,6.5,214.0,4,10.5,0.0,5.2,-5.2,W,W,P,"0
Nov","07,",2015,recap,Sat,2015,Hawks,Wizards,home,114-99,0&0,-5.0,206.0,15,10.0,7.0,8.5,-1.5,W,W,O,"0
Nov","07,",2015,recap,Sat,2015,Wizards,Hawks,away,99-114,0&0,5.0,206.0,-15,-10.0,7.0,-1.5,8.5,L,L,O,"0
Nov","07,",2015,recap,Sat,2015,Jazz,Grizzlies,home,89-79,1&1,-2.0,180.0,10,8.0,-12.0,-2.0,-10.0,W,W,U,"0
Nov","07,",2015,recap,Sat,2015,Grizzlies,Jazz,away,79-89,1&1,2.0,180.0,-10,-8.0,-12.0,-10.0,-2.0,L,L,U,"0
Nov","07,",2015,recap,Sat,2015,Kings,Warriors,home,94-103,0&0,13.0,220.5,-9,4.0,-23.5,-9.8,-13.8,L,W,U,"0
Nov","07,",2015,recap,Sat,2015,Warriors,Kings,away,103-94,0&0,-13.0,220.5,9,-4.0,-23.5,-13.8,-9.8,W,L,U,"0
Nov","07,",2015,recap,Sat,2015,Mavericks,Pelicans,home,107-98,1&0,-5.0,209.5,9,4.0,-4.5,-0.2,-4.2,W,W,U,"0
Nov","07,",2015,recap,Sat,2015,Pelicans,Mavericks,away,98-107,0&1,5.0,209.5,-9,-4.0,-4.5,-4.2,-0.2,L,L,U,"0
Nov","07,",2015,recap,Sat,2015,Seventysixers,Magic,home,97-105,0&0,4.0,192.0,-8,-4.0,10.0,3.0,7.0,L,L,O,"0
Nov","07,",2015,recap,Sat,2015,Magic,Seventysixers,away,105-97,0&0,-4.0,192.0,8,4.0,10.0,7.0,3.0,W,W,O,"0
Nov","07,",2015,recap,Sat,2015,Spurs,Hornets,home,114-94,2&1,-9.5,194.0,20,10.5,14.0,12.2,1.8,W,W,O,"0
Nov","07,",2015,recap,Sat,2015,Hornets,Spurs,away,94-114,1&2,9.5,194.0,-20,-10.5,14.0,1.8,12.2,L,L,O,0
