Date,Link,Day,Season,Team,Opp,Site,Final,Rest,Line,Total,SUm,ATSm,OUm,DPS,DPA,SUr,ATSr,OUr,"ot
Nov","29,",2015,recap,Sun,2015,Clippers,Timberwolves,home,107-99,1&1,-9.0,206.0,8,-1.0,0.0,-0.5,0.5,W,L,P,"0
Nov","29,",2015,recap,Sun,2015,Timberwolves,Clippers,away,99-107,1&1,9.0,206.0,-8,1.0,0.0,0.5,-0.5,L,W,P,"0
Nov","29,",2015,recap,Sun,2015,Grizzlies,Seventysixers,home,92-84,1&1,-12.5,193.0,8,-4.5,-17.0,-10.8,-6.2,W,L,U,"0
Nov","29,",2015,recap,Sun,2015,Seventysixers,Grizzlies,away,84-92,1&1,12.5,193.0,-8,4.5,-17.0,-6.2,-10.8,L,W,U,"0
Nov","29,",2015,recap,Sun,2015,Hornets,Bucks,home,87-82,1&1,-6.5,201.0,5,-1.5,-32.0,-16.8,-15.2,W,L,U,"0
Nov","29,",2015,recap,Sun,2015,Bucks,Hornets,away,82-87,1&1,6.5,201.0,-5,1.5,-32.0,-15.2,-16.8,L,W,U,"0
Nov","29,",2015,recap,Sun,2015,Knicks,Rockets,home,111-116,1&1,3.0,200.0,-5,-2.0,27.0,12.5,14.5,L,L,O,"1
Nov","29,",2015,recap,Sun,2015,Rockets,Knicks,away,116-111,1&1,-3.0,200.0,5,2.0,27.0,14.5,12.5,W,W,O,"1
Nov","29,",2015,recap,Sun,2015,Lakers,Pacers,home,103-107,0&1,10.0,202.0,-4,6.0,8.0,7.0,1.0,L,W,O,"0
Nov","29,",2015,recap,Sun,2015,Pacers,Lakers,away,107-103,1&0,-10.0,202.0,4,-6.0,8.0,1.0,7.0,W,L,O,"0
Nov","29,",2015,recap,Sun,2015,Magic,Celtics,home,110-91,1&1,1.5,202.0,19,20.5,-1.0,9.8,-10.8,W,W,U,"0
Nov","29,",2015,recap,Sun,2015,Celtics,Magic,away,91-110,1&1,-1.5,202.0,-19,-20.5,-1.0,-10.8,9.8,L,L,U,"0
Nov","29,",2015,recap,Sun,2015,Nets,Pistons,home,87-83,0&1,5.0,193.0,4,9.0,-23.0,-7.0,-16.0,W,W,U,"0
Nov","29,",2015,recap,Sun,2015,Pistons,Nets,away,83-87,1&0,-5.0,193.0,-4,-9.0,-23.0,-16.0,-7.0,L,L,U,"0
Nov","29,",2015,recap,Sun,2015,Raptors,Suns,home,102-107,0&1,-3.5,204.5,-5,-8.5,4.5,-2.0,6.5,L,L,O,"0
Nov","29,",2015,recap,Sun,2015,Suns,Raptors,away,107-102,1&0,3.5,204.5,5,8.5,4.5,6.5,-2.0,W,W,O,0
