Date,Link,Day,Season,Team,Opp,Site,Final,Rest,Line,Total,SUm,ATSm,OUm,DPS,DPA,SUr,ATSr,OUr,"ot
Mar","11,",2015,recap,Wed,2014,Bucks,Magic,home,97-91,1&0,-7.5,190.0,6,-1.5,-2.0,-1.8,-0.2,W,L,U,"0
Mar","11,",2015,recap,Wed,2014,Magic,Bucks,away,91-97,0&1,7.5,190.0,-6,1.5,-2.0,-0.2,-1.8,L,W,U,"0
Mar","11,",2015,recap,Wed,2014,Celtics,Grizzlies,home,95-92,1&1,5.5,190.0,3,8.5,-3.0,2.8,-5.8,W,W,U,"0
Mar","11,",2015,recap,Wed,2014,Grizzlies,Celtics,away,92-95,1&1,-5.5,190.0,-3,-8.5,-3.0,-5.8,2.8,L,L,U,"0
Mar","11,",2015,recap,Wed,2014,Heat,Nets,home,104-98,1&0,-4.0,200.0,6,2.0,2.0,2.0,0.0,W,W,O,"0
Mar","11,",2015,recap,Wed,2014,Nets,Heat,away,98-104,0&1,4.0,200.0,-6,-2.0,2.0,0.0,2.0,L,L,O,"0
Mar","11,",2015,recap,Wed,2014,Hornets,Kings,home,106-113,1&1,-7.5,205.0,-7,-14.5,14.0,-0.2,14.2,L,L,O,"0
Mar","11,",2015,recap,Wed,2014,Kings,Hornets,away,113-106,1&1,7.5,205.0,7,14.5,14.0,14.2,-0.2,W,W,O,"0
Mar","11,",2015,recap,Wed,2014,Nuggets,Hawks,home,115-102,1&1,6.5,208.5,13,19.5,8.5,14.0,-5.5,W,W,O,"0
Mar","11,",2015,recap,Wed,2014,Hawks,Nuggets,away,102-115,1&1,-6.5,208.5,-13,-19.5,8.5,-5.5,14.0,L,L,O,"0
Mar","11,",2015,recap,Wed,2014,Seventysixers,Bulls,home,95-104,3&1,6.5,189.0,-9,-2.5,10.0,3.8,6.2,L,L,O,"1
Mar","11,",2015,recap,Wed,2014,Bulls,Seventysixers,away,104-95,1&3,-6.5,189.0,9,2.5,10.0,6.2,3.8,W,W,O,"1
Mar","11,",2015,recap,Wed,2014,Suns,Timberwolves,home,106-97,1&1,-5.5,206.0,9,3.5,-3.0,0.2,-3.2,W,W,U,"0
Mar","11,",2015,recap,Wed,2014,Timberwolves,Suns,away,97-106,1&1,5.5,206.0,-9,-3.5,-3.0,-3.2,0.2,L,L,U,"0
Mar","11,",2015,recap,Wed,2014,Thunder,Clippers,home,108-120,2&1,-6.5,210.5,-12,-18.5,17.5,-0.5,18.0,L,L,O,"0
Mar","11,",2015,recap,Wed,2014,Clippers,Thunder,away,120-108,1&2,6.5,210.5,12,18.5,17.5,18.0,-0.5,W,W,O,"0
Mar","11,",2015,recap,Wed,2014,Trailblazers,Rockets,home,105-100,3&3,-2.5,205.5,5,2.5,-0.5,1.0,-1.5,W,W,U,"0
Mar","11,",2015,recap,Wed,2014,Rockets,Trailblazers,away,100-105,3&3,2.5,205.5,-5,-2.5,-0.5,-1.5,1.0,L,L,U,"0
Mar","11,",2015,recap,Wed,2014,Warriors,Pistons,home,105-98,1&0,-14.0,204.0,7,-7.0,-1.0,-4.0,3.0,W,L,U,"0
Mar","11,",2015,recap,Wed,2014,Pistons,Warriors,away,98-105,0&1,14.0,204.0,-7,7.0,-1.0,3.0,-4.0,L,W,U,0
