Date,Link,Day,Season,Team,Opp,Site,Final,Rest,Line,Total,SUm,ATSm,OUm,DPS,DPA,SUr,ATSr,OUr,"ot
Mar","04,",2015,recap,Wed,2014,Celtics,Jazz,home,85-84,0&0,-1.0,192.5,1,0.0,-23.5,-11.8,-11.8,W,P,U,"0
Mar","04,",2015,recap,Wed,2014,Jazz,Celtics,away,84-85,0&0,1.0,192.5,-1,0.0,-23.5,-11.8,-11.8,L,P,U,"0
Mar","04,",2015,recap,Wed,2014,Clippers,Trailblazers,home,93-98,1&2,0.0,205.0,-5,-5.0,-14.0,-9.5,-4.5,L,L,U,"1
Mar","04,",2015,recap,Wed,2014,Trailblazers,Clippers,away,98-93,2&1,-0.0,205.0,5,5.0,-14.0,-4.5,-9.5,W,W,U,"1
Mar","04,",2015,recap,Wed,2014,Heat,Lakers,home,100-94,1&0,-9.0,200.5,6,-3.0,-6.5,-4.8,-1.8,W,L,U,"0
Mar","04,",2015,recap,Wed,2014,Lakers,Heat,away,94-100,0&1,9.0,200.5,-6,3.0,-6.5,-1.8,-4.8,L,W,U,"0
Mar","04,",2015,recap,Wed,2014,Magic,Suns,home,100-105,2&1,4.5,201.5,-5,-0.5,3.5,1.5,2.0,L,L,O,"0
Mar","04,",2015,recap,Wed,2014,Suns,Magic,away,105-100,1&2,-4.5,201.5,5,0.5,3.5,2.0,1.5,W,W,O,"0
Mar","04,",2015,recap,Wed,2014,Nets,Hornets,home,91-115,1&0,-5.5,194.0,-24,-29.5,12.0,-8.8,20.8,L,L,O,"0
Mar","04,",2015,recap,Wed,2014,Hornets,Nets,away,115-91,0&1,5.5,194.0,24,29.5,12.0,20.8,-8.8,W,W,O,"0
Mar","04,",2015,recap,Wed,2014,Pacers,Knicks,home,105-82,2&0,-13.5,189.0,23,9.5,-2.0,3.8,-5.8,W,W,U,"0
Mar","04,",2015,recap,Wed,2014,Knicks,Pacers,away,82-105,0&2,13.5,189.0,-23,-9.5,-2.0,-5.8,3.8,L,L,U,"0
Mar","04,",2015,recap,Wed,2014,Pelicans,Pistons,home,88-85,1&3,-4.5,195.0,3,-1.5,-22.0,-11.8,-10.2,W,L,U,"0
Mar","04,",2015,recap,Wed,2014,Pistons,Pelicans,away,85-88,3&1,4.5,195.0,-3,1.5,-22.0,-10.2,-11.8,L,W,U,"0
Mar","04,",2015,recap,Wed,2014,Raptors,Cavaliers,home,112-120,1&0,5.0,204.5,-8,-3.0,27.5,12.2,15.2,L,L,O,"0
Mar","04,",2015,recap,Wed,2014,Cavaliers,Raptors,away,120-112,0&1,-5.0,204.5,8,3.0,27.5,15.2,12.2,W,W,O,"0
Mar","04,",2015,recap,Wed,2014,Rockets,Grizzlies,home,100-102,0&0,-3.0,197.0,-2,-5.0,5.0,0.0,5.0,L,L,O,"0
Mar","04,",2015,recap,Wed,2014,Grizzlies,Rockets,away,102-100,0&0,3.0,197.0,2,5.0,5.0,5.0,0.0,W,W,O,"0
Mar","04,",2015,recap,Wed,2014,Spurs,Kings,home,112-85,3&0,-11.0,205.0,27,16.0,-8.0,4.0,-12.0,W,W,U,"0
Mar","04,",2015,recap,Wed,2014,Kings,Spurs,away,85-112,0&3,11.0,205.0,-27,-16.0,-8.0,-12.0,4.0,L,L,U,"0
Mar","04,",2015,recap,Wed,2014,Thunder,Seventysixers,home,123-118,2&1,-14.0,202.5,5,-9.0,38.5,14.8,23.8,W,L,O,"1
Mar","04,",2015,recap,Wed,2014,Seventysixers,Thunder,away,118-123,1&2,14.0,202.5,-5,9.0,38.5,23.8,14.8,L,W,O,"1
Mar","04,",2015,recap,Wed,2014,Timberwolves,Nuggets,home,85-100,1&0,-6.0,208.0,-15,-21.0,-23.0,-22.0,-1.0,L,L,U,"0
Mar","04,",2015,recap,Wed,2014,Nuggets,Timberwolves,away,100-85,0&1,6.0,208.0,15,21.0,-23.0,-1.0,-22.0,W,W,U,"0
Mar","04,",2015,recap,Wed,2014,Warriors,Bucks,home,102-93,1&0,-13.5,202.0,9,-4.5,-7.0,-5.8,-1.2,W,L,U,"0
Mar","04,",2015,recap,Wed,2014,Bucks,Warriors,away,93-102,0&1,13.5,202.0,-9,4.5,-7.0,-1.2,-5.8,L,W,U,0
