Date,Link,Day,Season,Team,Opp,Site,Final,Rest,Line,Total,SUm,ATSm,OUm,DPS,DPA,SUr,ATSr,OUr,"ot
Jan","22,",2015,recap,Thu,2014,Bucks,Jazz,home,99-101,2&0,-7.5,185.5,-2,-9.5,14.5,2.5,12.0,L,L,O,"0
Jan","22,",2015,recap,Thu,2014,Jazz,Bucks,away,101-99,0&2,7.5,185.5,2,9.5,14.5,12.0,2.5,W,W,O,"0
Jan","22,",2015,recap,Thu,2014,Bulls,Spurs,home,104-81,2&1,5.5,196.5,23,28.5,-11.5,8.5,-20.0,W,W,U,"0
Jan","22,",2015,recap,Thu,2014,Spurs,Bulls,away,81-104,1&2,-5.5,196.5,-23,-28.5,-11.5,-20.0,8.5,L,L,U,"0
Jan","22,",2015,recap,Thu,2014,Clippers,Nets,home,123-84,2&0,-13.5,202.5,39,25.5,4.5,15.0,-10.5,W,W,O,"0
Jan","22,",2015,recap,Thu,2014,Nets,Clippers,away,84-123,0&2,13.5,202.5,-39,-25.5,4.5,-10.5,15.0,L,L,O,"0
Jan","22,",2015,recap,Thu,2014,Trailblazers,Celtics,home,89-90,0&2,-7.0,203.5,-1,-8.0,-24.5,-16.2,-8.2,L,L,U,"0
Jan","22,",2015,recap,Thu,2014,Celtics,Trailblazers,away,90-89,2&0,7.0,203.5,1,8.0,-24.5,-8.2,-16.2,W,W,U,0
