Date,Link,Day,Season,Team,Opp,Site,Final,Rest,Line,Total,SUm,ATSm,OUm,DPS,DPA,SUr,ATSr,OUr,"ot
Dec","17,",2015,recap,Thu,2015,Cavaliers,Thunder,home,104-100,1&0,-3.0,204.0,4,1.0,0.0,0.5,-0.5,W,W,P,"0
Dec","17,",2015,recap,Thu,2015,Thunder,Cavaliers,away,100-104,0&1,3.0,204.0,-4,-1.0,0.0,-0.5,0.5,L,L,P,"0
Dec","17,",2015,recap,Thu,2015,Hornets,Raptors,home,109-99,0&2,1.0,195.5,10,11.0,12.5,11.8,0.8,W,W,O,"1
Dec","17,",2015,recap,Thu,2015,Raptors,Hornets,away,99-109,2&0,-1.0,195.5,-10,-11.0,12.5,0.8,11.8,L,L,O,"1
Dec","17,",2015,recap,Thu,2015,Lakers,Rockets,home,87-107,1&1,6.0,215.0,-20,-14.0,-21.0,-17.5,-3.5,L,L,U,"0
Dec","17,",2015,recap,Thu,2015,Rockets,Lakers,away,107-87,1&1,-6.0,215.0,20,14.0,-21.0,-3.5,-17.5,W,W,U,0
