Date,Link,Day,Season,Team,Opp,Site,Final,Rest,Line,Total,SUm,ATSm,OUm,DPS,DPA,SUr,ATSr,OUr,"ot
Dec","01,",2015,recap,Tue,2015,Cavaliers,Wizards,home,85-97,2&2,-8.5,203.0,-12,-20.5,-21.0,-20.8,-0.2,L,L,U,"0
Dec","01,",2015,recap,Tue,2015,Wizards,Cavaliers,away,97-85,2&2,8.5,203.0,12,20.5,-21.0,-0.2,-20.8,W,W,U,"0
Dec","01,",2015,recap,Tue,2015,Nets,Suns,home,94-91,1&1,3.0,207.0,3,6.0,-22.0,-8.0,-14.0,W,W,U,"0
Dec","01,",2015,recap,Tue,2015,Suns,Nets,away,91-94,1&1,-3.0,207.0,-3,-6.0,-22.0,-14.0,-8.0,L,L,U,"0
Dec","01,",2015,recap,Tue,2015,Pelicans,Grizzlies,home,104-113,2&1,0.0,201.0,-9,-9.0,16.0,3.5,12.5,L,L,O,"0
Dec","01,",2015,recap,Tue,2015,Grizzlies,Pelicans,away,113-104,1&2,0.0,201.0,9,9.0,16.0,12.5,3.5,W,W,O,"0
Dec","01,",2015,recap,Tue,2015,Seventysixers,Lakers,home,103-91,1&1,-1.5,195.5,12,10.5,-1.5,4.5,-6.0,W,W,U,"0
Dec","01,",2015,recap,Tue,2015,Lakers,Seventysixers,away,91-103,1&1,1.5,195.5,-12,-10.5,-1.5,-6.0,4.5,L,L,U,"0
Dec","01,",2015,recap,Tue,2015,Timberwolves,Magic,home,93-96,1&1,-1.5,202.0,-3,-4.5,-13.0,-8.8,-4.2,L,L,U,"0
Dec","01,",2015,recap,Tue,2015,Magic,Timberwolves,away,96-93,1&1,1.5,202.0,3,4.5,-13.0,-4.2,-8.8,W,W,U,"0
Dec","01,",2015,recap,Tue,2015,Trailblazers,Mavericks,home,112-115,0&0,0.0,201.0,-3,-3.0,26.0,11.5,14.5,L,L,O,"1
Dec","01,",2015,recap,Tue,2015,Mavericks,Trailblazers,away,115-112,0&0,-0.0,201.0,3,3.0,26.0,14.5,11.5,W,W,O,1
