Date,Link,Day,Season,Team,Opp,Site,Final,Rest,Line,Total,SUm,ATSm,OUm,DPS,DPA,SUr,ATSr,OUr,"ot
Feb","28,",2015,recap,Sat,2014,Heat,Hawks,home,91-93,0&0,3.5,198.0,-2,1.5,-14.0,-6.2,-7.8,L,W,U,"0
Feb","28,",2015,recap,Sat,2014,Hawks,Heat,away,93-91,0&0,-3.5,198.0,2,-1.5,-14.0,-7.8,-6.2,W,L,U,"0
Feb","28,",2015,recap,Sat,2014,Jazz,Bucks,home,82-75,0&0,-3.5,183.0,7,3.5,-26.0,-11.2,-14.8,W,W,U,"0
Feb","28,",2015,recap,Sat,2014,Bucks,Jazz,away,75-82,0&0,3.5,183.0,-7,-3.5,-26.0,-14.8,-11.2,L,L,U,"0
Feb","28,",2015,recap,Sat,2014,Knicks,Raptors,home,103-98,0&0,11.5,195.0,5,16.5,6.0,11.2,-5.2,W,W,O,"0
Feb","28,",2015,recap,Sat,2014,Raptors,Knicks,away,98-103,0&0,-11.5,195.0,-5,-16.5,6.0,-5.2,11.2,L,L,O,"0
Feb","28,",2015,recap,Sat,2014,Mavericks,Nets,home,94-104,2&0,-8.5,200.0,-10,-18.5,-2.0,-10.2,8.2,L,L,U,"0
Feb","28,",2015,recap,Sat,2014,Nets,Mavericks,away,104-94,0&2,8.5,200.0,10,18.5,-2.0,8.2,-10.2,W,W,U,"0
Feb","28,",2015,recap,Sat,2014,Suns,Spurs,home,74-101,1&0,0.0,207.0,-27,-27.0,-32.0,-29.5,-2.5,L,L,U,"0
Feb","28,",2015,recap,Sat,2014,Spurs,Suns,away,101-74,0&1,0.0,207.0,27,27.0,-32.0,-2.5,-29.5,W,W,U,"0
Feb","28,",2015,recap,Sat,2014,Timberwolves,Grizzlies,home,97-101,0&0,5.5,192.0,-4,1.5,6.0,3.8,2.2,L,W,O,"0
Feb","28,",2015,recap,Sat,2014,Grizzlies,Timberwolves,away,101-97,0&0,-5.5,192.0,4,-1.5,6.0,2.2,3.8,W,L,O,"0
Feb","28,",2015,recap,Sat,2014,Wizards,Pistons,home,99-95,0&0,-4.0,194.0,4,0.0,0.0,0.0,0.0,W,P,P,"0
Feb","28,",2015,recap,Sat,2014,Pistons,Wizards,away,95-99,0&0,4.0,194.0,-4,0.0,0.0,0.0,0.0,L,P,P,0
