Date,Link,Day,Season,Team,Opp,Site,Final,Rest,Line,Total,SUm,ATSm,OUm,DPS,DPA,SUr,ATSr,OUr,"ot
Mar","14,",2015,recap,Sat,2014,Grizzlies,Bucks,home,96-83,1&1,-6.5,184.0,13,6.5,-5.0,0.8,-5.8,W,W,U,"0
Mar","14,",2015,recap,Sat,2014,Bucks,Grizzlies,away,83-96,1&1,6.5,184.0,-13,-6.5,-5.0,-5.8,0.8,L,L,U,"0
Mar","14,",2015,recap,Sat,2014,Jazz,Pistons,home,88-85,1&0,-8.0,184.5,3,-5.0,-11.5,-8.2,-3.2,W,L,U,"0
Mar","14,",2015,recap,Sat,2014,Pistons,Jazz,away,85-88,0&1,8.0,184.5,-3,5.0,-11.5,-3.2,-8.2,L,W,U,"0
Mar","14,",2015,recap,Sat,2014,Pacers,Celtics,home,89-93,1&0,-8.5,193.0,-4,-12.5,-11.0,-11.8,0.8,L,L,U,"0
Mar","14,",2015,recap,Sat,2014,Celtics,Pacers,away,93-89,0&1,8.5,193.0,4,12.5,-11.0,0.8,-11.8,W,W,U,"0
Mar","14,",2015,recap,Sat,2014,Seventysixers,Nets,home,87-94,0&2,6.5,195.0,-7,-0.5,-14.0,-7.2,-6.8,L,L,U,"0
Mar","14,",2015,recap,Sat,2014,Nets,Seventysixers,away,94-87,2&0,-6.5,195.0,7,0.5,-14.0,-6.8,-7.2,W,W,U,"0
Mar","14,",2015,recap,Sat,2014,Warriors,Knicks,home,125-94,0&1,-19.5,201.5,31,11.5,17.5,14.5,3.0,W,W,O,"0
Mar","14,",2015,recap,Sat,2014,Knicks,Warriors,away,94-125,1&0,19.5,201.5,-31,-11.5,17.5,3.0,14.5,L,L,O,"0
Mar","14,",2015,recap,Sat,2014,Wizards,Kings,home,113-97,1&0,-10.0,210.0,16,6.0,0.0,3.0,-3.0,W,W,P,"0
Mar","14,",2015,recap,Sat,2014,Kings,Wizards,away,97-113,0&1,10.0,210.0,-16,-6.0,0.0,-3.0,3.0,L,L,P,0
