Date,Link,Day,Season,Team,Opp,Site,Final,Rest,Line,Total,SUm,ATSm,OUm,DPS,DPA,SUr,ATSr,OUr,"ot
Oct","30,",2015,recap,Fri,2015,Bucks,Wizards,home,113-118,1&1,2.0,200.5,-5,-3.0,30.5,13.8,16.8,L,L,O,"0
Oct","30,",2015,recap,Fri,2015,Wizards,Bucks,away,118-113,1&1,-2.0,200.5,5,3.0,30.5,16.8,13.8,W,W,O,"0
Oct","30,",2015,recap,Fri,2015,Cavaliers,Heat,home,102-92,1&1,-5.5,199.5,10,4.5,-5.5,-0.5,-5.0,W,W,U,"0
Oct","30,",2015,recap,Fri,2015,Heat,Cavaliers,away,92-102,1&1,5.5,199.5,-10,-4.5,-5.5,-5.0,-0.5,L,L,U,"0
Oct","30,",2015,recap,Fri,2015,Celtics,Raptors,home,103-113,1&1,-2.0,202.5,-10,-12.0,13.5,0.8,12.8,L,L,O,"0
Oct","30,",2015,recap,Fri,2015,Raptors,Celtics,away,113-103,1&1,2.0,202.5,10,12.0,13.5,12.8,0.8,W,W,O,"0
Oct","30,",2015,recap,Fri,2015,Hawks,Hornets,home,97-94,0&1,-4.0,194.0,3,-1.0,-3.0,-2.0,-1.0,W,L,U,"0
Oct","30,",2015,recap,Fri,2015,Hornets,Hawks,away,94-97,1&0,4.0,194.0,-3,1.0,-3.0,-1.0,-2.0,L,W,U,"0
Oct","30,",2015,recap,Fri,2015,Kings,Lakers,home,132-114,1&1,-7.0,211.0,18,11.0,35.0,23.0,12.0,W,W,O,"0
Oct","30,",2015,recap,Fri,2015,Lakers,Kings,away,114-132,1&1,7.0,211.0,-18,-11.0,35.0,12.0,23.0,L,L,O,"0
Oct","30,",2015,recap,Fri,2015,Magic,Thunder,home,136-139,1&1,7.5,207.0,-3,4.5,68.0,36.2,31.8,L,W,O,"2
Oct","30,",2015,recap,Fri,2015,Thunder,Magic,away,139-136,1&1,-7.5,207.0,3,-4.5,68.0,31.8,36.2,W,L,O,"2
Oct","30,",2015,recap,Fri,2015,Nuggets,Timberwolves,home,78-95,1&1,-3.5,205.0,-17,-20.5,-32.0,-26.2,-5.8,L,L,U,"0
Oct","30,",2015,recap,Fri,2015,Timberwolves,Nuggets,away,95-78,1&1,3.5,205.0,17,20.5,-32.0,-5.8,-26.2,W,W,U,"0
Oct","30,",2015,recap,Fri,2015,Pistons,Bulls,home,98-94,1&1,2.5,202.5,4,6.5,-10.5,-2.0,-8.5,W,W,U,"1
Oct","30,",2015,recap,Fri,2015,Bulls,Pistons,away,94-98,1&1,-2.5,202.5,-4,-6.5,-10.5,-8.5,-2.0,L,L,U,"1
Oct","30,",2015,recap,Fri,2015,Rockets,Warriors,home,92-112,1&2,1.0,215.5,-20,-19.0,-11.5,-15.2,3.8,L,L,U,"0
Oct","30,",2015,recap,Fri,2015,Warriors,Rockets,away,112-92,2&1,-1.0,215.5,20,19.0,-11.5,3.8,-15.2,W,W,U,"0
Oct","30,",2015,recap,Fri,2015,Seventysixers,Jazz,home,71-99,1&1,7.5,186.5,-28,-20.5,-16.5,-18.5,2.0,L,L,U,"0
Oct","30,",2015,recap,Fri,2015,Jazz,Seventysixers,away,99-71,1&1,-7.5,186.5,28,20.5,-16.5,2.0,-18.5,W,W,U,"0
Oct","30,",2015,recap,Fri,2015,Spurs,Nets,home,102-75,1&1,-14.0,201.5,27,13.0,-24.5,-5.8,-18.8,W,W,U,"0
Oct","30,",2015,recap,Fri,2015,Nets,Spurs,away,75-102,1&1,14.0,201.5,-27,-13.0,-24.5,-18.8,-5.8,L,L,U,"0
Oct","30,",2015,recap,Fri,2015,Suns,Trailblazers,home,110-92,1&1,-4.5,204.0,18,13.5,-2.0,5.8,-7.8,W,W,U,"0
Oct","30,",2015,recap,Fri,2015,Trailblazers,Suns,away,92-110,1&1,4.5,204.0,-18,-13.5,-2.0,-7.8,5.8,L,L,U,0
