Date,Link,Day,Season,Team,Opp,Site,Final,Rest,Line,Total,SUm,ATSm,OUm,DPS,DPA,SUr,ATSr,OUr,"ot
Nov","02,",2015,recap,Mon,2015,Clippers,Suns,home,102-96,1&1,-9.0,209.5,6,-3.0,-11.5,-7.2,-4.2,W,L,U,"0
Nov","02,",2015,recap,Mon,2015,Suns,Clippers,away,96-102,1&1,9.0,209.5,-6,3.0,-11.5,-4.2,-7.2,L,W,U,"0
Nov","02,",2015,recap,Mon,2015,Knicks,Spurs,home,84-94,1&0,7.5,202.5,-10,-2.5,-24.5,-13.5,-11.0,L,L,U,"0
Nov","02,",2015,recap,Mon,2015,Spurs,Knicks,away,94-84,0&1,-7.5,202.5,10,2.5,-24.5,-11.0,-13.5,W,W,U,"0
Nov","02,",2015,recap,Mon,2015,Nets,Bucks,home,96-103,1&0,1.0,196.5,-7,-6.0,2.5,-1.8,4.2,L,L,O,"0
Nov","02,",2015,recap,Mon,2015,Bucks,Nets,away,103-96,0&1,-1.0,196.5,7,6.0,2.5,4.2,-1.8,W,W,O,"0
Nov","02,",2015,recap,Mon,2015,Rockets,Thunder,home,110-105,0&0,3.5,216.0,5,8.5,-1.0,3.8,-4.8,W,W,U,"0
Nov","02,",2015,recap,Mon,2015,Thunder,Rockets,away,105-110,0&0,-3.5,216.0,-5,-8.5,-1.0,-4.8,3.8,L,L,U,"0
Nov","02,",2015,recap,Mon,2015,Seventysixers,Cavaliers,home,100-107,2&2,12.5,195.0,-7,5.5,12.0,8.8,3.2,L,W,O,"0
Nov","02,",2015,recap,Mon,2015,Cavaliers,Seventysixers,away,107-100,2&2,-12.5,195.0,7,-5.5,12.0,3.2,8.8,W,L,O,"0
Nov","02,",2015,recap,Mon,2015,Timberwolves,Trailblazers,home,101-106,2&1,-4.0,205.5,-5,-9.0,1.5,-3.8,5.2,L,L,O,"0
Nov","02,",2015,recap,Mon,2015,Trailblazers,Timberwolves,away,106-101,1&2,4.0,205.5,5,9.0,1.5,5.2,-3.8,W,W,O,"0
Nov","02,",2015,recap,Mon,2015,Warriors,Grizzlies,home,119-69,1&1,-9.0,203.5,50,41.0,-15.5,12.8,-28.2,W,W,U,"0
Nov","02,",2015,recap,Mon,2015,Grizzlies,Warriors,away,69-119,1&1,9.0,203.5,-50,-41.0,-15.5,-28.2,12.8,L,L,U,0
