Date,Link,Day,Season,Team,Opp,Site,Final,Rest,Line,Total,SUm,ATSm,OUm,DPS,DPA,SUr,ATSr,OUr,"ot
Feb","26,",2015,recap,Thu,2014,Cavaliers,Warriors,home,110-99,1&1,-3.5,215.5,11,7.5,-6.5,0.5,-7.0,W,W,U,"0
Feb","26,",2015,recap,Thu,2014,Warriors,Cavaliers,away,99-110,1&1,3.5,215.5,-11,-7.5,-6.5,-7.0,0.5,L,L,U,"0
Feb","26,",2015,recap,Thu,2014,Suns,Thunder,home,117-113,0&1,4.5,217.0,4,8.5,13.0,10.8,2.2,W,W,O,"1
Feb","26,",2015,recap,Thu,2014,Thunder,Suns,away,113-117,1&0,-4.5,217.0,-4,-8.5,13.0,2.2,10.8,L,L,O,1
