Date,Link,Day,Season,Team,Opp,Site,Final,Rest,Line,Total,SUm,ATSm,OUm,DPS,DPA,SUr,ATSr,OUr,"ot
Mar","16,",2015,recap,Mon,2014,Celtics,Seventysixers,home,108-89,1&1,-9.0,195.0,19,10.0,2.0,6.0,-4.0,W,W,O,"0
Mar","16,",2015,recap,Mon,2014,Seventysixers,Celtics,away,89-108,1&1,9.0,195.0,-19,-10.0,2.0,-4.0,6.0,L,L,O,"0
Mar","16,",2015,recap,Mon,2014,Grizzlies,Nuggets,home,92-81,1&0,-11.0,196.0,11,0.0,-23.0,-11.5,-11.5,W,P,U,"0
Mar","16,",2015,recap,Mon,2014,Nuggets,Grizzlies,away,81-92,0&1,11.0,196.0,-11,0.0,-23.0,-11.5,-11.5,L,P,U,"0
Mar","16,",2015,recap,Mon,2014,Heat,Cavaliers,home,106-92,2&0,4.5,201.5,14,18.5,-3.5,7.5,-11.0,W,W,U,"0
Mar","16,",2015,recap,Mon,2014,Cavaliers,Heat,away,92-106,0&2,-4.5,201.5,-14,-18.5,-3.5,-11.0,7.5,L,L,U,"0
Mar","16,",2015,recap,Mon,2014,Jazz,Hornets,home,94-66,1&2,-4.5,180.0,28,23.5,-20.0,1.8,-21.8,W,W,U,"0
Mar","16,",2015,recap,Mon,2014,Hornets,Jazz,away,66-94,2&1,4.5,180.0,-28,-23.5,-20.0,-21.8,1.8,L,L,U,"0
Mar","16,",2015,recap,Mon,2014,Kings,Hawks,home,103-110,1&0,5.0,209.5,-7,-2.0,3.5,0.8,2.8,L,L,O,"0
Mar","16,",2015,recap,Mon,2014,Hawks,Kings,away,110-103,0&1,-5.0,209.5,7,2.0,3.5,2.8,0.8,W,W,O,"0
Mar","16,",2015,recap,Mon,2014,Mavericks,Thunder,home,119-115,2&0,-5.0,214.5,4,-1.0,19.5,9.2,10.2,W,L,O,"0
Mar","16,",2015,recap,Mon,2014,Thunder,Mavericks,away,115-119,0&2,5.0,214.5,-4,1.0,19.5,10.2,9.2,L,W,O,"0
Mar","16,",2015,recap,Mon,2014,Pacers,Raptors,home,98-117,1&0,-5.0,197.5,-19,-24.0,17.5,-3.2,20.8,L,L,O,"0
Mar","16,",2015,recap,Mon,2014,Raptors,Pacers,away,117-98,0&1,5.0,197.5,19,24.0,17.5,20.8,-3.2,W,W,O,"0
Mar","16,",2015,recap,Mon,2014,Timberwolves,Nets,home,106-122,0&1,4.5,199.0,-16,-11.5,29.0,8.8,20.2,L,L,O,"0
Mar","16,",2015,recap,Mon,2014,Nets,Timberwolves,away,122-106,1&0,-4.5,199.0,16,11.5,29.0,20.2,8.8,W,W,O,"0
Mar","16,",2015,recap,Mon,2014,Warriors,Lakers,home,108-105,1&0,-18.0,208.0,3,-15.0,5.0,-5.0,10.0,W,L,O,"0
Mar","16,",2015,recap,Mon,2014,Lakers,Warriors,away,105-108,0&1,18.0,208.0,-3,15.0,5.0,10.0,-5.0,L,W,O,"0
Mar","16,",2015,recap,Mon,2014,Wizards,Trailblazers,home,105-97,1&0,-1.5,198.5,8,6.5,3.5,5.0,-1.5,W,W,O,"0
Mar","16,",2015,recap,Mon,2014,Trailblazers,Wizards,away,97-105,0&1,1.5,198.5,-8,-6.5,3.5,-1.5,5.0,L,L,O,0
