Date,Link,Day,Season,Team,Opp,Site,Final,Rest,Line,Total,SUm,ATSm,OUm,DPS,DPA,SUr,ATSr,OUr,"ot
Mar","22,",2015,recap,Sun,2014,Bucks,Cavaliers,home,90-108,1&1,8.0,196.5,-18,-10.0,1.5,-4.2,5.8,L,L,O,"0
Mar","22,",2015,recap,Sun,2014,Cavaliers,Bucks,away,108-90,1&1,-8.0,196.5,18,10.0,1.5,5.8,-4.2,W,W,O,"0
Mar","22,",2015,recap,Sun,2014,Celtics,Pistons,home,97-105,1&0,-5.5,196.5,-8,-13.5,5.5,-4.0,9.5,L,L,O,"1
Mar","22,",2015,recap,Sun,2014,Pistons,Celtics,away,105-97,0&1,5.5,196.5,8,13.5,5.5,9.5,-4.0,W,W,O,"1
Mar","22,",2015,recap,Sun,2014,Clippers,Pelicans,home,107-100,1&1,-9.0,201.0,7,-2.0,6.0,2.0,4.0,W,L,O,"0
Mar","22,",2015,recap,Sun,2014,Pelicans,Clippers,away,100-107,1&1,9.0,201.0,-7,2.0,6.0,4.0,2.0,L,W,O,"0
Mar","22,",2015,recap,Sun,2014,Hawks,Spurs,home,95-114,1&1,-1.5,202.5,-19,-20.5,6.5,-7.0,13.5,L,L,O,"0
Mar","22,",2015,recap,Sun,2014,Spurs,Hawks,away,114-95,1&1,1.5,202.5,19,20.5,6.5,13.5,-7.0,W,W,O,"0
Mar","22,",2015,recap,Sun,2014,Kings,Wizards,home,109-86,1&1,3.5,207.5,23,26.5,-12.5,7.0,-19.5,W,W,U,"0
Mar","22,",2015,recap,Sun,2014,Wizards,Kings,away,86-109,1&1,-3.5,207.5,-23,-26.5,-12.5,-19.5,7.0,L,L,U,"0
Mar","22,",2015,recap,Sun,2014,Lakers,Seventysixers,home,101-87,2&1,-4.5,194.5,14,9.5,-6.5,1.5,-8.0,W,W,U,"0
Mar","22,",2015,recap,Sun,2014,Seventysixers,Lakers,away,87-101,1&2,4.5,194.5,-14,-9.5,-6.5,-8.0,1.5,L,L,U,"0
Mar","22,",2015,recap,Sun,2014,Magic,Nuggets,home,100-119,1&1,0.0,207.0,-19,-19.0,12.0,-3.5,15.5,L,L,O,"0
Mar","22,",2015,recap,Sun,2014,Nuggets,Magic,away,119-100,1&1,0.0,207.0,19,19.0,12.0,15.5,-3.5,W,W,O,"0
Mar","22,",2015,recap,Sun,2014,Raptors,Knicks,home,106-89,1&1,-12.5,196.0,17,4.5,-1.0,1.8,-2.8,W,W,U,"0
Mar","22,",2015,recap,Sun,2014,Knicks,Raptors,away,89-106,1&1,12.5,196.0,-17,-4.5,-1.0,-2.8,1.8,L,L,U,"0
Mar","22,",2015,recap,Sun,2014,Suns,Mavericks,home,98-92,0&1,4.0,205.5,6,10.0,-15.5,-2.8,-12.8,W,W,U,"0
Mar","22,",2015,recap,Sun,2014,Mavericks,Suns,away,92-98,1&0,-4.0,205.5,-6,-10.0,-15.5,-12.8,-2.8,L,L,U,"0
Mar","22,",2015,recap,Sun,2014,Thunder,Heat,home,93-75,1&1,-3.5,212.5,18,14.5,-44.5,-15.0,-29.5,W,W,U,"0
Mar","22,",2015,recap,Sun,2014,Heat,Thunder,away,75-93,1&1,3.5,212.5,-18,-14.5,-44.5,-29.5,-15.0,L,L,U,"0
Mar","22,",2015,recap,Sun,2014,Timberwolves,Hornets,home,98-109,2&1,5.5,200.0,-11,-5.5,7.0,0.8,6.2,L,L,O,"0
Mar","22,",2015,recap,Sun,2014,Hornets,Timberwolves,away,109-98,1&2,-5.5,200.0,11,5.5,7.0,6.2,0.8,W,W,O,0
