Date,Link,Day,Season,Team,Opp,Site,Final,Rest,Line,Total,SUm,ATSm,OUm,DPS,DPA,SUr,ATSr,OUr,"ot
Apr","09,",2015,recap,Thu,2014,Heat,Bulls,home,78-89,1&0,0.0,192.0,-11,-11.0,-25.0,-18.0,-7.0,L,L,U,"0
Apr","09,",2015,recap,Thu,2014,Bulls,Heat,away,89-78,0&1,0.0,192.0,11,11.0,-25.0,-7.0,-18.0,W,W,U,"0
Apr","09,",2015,recap,Thu,2014,Warriors,Trailblazers,home,116-105,1&0,-10.5,210.5,11,0.5,10.5,5.5,5.0,W,W,O,"0
Apr","09,",2015,recap,Thu,2014,Trailblazers,Warriors,away,105-116,0&1,10.5,210.5,-11,-0.5,10.5,5.0,5.5,L,L,O,0
