Date,Link,Day,Season,Team,Opp,Site,Final,Rest,Line,Total,SUm,ATSm,OUm,DPS,DPA,SUr,ATSr,OUr,"ot
Jan","13,",2015,recap,Tue,2014,Jazz,Warriors,home,105-116,2&3,8.0,203.0,-11,-3.0,18.0,7.5,10.5,L,L,O,"0
Jan","13,",2015,recap,Tue,2014,Warriors,Jazz,away,116-105,3&2,-8.0,203.0,11,3.0,18.0,10.5,7.5,W,W,O,"0
Jan","13,",2015,recap,Tue,2014,Kings,Mavericks,home,104-108,1&2,5.0,213.0,-4,1.0,-1.0,0.0,-1.0,L,W,U,"1
Jan","13,",2015,recap,Tue,2014,Mavericks,Kings,away,108-104,2&1,-5.0,213.0,4,-1.0,-1.0,-1.0,0.0,W,L,U,"1
Jan","13,",2015,recap,Tue,2014,Lakers,Heat,home,75-78,1&1,1.5,197.0,-3,-1.5,-44.0,-22.8,-21.2,L,L,U,"0
Jan","13,",2015,recap,Tue,2014,Heat,Lakers,away,78-75,1&1,-1.5,197.0,3,1.5,-44.0,-21.2,-22.8,W,W,U,"0
Jan","13,",2015,recap,Tue,2014,Pacers,Timberwolves,home,101-110,2&2,-10.5,195.5,-9,-19.5,15.5,-2.0,17.5,L,L,O,"0
Jan","13,",2015,recap,Tue,2014,Timberwolves,Pacers,away,110-101,2&2,10.5,195.5,9,19.5,15.5,17.5,-2.0,W,W,O,"0
Jan","13,",2015,recap,Tue,2014,Seventysixers,Hawks,home,87-105,2&1,11.5,195.5,-18,-6.5,-3.5,-5.0,1.5,L,L,U,"0
Jan","13,",2015,recap,Tue,2014,Hawks,Seventysixers,away,105-87,1&2,-11.5,195.5,18,6.5,-3.5,1.5,-5.0,W,W,U,"0
Jan","13,",2015,recap,Tue,2014,Suns,Cavaliers,home,107-100,1&1,-5.0,212.0,7,2.0,-5.0,-1.5,-3.5,W,W,U,"0
Jan","13,",2015,recap,Tue,2014,Cavaliers,Suns,away,100-107,1&1,5.0,212.0,-7,-2.0,-5.0,-3.5,-1.5,L,L,U,"0
Jan","13,",2015,recap,Tue,2014,Wizards,Spurs,home,101-93,1&2,-1.5,194.0,8,6.5,0.0,3.2,-3.2,W,W,P,"0
Jan","13,",2015,recap,Tue,2014,Spurs,Wizards,away,93-101,2&1,1.5,194.0,-8,-6.5,0.0,-3.2,3.2,L,L,P,0
