Date,Link,Day,Season,Team,Opp,Site,Final,Rest,Line,Total,SUm,ATSm,OUm,DPS,DPA,SUr,ATSr,OUr,"ot
Feb","04,",2015,recap,Wed,2014,Bucks,Lakers,home,113-105,1&2,-8.5,193.0,8,-0.5,25.0,12.2,12.8,W,L,O,"1
Feb","04,",2015,recap,Wed,2014,Lakers,Bucks,away,105-113,2&1,8.5,193.0,-8,0.5,25.0,12.8,12.2,L,W,O,"1
Feb","04,",2015,recap,Wed,2014,Celtics,Nuggets,home,104-100,0&0,-3.0,202.5,4,1.0,1.5,1.2,0.2,W,W,O,"0
Feb","04,",2015,recap,Wed,2014,Nuggets,Celtics,away,100-104,0&0,3.0,202.5,-4,-1.0,1.5,0.2,1.2,L,L,O,"0
Feb","04,",2015,recap,Wed,2014,Hawks,Wizards,home,105-96,1&1,-6.0,198.5,9,3.0,2.5,2.8,-0.2,W,W,O,"0
Feb","04,",2015,recap,Wed,2014,Wizards,Hawks,away,96-105,1&1,6.0,198.5,-9,-3.0,2.5,-0.2,2.8,L,L,O,"0
Feb","04,",2015,recap,Wed,2014,Jazz,Grizzlies,home,90-100,0&1,6.5,188.0,-10,-3.5,2.0,-0.8,2.8,L,L,O,"0
Feb","04,",2015,recap,Wed,2014,Grizzlies,Jazz,away,100-90,1&0,-6.5,188.0,10,3.5,2.0,2.8,-0.8,W,W,O,"0
Feb","04,",2015,recap,Wed,2014,Pacers,Pistons,home,114-109,3&0,-4.5,193.0,5,0.5,30.0,15.2,14.8,W,W,O,"0
Feb","04,",2015,recap,Wed,2014,Pistons,Pacers,away,109-114,0&3,4.5,193.0,-5,-0.5,30.0,14.8,15.2,L,L,O,"0
Feb","04,",2015,recap,Wed,2014,Pelicans,Thunder,home,91-102,1&1,-3.5,193.0,-11,-14.5,0.0,-7.2,7.2,L,L,P,"0
Feb","04,",2015,recap,Wed,2014,Thunder,Pelicans,away,102-91,1&1,3.5,193.0,11,14.5,0.0,7.2,-7.2,W,W,P,"0
Feb","04,",2015,recap,Wed,2014,Raptors,Nets,home,93-109,1&1,-7.5,202.0,-16,-23.5,0.0,-11.8,11.8,L,L,P,"0
Feb","04,",2015,recap,Wed,2014,Nets,Raptors,away,109-93,1&1,7.5,202.0,16,23.5,0.0,11.8,-11.8,W,W,P,"0
Feb","04,",2015,recap,Wed,2014,Rockets,Bulls,home,101-90,3&4,-3.5,204.5,11,7.5,-13.5,-3.0,-10.5,W,W,U,"0
Feb","04,",2015,recap,Wed,2014,Bulls,Rockets,away,90-101,4&3,3.5,204.5,-11,-7.5,-13.5,-10.5,-3.0,L,L,U,"0
Feb","04,",2015,recap,Wed,2014,Spurs,Magic,home,110-103,3&1,-13.0,203.0,7,-6.0,10.0,2.0,8.0,W,L,O,"0
Feb","04,",2015,recap,Wed,2014,Magic,Spurs,away,103-110,1&3,13.0,203.0,-7,6.0,10.0,8.0,2.0,L,W,O,"0
Feb","04,",2015,recap,Wed,2014,Timberwolves,Heat,home,102-101,1&0,-2.0,188.5,1,-1.0,14.5,6.8,7.8,W,L,O,"0
Feb","04,",2015,recap,Wed,2014,Heat,Timberwolves,away,101-102,0&1,2.0,188.5,-1,1.0,14.5,7.8,6.8,L,W,O,"0
Feb","04,",2015,recap,Wed,2014,Warriors,Mavericks,home,128-114,0&1,-9.0,217.5,14,5.0,24.5,14.8,9.8,W,W,O,"0
Feb","04,",2015,recap,Wed,2014,Mavericks,Warriors,away,114-128,1&0,9.0,217.5,-14,-5.0,24.5,9.8,14.8,L,L,O,0
