Date,Link,Day,Season,Team,Opp,Site,Final,Rest,Line,Total,SUm,ATSm,OUm,DPS,DPA,SUr,ATSr,OUr,"ot
Nov","12,",2015,recap,Thu,2015,Heat,Jazz,home,92-91,1&1,-4.0,183.5,1,-3.0,-0.5,-1.8,1.2,W,L,U,"0
Nov","12,",2015,recap,Thu,2015,Jazz,Heat,away,91-92,1&1,4.0,183.5,-1,3.0,-0.5,1.2,-1.8,L,W,U,"0
Nov","12,",2015,recap,Thu,2015,Suns,Clippers,home,118-104,3&0,-1.0,208.0,14,13.0,14.0,13.5,0.5,W,W,O,"0
Nov","12,",2015,recap,Thu,2015,Clippers,Suns,away,104-118,0&3,1.0,208.0,-14,-13.0,14.0,0.5,13.5,L,L,O,"0
Nov","12,",2015,recap,Thu,2015,Timberwolves,Warriors,home,116-129,1&0,10.0,211.0,-13,-3.0,34.0,15.5,18.5,L,L,O,"0
Nov","12,",2015,recap,Thu,2015,Warriors,Timberwolves,away,129-116,0&1,-10.0,211.0,13,3.0,34.0,18.5,15.5,W,W,O,0
