Date,Link,Day,Season,Team,Opp,Site,Final,Rest,Line,Total,SUm,ATSm,OUm,DPS,DPA,SUr,ATSr,OUr,"ot
Dec","08,",2015,recap,Tue,2015,Cavaliers,Trailblazers,home,105-100,2&0,-9.0,200.0,5,-4.0,5.0,0.5,4.5,W,L,O,"0
Dec","08,",2015,recap,Tue,2015,Trailblazers,Cavaliers,away,100-105,0&2,9.0,200.0,-5,4.0,5.0,4.5,0.5,L,W,O,"0
Dec","08,",2015,recap,Tue,2015,Grizzlies,Thunder,home,88-125,1&1,2.0,202.5,-37,-35.0,10.5,-12.2,22.8,L,L,O,"0
Dec","08,",2015,recap,Tue,2015,Thunder,Grizzlies,away,125-88,1&1,-2.0,202.5,37,35.0,10.5,22.8,-12.2,W,W,O,"0
Dec","08,",2015,recap,Tue,2015,Kings,Jazz,home,114-106,1&2,-2.0,205.5,8,6.0,14.5,10.2,4.2,W,W,O,"0
Dec","08,",2015,recap,Tue,2015,Jazz,Kings,away,106-114,2&1,2.0,205.5,-8,-6.0,14.5,4.2,10.2,L,L,O,"0
Dec","08,",2015,recap,Tue,2015,Nets,Rockets,home,110-105,1&2,4.5,207.0,5,9.5,8.0,8.8,-0.8,W,W,O,"0
Dec","08,",2015,recap,Tue,2015,Rockets,Nets,away,105-110,2&1,-4.5,207.0,-5,-9.5,8.0,-0.8,8.8,L,L,O,"0
Dec","08,",2015,recap,Tue,2015,Nuggets,Magic,home,74-85,2&2,2.5,198.5,-11,-8.5,-39.5,-24.0,-15.5,L,L,U,"0
Dec","08,",2015,recap,Tue,2015,Magic,Nuggets,away,85-74,2&2,-2.5,198.5,11,8.5,-39.5,-15.5,-24.0,W,W,U,"0
Dec","08,",2015,recap,Tue,2015,Pacers,Warriors,home,123-131,2&1,6.0,215.0,-8,-2.0,39.0,18.5,20.5,L,L,O,"0
Dec","08,",2015,recap,Tue,2015,Warriors,Pacers,away,131-123,1&2,-6.0,215.0,8,2.0,39.0,20.5,18.5,W,W,O,0
