Date,Link,Day,Season,Team,Opp,Site,Final,Rest,Line,Total,SUm,ATSm,OUm,DPS,DPA,SUr,ATSr,OUr,"ot
Feb","11,",2015,recap,Wed,2014,Bucks,Kings,home,111-103,1&0,-9.5,198.0,8,-1.5,16.0,7.2,8.8,W,L,O,"0
Feb","11,",2015,recap,Wed,2014,Kings,Bucks,away,103-111,0&1,9.5,198.0,-8,1.5,16.0,8.8,7.2,L,W,O,"0
Feb","11,",2015,recap,Wed,2014,Cavaliers,Heat,home,113-93,2&1,-12.5,193.5,20,7.5,12.5,10.0,2.5,W,W,O,"0
Feb","11,",2015,recap,Wed,2014,Heat,Cavaliers,away,93-113,1&2,12.5,193.5,-20,-7.5,12.5,2.5,10.0,L,L,O,"0
Feb","11,",2015,recap,Wed,2014,Celtics,Hawks,home,89-88,3&1,7.0,202.0,1,8.0,-25.0,-8.5,-16.5,W,W,U,"0
Feb","11,",2015,recap,Wed,2014,Hawks,Celtics,away,88-89,1&3,-7.0,202.0,-1,-8.0,-25.0,-16.5,-8.5,L,L,U,"0
Feb","11,",2015,recap,Wed,2014,Clippers,Rockets,home,110-95,1&0,-3.0,213.5,15,12.0,-8.5,1.8,-10.2,W,W,U,"0
Feb","11,",2015,recap,Wed,2014,Rockets,Clippers,away,95-110,0&1,3.0,213.5,-15,-12.0,-8.5,-10.2,1.8,L,L,U,"0
Feb","11,",2015,recap,Wed,2014,Magic,Knicks,home,89-83,1&1,-5.5,187.5,6,0.5,-15.5,-7.5,-8.0,W,W,U,"0
Feb","11,",2015,recap,Wed,2014,Knicks,Magic,away,83-89,1&1,5.5,187.5,-6,-0.5,-15.5,-8.0,-7.5,L,L,U,"0
Feb","11,",2015,recap,Wed,2014,Mavericks,Jazz,home,87-82,1&1,-4.5,197.0,5,0.5,-28.0,-13.8,-14.2,W,W,U,"0
Feb","11,",2015,recap,Wed,2014,Jazz,Mavericks,away,82-87,1&1,4.5,197.0,-5,-0.5,-28.0,-14.2,-13.8,L,L,U,"0
Feb","11,",2015,recap,Wed,2014,Pelicans,Pacers,home,93-106,1&1,-1.0,189.5,-13,-14.0,9.5,-2.2,11.8,L,L,O,"0
Feb","11,",2015,recap,Wed,2014,Pacers,Pelicans,away,106-93,1&1,1.0,189.5,13,14.0,9.5,11.8,-2.2,W,W,O,"0
Feb","11,",2015,recap,Wed,2014,Pistons,Spurs,home,87-104,0&1,6.5,195.0,-17,-10.5,-4.0,-7.2,3.2,L,L,U,"0
Feb","11,",2015,recap,Wed,2014,Spurs,Pistons,away,104-87,1&0,-6.5,195.0,17,10.5,-4.0,3.2,-7.2,W,W,U,"0
Feb","11,",2015,recap,Wed,2014,Raptors,Wizards,home,95-93,2&1,-5.0,196.5,2,-3.0,-8.5,-5.8,-2.8,W,L,U,"0
Feb","11,",2015,recap,Wed,2014,Wizards,Raptors,away,93-95,1&2,5.0,196.5,-2,3.0,-8.5,-2.8,-5.8,L,W,U,"0
Feb","11,",2015,recap,Wed,2014,Thunder,Grizzlies,home,105-89,1&0,-5.5,198.0,16,10.5,-4.0,3.2,-7.2,W,W,U,"0
Feb","11,",2015,recap,Wed,2014,Grizzlies,Thunder,away,89-105,0&1,5.5,198.0,-16,-10.5,-4.0,-7.2,3.2,L,L,U,"0
Feb","11,",2015,recap,Wed,2014,Timberwolves,Warriors,home,91-94,1&1,9.0,216.5,-3,6.0,-31.5,-12.8,-18.8,L,W,U,"0
Feb","11,",2015,recap,Wed,2014,Warriors,Timberwolves,away,94-91,1&1,-9.0,216.5,3,-6.0,-31.5,-18.8,-12.8,W,L,U,"0
Feb","11,",2015,recap,Wed,2014,Trailblazers,Lakers,home,102-86,2&0,-14.0,196.0,16,2.0,-8.0,-3.0,-5.0,W,W,U,"0
Feb","11,",2015,recap,Wed,2014,Lakers,Trailblazers,away,86-102,0&2,14.0,196.0,-16,-2.0,-8.0,-5.0,-3.0,L,L,U,0
