Date,Link,Day,Season,Team,Opp,Site,Final,Rest,Line,Total,SUm,ATSm,OUm,DPS,DPA,SUr,ATSr,OUr,"ot
Jan","30,",2015,recap,Fri,2014,Cavaliers,Kings,home,101-90,1&1,-10.0,207.0,11,1.0,-16.0,-7.5,-8.5,W,W,U,"0
Jan","30,",2015,recap,Fri,2014,Kings,Cavaliers,away,90-101,1&1,10.0,207.0,-11,-1.0,-16.0,-8.5,-7.5,L,L,U,"0
Jan","30,",2015,recap,Fri,2014,Celtics,Rockets,home,87-93,1&1,6.5,206.5,-6,0.5,-26.5,-13.0,-13.5,L,W,U,"0
Jan","30,",2015,recap,Fri,2014,Rockets,Celtics,away,93-87,1&1,-6.5,206.5,6,-0.5,-26.5,-13.5,-13.0,W,L,U,"0
Jan","30,",2015,recap,Fri,2014,Hawks,Trailblazers,home,105-99,1&1,-6.0,203.5,6,0.0,0.5,0.2,0.2,W,P,O,"0
Jan","30,",2015,recap,Fri,2014,Trailblazers,Hawks,away,99-105,1&1,6.0,203.5,-6,0.0,0.5,0.2,0.2,L,P,O,"0
Jan","30,",2015,recap,Fri,2014,Heat,Mavericks,home,72-93,2&1,8.0,191.0,-21,-13.0,-26.0,-19.5,-6.5,L,L,U,"0
Jan","30,",2015,recap,Fri,2014,Mavericks,Heat,away,93-72,1&2,-8.0,191.0,21,13.0,-26.0,-6.5,-19.5,W,W,U,"0
Jan","30,",2015,recap,Fri,2014,Jazz,Warriors,home,110-100,1&2,9.5,206.0,10,19.5,4.0,11.8,-7.8,W,W,O,"0
Jan","30,",2015,recap,Fri,2014,Warriors,Jazz,away,100-110,2&1,-9.5,206.0,-10,-19.5,4.0,-7.8,11.8,L,L,O,"0
Jan","30,",2015,recap,Fri,2014,Nets,Raptors,home,122-127,1&1,7.5,197.5,-5,2.5,51.5,27.0,24.5,L,W,O,"1
Jan","30,",2015,recap,Fri,2014,Raptors,Nets,away,127-122,1&1,-7.5,197.5,5,-2.5,51.5,24.5,27.0,W,L,O,"1
Jan","30,",2015,recap,Fri,2014,Pelicans,Clippers,home,108-103,1&1,7.0,199.0,5,12.0,12.0,12.0,0.0,W,W,O,"0
Jan","30,",2015,recap,Fri,2014,Clippers,Pelicans,away,103-108,1&1,-7.0,199.0,-5,-12.0,12.0,0.0,12.0,L,L,O,"0
Jan","30,",2015,recap,Fri,2014,Seventysixers,Timberwolves,home,103-94,1&1,3.5,193.0,9,12.5,4.0,8.2,-4.2,W,W,O,"0
Jan","30,",2015,recap,Fri,2014,Timberwolves,Seventysixers,away,94-103,1&1,-3.5,193.0,-9,-12.5,4.0,-4.2,8.2,L,L,O,"0
Jan","30,",2015,recap,Fri,2014,Suns,Bulls,home,99-93,1&0,-6.0,210.5,6,0.0,-18.5,-9.2,-9.2,W,P,U,"0
Jan","30,",2015,recap,Fri,2014,Bulls,Suns,away,93-99,0&1,6.0,210.5,-6,0.0,-18.5,-9.2,-9.2,L,P,U,0
