Date,Link,Day,Season,Team,Opp,Site,Final,Rest,Line,Total,SUm,ATSm,OUm,DPS,DPA,SUr,ATSr,OUr,"ot
Nov","28,",2015,recap,Sat,2015,Cavaliers,Nets,home,90-88,0&2,-9.0,200.5,2,-7.0,-22.5,-14.8,-7.8,W,L,U,"0
Nov","28,",2015,recap,Sat,2015,Nets,Cavaliers,away,88-90,2&0,9.0,200.5,-2,7.0,-22.5,-7.8,-14.8,L,W,U,"0
Nov","28,",2015,recap,Sat,2015,Jazz,Pelicans,home,101-87,2&0,-6.5,196.0,14,7.5,-8.0,-0.2,-7.8,W,W,U,"0
Nov","28,",2015,recap,Sat,2015,Pelicans,Jazz,away,87-101,0&2,6.5,196.0,-14,-7.5,-8.0,-7.8,-0.2,L,L,U,"0
Nov","28,",2015,recap,Sat,2015,Mavericks,Nuggets,home,92-81,2&0,-9.0,205.0,11,2.0,-32.0,-15.0,-17.0,W,W,U,"0
Nov","28,",2015,recap,Sat,2015,Nuggets,Mavericks,away,81-92,0&2,9.0,205.0,-11,-2.0,-32.0,-17.0,-15.0,L,L,U,"0
Nov","28,",2015,recap,Sat,2015,Spurs,Hawks,home,108-88,0&0,-7.5,193.0,20,12.5,3.0,7.8,-4.8,W,W,O,"0
Nov","28,",2015,recap,Sat,2015,Hawks,Spurs,away,88-108,0&0,7.5,193.0,-20,-12.5,3.0,-4.8,7.8,L,L,O,"0
Nov","28,",2015,recap,Sat,2015,Trailblazers,Lakers,home,108-96,3&3,-8.5,203.0,12,3.5,1.0,2.2,-1.2,W,W,O,"0
Nov","28,",2015,recap,Sat,2015,Lakers,Trailblazers,away,96-108,3&3,8.5,203.0,-12,-3.5,1.0,-1.2,2.2,L,L,O,"0
Nov","28,",2015,recap,Sat,2015,Warriors,Kings,home,120-101,0&0,-15.0,221.5,19,4.0,-0.5,1.8,-2.2,W,W,U,"0
Nov","28,",2015,recap,Sat,2015,Kings,Warriors,away,101-120,0&0,15.0,221.5,-19,-4.0,-0.5,-2.2,1.8,L,L,U,"0
Nov","28,",2015,recap,Sat,2015,Wizards,Raptors,home,82-84,0&2,3.0,202.5,-2,1.0,-36.5,-17.8,-18.8,L,W,U,"0
Nov","28,",2015,recap,Sat,2015,Raptors,Wizards,away,84-82,2&0,-3.0,202.5,2,-1.0,-36.5,-18.8,-17.8,W,L,U,0
