Date,Link,Day,Season,Team,Opp,Site,Final,Rest,Line,Total,SUm,ATSm,OUm,DPS,DPA,SUr,ATSr,OUr,"ot
Mar","13,",2015,recap,Fri,2014,Celtics,Magic,home,95-88,1&1,-5.5,194.0,7,1.5,-11.0,-4.8,-6.2,W,W,U,"0
Mar","13,",2015,recap,Fri,2014,Magic,Celtics,away,88-95,1&1,5.5,194.0,-7,-1.5,-11.0,-6.2,-4.8,L,L,U,"0
Mar","13,",2015,recap,Fri,2014,Hornets,Bulls,home,101-91,1&1,-1.0,189.0,10,9.0,3.0,6.0,-3.0,W,W,O,"0
Mar","13,",2015,recap,Fri,2014,Bulls,Hornets,away,91-101,1&1,1.0,189.0,-10,-9.0,3.0,-3.0,6.0,L,L,O,"0
Mar","13,",2015,recap,Fri,2014,Mavericks,Clippers,home,129-99,2&1,-2.5,204.0,30,27.5,24.0,25.8,-1.8,W,W,O,"0
Mar","13,",2015,recap,Fri,2014,Clippers,Mavericks,away,99-129,1&2,2.5,204.0,-30,-27.5,24.0,-1.8,25.8,L,L,O,"0
Mar","13,",2015,recap,Fri,2014,Nuggets,Warriors,home,114-103,1&1,-3.5,208.5,11,7.5,8.5,8.0,0.5,W,W,O,"0
Mar","13,",2015,recap,Fri,2014,Warriors,Nuggets,away,103-114,1&1,3.5,208.5,-11,-7.5,8.5,0.5,8.0,L,L,O,"0
Mar","13,",2015,recap,Fri,2014,Raptors,Heat,home,102-92,2&1,-5.5,204.0,10,4.5,-10.0,-2.8,-7.2,W,W,U,"0
Mar","13,",2015,recap,Fri,2014,Heat,Raptors,away,92-102,1&2,5.5,204.0,-10,-4.5,-10.0,-7.2,-2.8,L,L,U,"0
Mar","13,",2015,recap,Fri,2014,Seventysixers,Kings,home,114-107,1&1,3.5,206.5,7,10.5,14.5,12.5,2.0,W,W,O,"0
Mar","13,",2015,recap,Fri,2014,Kings,Seventysixers,away,107-114,1&1,-3.5,206.5,-7,-10.5,14.5,2.0,12.5,L,L,O,"0
Mar","13,",2015,recap,Fri,2014,Suns,Hawks,home,87-96,1&1,6.5,204.0,-9,-2.5,-21.0,-11.8,-9.2,L,L,U,"0
Mar","13,",2015,recap,Fri,2014,Hawks,Suns,away,96-87,1&1,-6.5,204.0,9,2.5,-21.0,-9.2,-11.8,W,W,U,"0
Mar","13,",2015,recap,Fri,2014,Thunder,Timberwolves,home,113-99,1&1,-10.5,211.5,14,3.5,0.5,2.0,-1.5,W,W,O,"0
Mar","13,",2015,recap,Fri,2014,Timberwolves,Thunder,away,99-113,1&1,10.5,211.5,-14,-3.5,0.5,-1.5,2.0,L,L,O,"0
Mar","13,",2015,recap,Fri,2014,Trailblazers,Pistons,home,118-99,1&1,-8.0,196.5,19,11.0,20.5,15.8,4.8,W,W,O,"0
Mar","13,",2015,recap,Fri,2014,Pistons,Trailblazers,away,99-118,1&1,8.0,196.5,-19,-11.0,20.5,4.8,15.8,L,L,O,0
