Date,Link,Day,Season,Team,Opp,Site,Final,Rest,Line,Total,SUm,ATSm,OUm,DPS,DPA,SUr,ATSr,OUr,"ot
Mar","02,",2015,recap,Mon,2014,Heat,Suns,home,115-98,1&1,-2.5,206.0,17,14.5,7.0,10.8,-3.8,W,W,O,"0
Mar","02,",2015,recap,Mon,2014,Suns,Heat,away,98-115,1&1,2.5,206.0,-17,-14.5,7.0,-3.8,10.8,L,L,O,"0
Mar","02,",2015,recap,Mon,2014,Mavericks,Pelicans,home,102-93,1&0,-8.0,197.5,9,1.0,-2.5,-0.8,-1.8,W,W,U,"0
Mar","02,",2015,recap,Mon,2014,Pelicans,Mavericks,away,93-102,0&1,8.0,197.5,-9,-1.0,-2.5,-1.8,-0.8,L,L,U,"0
Mar","02,",2015,recap,Mon,2014,Nets,Warriors,home,110-108,1&0,5.0,209.0,2,7.0,9.0,8.0,1.0,W,W,O,"0
Mar","02,",2015,recap,Mon,2014,Warriors,Nets,away,108-110,0&1,-5.0,209.0,-2,-7.0,9.0,1.0,8.0,L,L,O,"0
Mar","02,",2015,recap,Mon,2014,Seventysixers,Raptors,home,103-114,0&1,9.5,193.0,-11,-1.5,24.0,11.2,12.8,L,L,O,"0
Mar","02,",2015,recap,Mon,2014,Raptors,Seventysixers,away,114-103,1&0,-9.5,193.0,11,1.5,24.0,12.8,11.2,W,W,O,"0
Mar","02,",2015,recap,Mon,2014,Timberwolves,Clippers,home,105-110,1&0,5.0,208.5,-5,0.0,6.5,3.2,3.2,L,P,O,"0
Mar","02,",2015,recap,Mon,2014,Clippers,Timberwolves,away,110-105,0&1,-5.0,208.5,5,0.0,6.5,3.2,3.2,W,P,O,0
