Date,Link,Day,Season,Team,Opp,Site,Final,Rest,Line,Total,SUm,ATSm,OUm,DPS,DPA,SUr,ATSr,OUr,"ot
Mar","18,",2015,recap,Wed,2014,Bucks,Spurs,home,103-114,0&0,6.0,193.5,-11,-5.0,23.5,9.2,14.2,L,L,O,"0
Mar","18,",2015,recap,Wed,2014,Spurs,Bucks,away,114-103,0&0,-6.0,193.5,11,5.0,23.5,14.2,9.2,W,W,O,"0
Mar","18,",2015,recap,Wed,2014,Bulls,Pacers,home,103-86,2&1,-1.5,189.0,17,15.5,0.0,7.8,-7.8,W,W,P,"0
Mar","18,",2015,recap,Wed,2014,Pacers,Bulls,away,86-103,1&2,1.5,189.0,-17,-15.5,0.0,-7.8,7.8,L,L,P,"0
Mar","18,",2015,recap,Wed,2014,Cavaliers,Nets,home,117-92,1&1,-11.5,207.0,25,13.5,2.0,7.8,-5.8,W,W,O,"0
Mar","18,",2015,recap,Wed,2014,Nets,Cavaliers,away,92-117,1&1,11.5,207.0,-25,-13.5,2.0,-5.8,7.8,L,L,O,"0
Mar","18,",2015,recap,Wed,2014,Heat,Trailblazers,home,108-104,1&1,2.5,202.0,4,6.5,10.0,8.2,1.8,W,W,O,"0
Mar","18,",2015,recap,Wed,2014,Trailblazers,Heat,away,104-108,1&1,-2.5,202.0,-4,-6.5,10.0,1.8,8.2,L,L,O,"0
Mar","18,",2015,recap,Wed,2014,Jazz,Wizards,home,84-88,1&1,-3.0,180.0,-4,-7.0,-8.0,-7.5,-0.5,L,L,U,"0
Mar","18,",2015,recap,Wed,2014,Wizards,Jazz,away,88-84,1&1,3.0,180.0,4,7.0,-8.0,-0.5,-7.5,W,W,U,"0
Mar","18,",2015,recap,Wed,2014,Kings,Clippers,home,105-116,1&0,9.0,213.5,-11,-2.0,7.5,2.8,4.8,L,L,O,"0
Mar","18,",2015,recap,Wed,2014,Clippers,Kings,away,116-105,0&1,-9.0,213.5,11,2.0,7.5,4.8,2.8,W,W,O,"0
Mar","18,",2015,recap,Wed,2014,Mavericks,Magic,home,107-102,1&0,-12.0,204.5,5,-7.0,4.5,-1.2,5.8,W,L,O,"0
Mar","18,",2015,recap,Wed,2014,Magic,Mavericks,away,102-107,0&1,12.0,204.5,-5,7.0,4.5,5.8,-1.2,L,W,O,"0
Mar","18,",2015,recap,Wed,2014,Raptors,Timberwolves,home,105-100,1&1,-11.0,208.0,5,-6.0,-3.0,-4.5,1.5,W,L,U,"0
Mar","18,",2015,recap,Wed,2014,Timberwolves,Raptors,away,100-105,1&1,11.0,208.0,-5,6.0,-3.0,1.5,-4.5,L,W,U,"0
Mar","18,",2015,recap,Wed,2014,Seventysixers,Pistons,home,94-83,1&0,2.0,195.5,11,13.0,-18.5,-2.8,-15.8,W,W,U,"0
Mar","18,",2015,recap,Wed,2014,Pistons,Seventysixers,away,83-94,0&1,-2.0,195.5,-11,-13.0,-18.5,-15.8,-2.8,L,L,U,"0
Mar","18,",2015,recap,Wed,2014,Thunder,Celtics,home,122-118,1&1,-6.5,212.5,4,-2.5,27.5,12.5,15.0,W,L,O,"0
Mar","18,",2015,recap,Wed,2014,Celtics,Thunder,away,118-122,1&1,6.5,212.5,-4,2.5,27.5,15.0,12.5,L,W,O,"0
Mar","18,",2015,recap,Wed,2014,Warriors,Hawks,home,114-95,1&1,-6.5,209.0,19,12.5,0.0,6.2,-6.2,W,W,P,"0
Mar","18,",2015,recap,Wed,2014,Hawks,Warriors,away,95-114,1&1,6.5,209.0,-19,-12.5,0.0,-6.2,6.2,L,L,P,0
