Date,Link,Day,Season,Team,Opp,Site,Final,Rest,Line,Total,SUm,ATSm,OUm,DPS,DPA,SUr,ATSr,OUr,"ot
Dec","04,",2015,recap,Fri,2015,Hawks,Lakers,home,100-87,1&1,-11.5,204.0,13,1.5,-17.0,-7.8,-9.2,W,W,U,"0
Dec","04,",2015,recap,Fri,2015,Lakers,Hawks,away,87-100,1&1,11.5,204.0,-13,-1.5,-17.0,-9.2,-7.8,L,L,U,"0
Dec","04,",2015,recap,Fri,2015,Knicks,Nets,home,108-91,1&2,-3.5,192.5,17,13.5,6.5,10.0,-3.5,W,W,O,"0
Dec","04,",2015,recap,Fri,2015,Nets,Knicks,away,91-108,2&1,3.5,192.5,-17,-13.5,6.5,-3.5,10.0,L,L,O,"0
Dec","04,",2015,recap,Fri,2015,Mavericks,Rockets,home,96-100,2&1,-5.0,210.5,-4,-9.0,-14.5,-11.8,-2.8,L,L,U,"0
Dec","04,",2015,recap,Fri,2015,Rockets,Mavericks,away,100-96,1&2,5.0,210.5,4,9.0,-14.5,-2.8,-11.8,W,W,U,"0
Dec","04,",2015,recap,Fri,2015,Pelicans,Cavaliers,home,114-108,1&2,4.5,208.5,6,10.5,13.5,12.0,1.5,W,W,O,"1
Dec","04,",2015,recap,Fri,2015,Cavaliers,Pelicans,away,108-114,2&1,-4.5,208.5,-6,-10.5,13.5,1.5,12.0,L,L,O,"1
Dec","04,",2015,recap,Fri,2015,Pistons,Bucks,home,102-95,1&1,-6.5,193.5,7,0.5,3.5,2.0,1.5,W,W,O,"0
Dec","04,",2015,recap,Fri,2015,Bucks,Pistons,away,95-102,1&1,6.5,193.5,-7,-0.5,3.5,1.5,2.0,L,L,O,"0
Dec","04,",2015,recap,Fri,2015,Wizards,Suns,home,109-106,1&1,1.5,214.0,3,4.5,1.0,2.8,-1.8,W,W,O,"0
Dec","04,",2015,recap,Fri,2015,Suns,Wizards,away,106-109,1&1,-1.5,214.0,-3,-4.5,1.0,-1.8,2.8,L,L,O,0
