Date,Link,Day,Season,Team,Opp,Site,Final,Rest,Line,Total,SUm,ATSm,OUm,DPS,DPA,SUr,ATSr,OUr,"ot
Nov","09,",2015,recap,Mon,2015,Clippers,Grizzlies,home,94-92,1&1,-7.0,200.0,2,-5.0,-14.0,-9.5,-4.5,W,L,U,"0
Nov","09,",2015,recap,Mon,2015,Grizzlies,Clippers,away,92-94,1&1,7.0,200.0,-2,5.0,-14.0,-4.5,-9.5,L,W,U,"0
Nov","09,",2015,recap,Mon,2015,Hawks,Timberwolves,home,107-117,1&1,-8.5,205.0,-10,-18.5,19.0,0.2,18.8,L,L,O,"0
Nov","09,",2015,recap,Mon,2015,Timberwolves,Hawks,away,117-107,1&1,8.5,205.0,10,18.5,19.0,18.8,0.2,W,W,O,"0
Nov","09,",2015,recap,Mon,2015,Kings,Spurs,home,88-106,1&1,7.5,203.0,-18,-10.5,-9.0,-9.8,0.8,L,L,U,"0
Nov","09,",2015,recap,Mon,2015,Spurs,Kings,away,106-88,1&1,-7.5,203.0,18,10.5,-9.0,0.8,-9.8,W,W,U,"0
Nov","09,",2015,recap,Mon,2015,Nuggets,Trailblazers,home,108-104,2&0,1.0,207.0,4,5.0,5.0,5.0,0.0,W,W,O,"0
Nov","09,",2015,recap,Mon,2015,Trailblazers,Nuggets,away,104-108,0&2,-1.0,207.0,-4,-5.0,5.0,0.0,5.0,L,L,O,"0
Nov","09,",2015,recap,Mon,2015,Pacers,Magic,home,97-84,0&1,-4.5,195.0,13,8.5,-14.0,-2.8,-11.2,W,W,U,"0
Nov","09,",2015,recap,Mon,2015,Magic,Pacers,away,84-97,1&0,4.5,195.0,-13,-8.5,-14.0,-11.2,-2.8,L,L,U,"0
Nov","09,",2015,recap,Mon,2015,Seventysixers,Bulls,home,88-111,1&1,10.0,198.0,-23,-13.0,1.0,-6.0,7.0,L,L,O,"0
Nov","09,",2015,recap,Mon,2015,Bulls,Seventysixers,away,111-88,1&1,-10.0,198.0,23,13.0,1.0,7.0,-6.0,W,W,O,"0
Nov","09,",2015,recap,Mon,2015,Warriors,Pistons,home,109-95,1&0,-12.0,208.0,14,2.0,-4.0,-1.0,-3.0,W,W,U,"0
Nov","09,",2015,recap,Mon,2015,Pistons,Warriors,away,95-109,0&1,12.0,208.0,-14,-2.0,-4.0,-3.0,-1.0,L,L,U,0
