Date,Link,Day,Season,Team,Opp,Site,Final,Rest,Line,Total,SUm,ATSm,OUm,DPS,DPA,SUr,ATSr,OUr,"ot
Nov","13,",2015,recap,Fri,2015,Bulls,Hornets,home,102-97,3&1,-6.5,199.0,5,-1.5,0.0,-0.8,0.8,W,L,P,"0
Nov","13,",2015,recap,Fri,2015,Hornets,Bulls,away,97-102,1&3,6.5,199.0,-5,1.5,0.0,0.8,-0.8,L,W,P,"0
Nov","13,",2015,recap,Fri,2015,Celtics,Hawks,home,106-93,1&1,1.0,206.0,13,14.0,-7.0,3.5,-10.5,W,W,U,"0
Nov","13,",2015,recap,Fri,2015,Hawks,Celtics,away,93-106,1&1,-1.0,206.0,-13,-14.0,-7.0,-10.5,3.5,L,L,U,"0
Nov","13,",2015,recap,Fri,2015,Grizzlies,Trailblazers,home,101-100,1&1,-6.5,195.0,1,-5.5,6.0,0.2,5.8,W,L,O,"0
Nov","13,",2015,recap,Fri,2015,Trailblazers,Grizzlies,away,100-101,1&1,6.5,195.0,-1,5.5,6.0,5.8,0.2,L,W,O,"0
Nov","13,",2015,recap,Fri,2015,Kings,Nets,home,111-109,1&1,-6.5,203.5,2,-4.5,16.5,6.0,10.5,W,L,O,"0
Nov","13,",2015,recap,Fri,2015,Nets,Kings,away,109-111,1&1,6.5,203.5,-2,4.5,16.5,10.5,6.0,L,W,O,"0
Nov","13,",2015,recap,Fri,2015,Knicks,Cavaliers,home,84-90,1&2,6.5,200.5,-6,0.5,-26.5,-13.0,-13.5,L,W,U,"0
Nov","13,",2015,recap,Fri,2015,Cavaliers,Knicks,away,90-84,2&1,-6.5,200.5,6,-0.5,-26.5,-13.5,-13.0,W,L,U,"0
Nov","13,",2015,recap,Fri,2015,Magic,Jazz,home,102-93,1&0,1.0,187.5,9,10.0,7.5,8.8,-1.2,W,W,O,"0
Nov","13,",2015,recap,Fri,2015,Jazz,Magic,away,93-102,0&1,-1.0,187.5,-9,-10.0,7.5,-1.2,8.8,L,L,O,"0
Nov","13,",2015,recap,Fri,2015,Mavericks,Lakers,home,90-82,1&1,-8.0,209.0,8,0.0,-37.0,-18.5,-18.5,W,P,U,"0
Nov","13,",2015,recap,Fri,2015,Lakers,Mavericks,away,82-90,1&1,8.0,209.0,-8,0.0,-37.0,-18.5,-18.5,L,P,U,"0
Nov","13,",2015,recap,Fri,2015,Nuggets,Rockets,home,107-98,1&1,5.5,211.0,9,14.5,-6.0,4.2,-10.2,W,W,U,"0
Nov","13,",2015,recap,Fri,2015,Rockets,Nuggets,away,98-107,1&1,-5.5,211.0,-9,-14.5,-6.0,-10.2,4.2,L,L,U,"0
Nov","13,",2015,recap,Fri,2015,Pacers,Timberwolves,home,107-103,1&0,-7.5,200.0,4,-3.5,10.0,3.2,6.8,W,L,O,"0
Nov","13,",2015,recap,Fri,2015,Timberwolves,Pacers,away,103-107,0&1,7.5,200.0,-4,3.5,10.0,6.8,3.2,L,W,O,"0
Nov","13,",2015,recap,Fri,2015,Raptors,Pelicans,home,100-81,1&1,-10.0,205.5,19,9.0,-24.5,-7.8,-16.8,W,W,U,"0
Nov","13,",2015,recap,Fri,2015,Pelicans,Raptors,away,81-100,1&1,10.0,205.5,-19,-9.0,-24.5,-16.8,-7.8,L,L,U,"0
Nov","13,",2015,recap,Fri,2015,Thunder,Seventysixers,home,102-85,2&1,-13.5,207.0,17,3.5,-20.0,-8.2,-11.8,W,W,U,"0
Nov","13,",2015,recap,Fri,2015,Seventysixers,Thunder,away,85-102,1&2,13.5,207.0,-17,-3.5,-20.0,-11.8,-8.2,L,L,U,0
