Date,Link,Day,Season,Team,Opp,Site,Final,Rest,Line,Total,SUm,ATSm,OUm,DPS,DPA,SUr,ATSr,OUr,"ot
Dec","06,",2015,recap,Sun,2015,Grizzlies,Suns,home,95-93,2&1,-5.5,203.5,2,-3.5,-15.5,-9.5,-6.0,W,L,U,"0
Dec","06,",2015,recap,Sun,2015,Suns,Grizzlies,away,93-95,1&2,5.5,203.5,-2,3.5,-15.5,-6.0,-9.5,L,W,U,"0
Dec","06,",2015,recap,Sun,2015,Nets,Warriors,home,98-114,1&0,11.0,209.0,-16,-5.0,3.0,-1.0,4.0,L,L,O,"0
Dec","06,",2015,recap,Sun,2015,Warriors,Nets,away,114-98,0&1,-11.0,209.0,16,5.0,3.0,4.0,-1.0,W,W,O,"0
Dec","06,",2015,recap,Sun,2015,Pistons,Lakers,home,111-91,1&1,-9.5,199.0,20,10.5,3.0,6.8,-3.8,W,W,O,"0
Dec","06,",2015,recap,Sun,2015,Lakers,Pistons,away,91-111,1&1,9.5,199.0,-20,-10.5,3.0,-3.8,6.8,L,L,O,"0
Dec","06,",2015,recap,Sun,2015,Thunder,Kings,home,98-95,2&0,-11.0,220.5,3,-8.0,-27.5,-17.8,-9.8,W,L,U,"0
Dec","06,",2015,recap,Sun,2015,Kings,Thunder,away,95-98,0&2,11.0,220.5,-3,8.0,-27.5,-9.8,-17.8,L,W,U,"0
Dec","06,",2015,recap,Sun,2015,Wizards,Mavericks,home,104-116,1&1,2.5,208.0,-12,-9.5,12.0,1.2,10.8,L,L,O,"0
Dec","06,",2015,recap,Sun,2015,Mavericks,Wizards,away,116-104,1&1,-2.5,208.0,12,9.5,12.0,10.8,1.2,W,W,O,0
