Date,Link,Day,Season,Team,Opp,Site,Final,Rest,Line,Total,SUm,ATSm,OUm,DPS,DPA,SUr,ATSr,OUr,"ot
Feb","20,",2015,recap,Fri,2014,Bucks,Nuggets,home,89-81,8&9,-8.0,198.0,8,0.0,-28.0,-14.0,-14.0,W,P,U,"0
Feb","20,",2015,recap,Fri,2014,Nuggets,Bucks,away,81-89,9&8,8.0,198.0,-8,0.0,-28.0,-14.0,-14.0,L,P,U,"0
Feb","20,",2015,recap,Fri,2014,Hawks,Raptors,home,80-105,8&8,-5.0,205.0,-25,-30.0,-20.0,-25.0,5.0,L,L,U,"0
Feb","20,",2015,recap,Fri,2014,Raptors,Hawks,away,105-80,8&8,5.0,205.0,25,30.0,-20.0,5.0,-25.0,W,W,U,"0
Feb","20,",2015,recap,Fri,2014,Jazz,Trailblazers,home,92-76,8&8,4.0,192.0,16,20.0,-24.0,-2.0,-22.0,W,W,U,"0
Feb","20,",2015,recap,Fri,2014,Trailblazers,Jazz,away,76-92,8&8,-4.0,192.0,-16,-20.0,-24.0,-22.0,-2.0,L,L,U,"0
Feb","20,",2015,recap,Fri,2014,Kings,Celtics,home,109-101,8&8,-3.5,203.0,8,4.5,7.0,5.8,1.2,W,W,O,"0
Feb","20,",2015,recap,Fri,2014,Celtics,Kings,away,101-109,8&8,3.5,203.0,-8,-4.5,7.0,1.2,5.8,L,L,O,"0
Feb","20,",2015,recap,Fri,2014,Knicks,Heat,home,87-111,8&8,7.0,181.5,-24,-17.0,16.5,-0.2,16.8,L,L,O,"0
Feb","20,",2015,recap,Fri,2014,Heat,Knicks,away,111-87,8&8,-7.0,181.5,24,17.0,16.5,16.8,-0.2,W,W,O,"0
Feb","20,",2015,recap,Fri,2014,Lakers,Nets,home,105-114,8&9,3.5,194.0,-9,-5.5,25.0,9.8,15.2,L,L,O,"0
Feb","20,",2015,recap,Fri,2014,Nets,Lakers,away,114-105,9&8,-3.5,194.0,9,5.5,25.0,15.2,9.8,W,W,O,"0
Feb","20,",2015,recap,Fri,2014,Magic,Pelicans,home,95-84,8&8,4.5,193.0,11,15.5,-14.0,0.8,-14.8,W,W,U,"0
Feb","20,",2015,recap,Fri,2014,Pelicans,Magic,away,84-95,8&8,-4.5,193.0,-11,-15.5,-14.0,-14.8,0.8,L,L,U,"0
Feb","20,",2015,recap,Fri,2014,Mavericks,Rockets,home,111-100,0&8,-2.5,211.0,11,8.5,0.0,4.2,-4.2,W,W,P,"0
Feb","20,",2015,recap,Fri,2014,Rockets,Mavericks,away,100-111,8&0,2.5,211.0,-11,-8.5,0.0,-4.2,4.2,L,L,P,"0
Feb","20,",2015,recap,Fri,2014,Pistons,Bulls,home,100-91,8&7,5.0,194.0,9,14.0,-3.0,5.5,-8.5,W,W,U,"0
Feb","20,",2015,recap,Fri,2014,Bulls,Pistons,away,91-100,7&8,-5.0,194.0,-9,-14.0,-3.0,-8.5,5.5,L,L,U,"0
Feb","20,",2015,recap,Fri,2014,Seventysixers,Pacers,home,95-106,10&8,8.5,184.5,-11,-2.5,16.5,7.0,9.5,L,L,O,"0
Feb","20,",2015,recap,Fri,2014,Pacers,Seventysixers,away,106-95,8&10,-8.5,184.5,11,2.5,16.5,9.5,7.0,W,W,O,"0
Feb","20,",2015,recap,Fri,2014,Timberwolves,Suns,home,111-109,8&9,-2.0,209.5,2,0.0,10.5,5.2,5.2,W,P,O,"0
Feb","20,",2015,recap,Fri,2014,Suns,Timberwolves,away,109-111,9&8,2.0,209.5,-2,0.0,10.5,5.2,5.2,L,P,O,"0
Feb","20,",2015,recap,Fri,2014,Warriors,Spurs,home,110-99,8&0,-7.5,209.0,11,3.5,0.0,1.8,-1.8,W,W,P,"0
Feb","20,",2015,recap,Fri,2014,Spurs,Warriors,away,99-110,0&8,7.5,209.0,-11,-3.5,0.0,-1.8,1.8,L,L,P,"0
Feb","20,",2015,recap,Fri,2014,Wizards,Cavaliers,home,89-127,8&7,3.0,198.5,-38,-35.0,17.5,-8.8,26.2,L,L,O,"0
Feb","20,",2015,recap,Fri,2014,Cavaliers,Wizards,away,127-89,7&8,-3.0,198.5,38,35.0,17.5,26.2,-8.8,W,W,O,0
