Date,Link,Day,Season,Team,Opp,Site,Final,Rest,Line,Total,SUm,ATSm,OUm,DPS,DPA,SUr,ATSr,OUr,"ot
Apr","02,",2015,recap,Thu,2014,Cavaliers,Heat,home,114-88,3&1,-10.5,199.5,26,15.5,2.5,9.0,-6.5,W,W,O,"0
Apr","02,",2015,recap,Thu,2014,Heat,Cavaliers,away,88-114,1&3,10.5,199.5,-26,-15.5,2.5,-6.5,9.0,L,L,O,"0
Apr","02,",2015,recap,Thu,2014,Mavericks,Rockets,home,101-108,0&0,-1.5,210.0,-7,-8.5,-1.0,-4.8,3.8,L,L,U,"0
Apr","02,",2015,recap,Thu,2014,Rockets,Mavericks,away,108-101,0&0,1.5,210.0,7,8.5,-1.0,3.8,-4.8,W,W,U,"0
Apr","02,",2015,recap,Thu,2014,Warriors,Suns,home,107-106,1&2,-12.0,210.0,1,-11.0,3.0,-4.0,7.0,W,L,O,"0
Apr","02,",2015,recap,Thu,2014,Suns,Warriors,away,106-107,2&1,12.0,210.0,-1,11.0,3.0,7.0,-4.0,L,W,O,0
