Date,Link,Day,Season,Team,Opp,Site,Final,Rest,Line,Total,SUm,ATSm,OUm,DPS,DPA,SUr,ATSr,OUr,"ot
Nov","11,",2015,recap,Wed,2015,Celtics,Pacers,home,91-102,0&1,-3.0,202.5,-11,-14.0,-9.5,-11.8,2.2,L,L,U,"0
Nov","11,",2015,recap,Wed,2015,Pacers,Celtics,away,102-91,1&0,3.0,202.5,11,14.0,-9.5,2.2,-11.8,W,W,U,"0
Nov","11,",2015,recap,Wed,2015,Grizzlies,Warriors,home,84-100,1&1,7.0,200.0,-16,-9.0,-16.0,-12.5,-3.5,L,L,U,"0
Nov","11,",2015,recap,Wed,2015,Warriors,Grizzlies,away,100-84,1&1,-7.0,200.0,16,9.0,-16.0,-3.5,-12.5,W,W,U,"0
Nov","11,",2015,recap,Wed,2015,Hawks,Pelicans,home,106-98,1&0,-11.0,209.0,8,-3.0,-5.0,-4.0,-1.0,W,L,U,"0
Nov","11,",2015,recap,Wed,2015,Pelicans,Hawks,away,98-106,0&1,11.0,209.0,-8,3.0,-5.0,-1.0,-4.0,L,W,U,"0
Nov","11,",2015,recap,Wed,2015,Hornets,Knicks,home,95-93,0&0,-6.0,198.5,2,-4.0,-10.5,-7.2,-3.2,W,L,U,"0
Nov","11,",2015,recap,Wed,2015,Knicks,Hornets,away,93-95,0&0,6.0,198.5,-2,4.0,-10.5,-3.2,-7.2,L,W,U,"0
Nov","11,",2015,recap,Wed,2015,Kings,Pistons,home,101-92,1&1,1.0,205.0,9,10.0,-12.0,-1.0,-11.0,W,W,U,"0
Nov","11,",2015,recap,Wed,2015,Pistons,Kings,away,92-101,1&1,-1.0,205.0,-9,-10.0,-12.0,-11.0,-1.0,L,L,U,"0
Nov","11,",2015,recap,Wed,2015,Magic,Lakers,home,101-99,1&0,-8.0,200.5,2,-6.0,-0.5,-3.2,2.8,W,L,U,"0
Nov","11,",2015,recap,Wed,2015,Lakers,Magic,away,99-101,0&1,8.0,200.5,-2,6.0,-0.5,2.8,-3.2,L,W,U,"0
Nov","11,",2015,recap,Wed,2015,Mavericks,Clippers,home,118-108,0&1,6.5,212.5,10,16.5,13.5,15.0,-1.5,W,W,O,"0
Nov","11,",2015,recap,Wed,2015,Clippers,Mavericks,away,108-118,1&0,-6.5,212.5,-10,-16.5,13.5,-1.5,15.0,L,L,O,"0
Nov","11,",2015,recap,Wed,2015,Nuggets,Bucks,home,103-102,1&0,-3.0,196.0,1,-2.0,9.0,3.5,5.5,W,L,O,"0
Nov","11,",2015,recap,Wed,2015,Bucks,Nuggets,away,102-103,0&1,3.0,196.0,-1,2.0,9.0,5.5,3.5,L,W,O,"0
Nov","11,",2015,recap,Wed,2015,Rockets,Nets,home,98-106,3&3,-11.5,206.0,-8,-19.5,-2.0,-10.8,8.8,L,L,U,"0
Nov","11,",2015,recap,Wed,2015,Nets,Rockets,away,106-98,3&3,11.5,206.0,8,19.5,-2.0,8.8,-10.8,W,W,U,"0
Nov","11,",2015,recap,Wed,2015,Seventysixers,Raptors,home,103-119,1&0,9.5,194.0,-16,-6.5,28.0,10.8,17.2,L,L,O,"0
Nov","11,",2015,recap,Wed,2015,Raptors,Seventysixers,away,119-103,0&1,-9.5,194.0,16,6.5,28.0,17.2,10.8,W,W,O,"0
Nov","11,",2015,recap,Wed,2015,Trailblazers,Spurs,home,101-113,1&1,6.5,206.0,-12,-5.5,8.0,1.2,6.8,L,L,O,"0
Nov","11,",2015,recap,Wed,2015,Spurs,Trailblazers,away,113-101,1&1,-6.5,206.0,12,5.5,8.0,6.8,1.2,W,W,O,0
