Date,Link,Day,Season,Team,Opp,Site,Final,Rest,Line,Total,SUm,ATSm,OUm,DPS,DPA,SUr,ATSr,OUr,"ot
Mar","28,",2015,recap,Sat,2014,Bucks,Warriors,home,95-108,1&0,5.0,203.0,-13,-8.0,0.0,-4.0,4.0,L,L,P,"0
Mar","28,",2015,recap,Sat,2014,Warriors,Bucks,away,108-95,0&1,-5.0,203.0,13,8.0,0.0,4.0,-4.0,W,W,P,"0
Mar","28,",2015,recap,Sat,2014,Bulls,Knicks,home,111-80,2&0,-17.5,190.5,31,13.5,0.5,7.0,-6.5,W,W,O,"0
Mar","28,",2015,recap,Sat,2014,Knicks,Bulls,away,80-111,0&2,17.5,190.5,-31,-13.5,0.5,-6.5,7.0,L,L,O,"0
Mar","28,",2015,recap,Sat,2014,Hornets,Hawks,home,115-100,0&0,-6.0,191.5,15,9.0,23.5,16.2,7.2,W,W,O,"0
Mar","28,",2015,recap,Sat,2014,Hawks,Hornets,away,100-115,0&0,6.0,191.5,-15,-9.0,23.5,7.2,16.2,L,L,O,"0
Mar","28,",2015,recap,Sat,2014,Jazz,Thunder,home,94-89,0&2,5.0,197.5,5,10.0,-14.5,-2.2,-12.2,W,W,U,"0
Mar","28,",2015,recap,Sat,2014,Thunder,Jazz,away,89-94,2&0,-5.0,197.5,-5,-10.0,-14.5,-12.2,-2.2,L,L,U,"0
Mar","28,",2015,recap,Sat,2014,Trailblazers,Nuggets,home,120-114,0&0,-8.5,207.0,6,-2.5,27.0,12.2,14.8,W,L,O,"0
Mar","28,",2015,recap,Sat,2014,Nuggets,Trailblazers,away,114-120,0&0,8.5,207.0,-6,2.5,27.0,14.8,12.2,L,W,O,0
