Date,Link,Day,Season,Team,Opp,Site,Final,Rest,Line,Total,SUm,ATSm,OUm,DPS,DPA,SUr,ATSr,OUr,"ot
Jan","31,",2015,recap,Sat,2014,Bucks,Trailblazers,home,95-88,1&0,1.5,197.0,7,8.5,-14.0,-2.8,-11.2,W,W,U,"0
Jan","31,",2015,recap,Sat,2014,Trailblazers,Bucks,away,88-95,0&1,-1.5,197.0,-7,-8.5,-14.0,-11.2,-2.8,L,L,U,"0
Jan","31,",2015,recap,Sat,2014,Grizzlies,Thunder,home,85-74,1&2,-6.0,197.0,11,5.0,-38.0,-16.5,-21.5,W,W,U,"0
Jan","31,",2015,recap,Sat,2014,Thunder,Grizzlies,away,74-85,2&1,6.0,197.0,-11,-5.0,-38.0,-21.5,-16.5,L,L,U,"0
Jan","31,",2015,recap,Sat,2014,Hawks,Seventysixers,home,91-85,0&0,-16.5,191.0,6,-10.5,-15.0,-12.8,-2.2,W,L,U,"0
Jan","31,",2015,recap,Sat,2014,Seventysixers,Hawks,away,85-91,0&0,16.5,191.0,-6,10.5,-15.0,-2.2,-12.8,L,W,U,"0
Jan","31,",2015,recap,Sat,2014,Magic,Mavericks,home,93-108,1&0,8.0,209.0,-15,-7.0,-8.0,-7.5,-0.5,L,L,U,"0
Jan","31,",2015,recap,Sat,2014,Mavericks,Magic,away,108-93,0&1,-8.0,209.0,15,7.0,-8.0,-0.5,-7.5,W,W,U,"0
Jan","31,",2015,recap,Sat,2014,Nuggets,Hornets,home,86-104,1&2,-5.0,194.0,-18,-23.0,-4.0,-13.5,9.5,L,L,U,"0
Jan","31,",2015,recap,Sat,2014,Hornets,Nuggets,away,104-86,2&1,5.0,194.0,18,23.0,-4.0,9.5,-13.5,W,W,U,"0
Jan","31,",2015,recap,Sat,2014,Pacers,Kings,home,94-99,1&0,-5.5,198.5,-5,-10.5,-5.5,-8.0,2.5,L,L,U,"0
Jan","31,",2015,recap,Sat,2014,Kings,Pacers,away,99-94,0&1,5.5,198.5,5,10.5,-5.5,2.5,-8.0,W,W,U,"0
Jan","31,",2015,recap,Sat,2014,Pistons,Rockets,home,114-101,2&0,4.0,204.5,13,17.0,10.5,13.8,-3.2,W,W,O,"0
Jan","31,",2015,recap,Sat,2014,Rockets,Pistons,away,101-114,0&2,-4.0,204.5,-13,-17.0,10.5,-3.2,13.8,L,L,O,"0
Jan","31,",2015,recap,Sat,2014,Spurs,Clippers,home,85-105,2&0,-4.5,202.5,-20,-24.5,-12.5,-18.5,6.0,L,L,U,"0
Jan","31,",2015,recap,Sat,2014,Clippers,Spurs,away,105-85,0&2,4.5,202.5,20,24.5,-12.5,6.0,-18.5,W,W,U,"0
Jan","31,",2015,recap,Sat,2014,Timberwolves,Cavaliers,home,90-106,0&0,10.0,204.5,-16,-6.0,-8.5,-7.2,-1.2,L,L,U,"0
Jan","31,",2015,recap,Sat,2014,Cavaliers,Timberwolves,away,106-90,0&0,-10.0,204.5,16,6.0,-8.5,-1.2,-7.2,W,W,U,"0
Jan","31,",2015,recap,Sat,2014,Warriors,Suns,home,106-87,0&0,-10.0,224.5,19,9.0,-31.5,-11.2,-20.2,W,W,U,"0
Jan","31,",2015,recap,Sat,2014,Suns,Warriors,away,87-106,0&0,10.0,224.5,-19,-9.0,-31.5,-20.2,-11.2,L,L,U,"0
Jan","31,",2015,recap,Sat,2014,Wizards,Raptors,home,116-120,2&0,-4.5,204.0,-4,-8.5,32.0,11.8,20.2,L,L,O,"1
Jan","31,",2015,recap,Sat,2014,Raptors,Wizards,away,120-116,0&2,4.5,204.0,4,8.5,32.0,20.2,11.8,W,W,O,1
