Date,Link,Day,Season,Team,Opp,Site,Final,Rest,Line,Total,SUm,ATSm,OUm,DPS,DPA,SUr,ATSr,OUr,"ot
Feb","27,",2015,recap,Fri,2014,Bulls,Timberwolves,home,96-89,1&1,-6.0,193.5,7,1.0,-8.5,-3.8,-4.8,W,W,U,"0
Feb","27,",2015,recap,Fri,2014,Timberwolves,Bulls,away,89-96,1&1,6.0,193.5,-7,-1.0,-8.5,-4.8,-3.8,L,L,U,"0
Feb","27,",2015,recap,Fri,2014,Celtics,Hornets,home,106-98,1&1,-2.0,196.0,8,6.0,8.0,7.0,1.0,W,W,O,"0
Feb","27,",2015,recap,Fri,2014,Hornets,Celtics,away,98-106,1&1,2.0,196.0,-8,-6.0,8.0,1.0,7.0,L,L,O,"0
Feb","27,",2015,recap,Fri,2014,Grizzlies,Clippers,home,79-97,1&1,-4.5,198.0,-18,-22.5,-22.0,-22.2,0.2,L,L,U,"0
Feb","27,",2015,recap,Fri,2014,Clippers,Grizzlies,away,97-79,1&1,4.5,198.0,18,22.5,-22.0,0.2,-22.2,W,W,U,"0
Feb","27,",2015,recap,Fri,2014,Hawks,Magic,home,95-88,1&1,-11.0,195.5,7,-4.0,-12.5,-8.2,-4.2,W,L,U,"0
Feb","27,",2015,recap,Fri,2014,Magic,Hawks,away,88-95,1&1,11.0,195.5,-7,4.0,-12.5,-4.2,-8.2,L,W,U,"0
Feb","27,",2015,recap,Fri,2014,Kings,Spurs,home,96-107,1&1,9.0,201.5,-11,-2.0,1.5,-0.2,1.8,L,L,O,"0
Feb","27,",2015,recap,Fri,2014,Spurs,Kings,away,107-96,1&1,-9.0,201.5,11,2.0,1.5,1.8,-0.2,W,W,O,"0
Feb","27,",2015,recap,Fri,2014,Lakers,Bucks,home,101-93,1&1,6.0,194.0,8,14.0,0.0,7.0,-7.0,W,W,P,"0
Feb","27,",2015,recap,Fri,2014,Bucks,Lakers,away,93-101,1&1,-6.0,194.0,-8,-14.0,0.0,-7.0,7.0,L,L,P,"0
Feb","27,",2015,recap,Fri,2014,Nuggets,Jazz,home,82-104,1&1,4.0,194.5,-22,-18.0,-8.5,-13.2,4.8,L,L,U,"0
Feb","27,",2015,recap,Fri,2014,Jazz,Nuggets,away,104-82,1&1,-4.0,194.5,22,18.0,-8.5,4.8,-13.2,W,W,U,"0
Feb","27,",2015,recap,Fri,2014,Pacers,Cavaliers,home,93-86,2&0,-1.0,194.0,7,6.0,-15.0,-4.5,-10.5,W,W,U,"0
Feb","27,",2015,recap,Fri,2014,Cavaliers,Pacers,away,86-93,0&2,1.0,194.0,-7,-6.0,-15.0,-10.5,-4.5,L,L,U,"0
Feb","27,",2015,recap,Fri,2014,Pelicans,Heat,home,104-102,1&1,1.5,196.0,2,3.5,10.0,6.8,3.2,W,W,O,"0
Feb","27,",2015,recap,Fri,2014,Heat,Pelicans,away,102-104,1&1,-1.5,196.0,-2,-3.5,10.0,3.2,6.8,L,L,O,"0
Feb","27,",2015,recap,Fri,2014,Pistons,Knicks,home,115-121,2&1,-13.0,194.5,-6,-19.0,41.5,11.2,30.2,L,L,O,"2
Feb","27,",2015,recap,Fri,2014,Knicks,Pistons,away,121-115,1&2,13.0,194.5,6,19.0,41.5,30.2,11.2,W,W,O,"2
Feb","27,",2015,recap,Fri,2014,Raptors,Warriors,home,89-113,2&0,1.5,212.5,-24,-22.5,-10.5,-16.5,6.0,L,L,U,"0
Feb","27,",2015,recap,Fri,2014,Warriors,Raptors,away,113-89,0&2,-1.5,212.5,24,22.5,-10.5,6.0,-16.5,W,W,U,"0
Feb","27,",2015,recap,Fri,2014,Rockets,Nets,home,102-98,1&1,-7.0,206.5,4,-3.0,-6.5,-4.8,-1.8,W,L,U,"0
Feb","27,",2015,recap,Fri,2014,Nets,Rockets,away,98-102,1&1,7.0,206.5,-4,3.0,-6.5,-1.8,-4.8,L,W,U,"0
Feb","27,",2015,recap,Fri,2014,Seventysixers,Wizards,home,89-81,1&1,7.5,194.0,8,15.5,-24.0,-4.2,-19.8,W,W,U,"0
Feb","27,",2015,recap,Fri,2014,Wizards,Seventysixers,away,81-89,1&1,-7.5,194.0,-8,-15.5,-24.0,-19.8,-4.2,L,L,U,"0
Feb","27,",2015,recap,Fri,2014,Trailblazers,Thunder,home,115-112,1&0,-5.5,206.0,3,-2.5,21.0,9.2,11.8,W,L,O,"0
Feb","27,",2015,recap,Fri,2014,Thunder,Trailblazers,away,112-115,0&1,5.5,206.0,-3,2.5,21.0,11.8,9.2,L,W,O,0
