Date,Link,Day,Season,Team,Opp,Site,Final,Rest,Line,Total,SUm,ATSm,OUm,DPS,DPA,SUr,ATSr,OUr,"ot
Jan","04,",2015,recap,Sun,2014,Cavaliers,Mavericks,home,90-109,1&1,8.0,207.0,-19,-11.0,-8.0,-9.5,1.5,L,L,U,"0
Jan","04,",2015,recap,Sun,2014,Mavericks,Cavaliers,away,109-90,1&1,-8.0,207.0,19,11.0,-8.0,1.5,-9.5,W,W,U,"0
Jan","04,",2015,recap,Sun,2014,Heat,Nets,home,88-84,0&1,2.5,194.0,4,6.5,-22.0,-7.8,-14.2,W,W,U,"0
Jan","04,",2015,recap,Sun,2014,Nets,Heat,away,84-88,1&0,-2.5,194.0,-4,-6.5,-22.0,-14.2,-7.8,L,L,U,"0
Jan","04,",2015,recap,Sun,2014,Knicks,Bucks,home,82-95,1&1,7.0,192.5,-13,-6.0,-15.5,-10.8,-4.8,L,L,U,"0
Jan","04,",2015,recap,Sun,2014,Bucks,Knicks,away,95-82,1&1,-7.0,192.5,13,6.0,-15.5,-4.8,-10.8,W,W,U,"0
Jan","04,",2015,recap,Sun,2014,Lakers,Pacers,home,88-87,1&1,1.0,202.0,1,2.0,-27.0,-12.5,-14.5,W,W,U,"0
Jan","04,",2015,recap,Sun,2014,Pacers,Lakers,away,87-88,1&1,-1.0,202.0,-1,-2.0,-27.0,-14.5,-12.5,L,L,U,"0
Jan","04,",2015,recap,Sun,2014,Pistons,Kings,home,114-95,1&2,-3.5,209.0,19,15.5,0.0,7.8,-7.8,W,W,P,"0
Jan","04,",2015,recap,Sun,2014,Kings,Pistons,away,95-114,2&1,3.5,209.0,-19,-15.5,0.0,-7.8,7.8,L,L,P,"0
Jan","04,",2015,recap,Sun,2014,Suns,Raptors,home,125-109,1&1,-1.0,216.5,16,15.0,17.5,16.2,1.2,W,W,O,"0
Jan","04,",2015,recap,Sun,2014,Raptors,Suns,away,109-125,1&1,1.0,216.5,-16,-15.0,17.5,1.2,16.2,L,L,O,0
