Date,Link,Day,Season,Team,Opp,Site,Final,Rest,Line,Total,SUm,ATSm,OUm,DPS,DPA,SUr,ATSr,OUr,"ot
Dec","25,",2015,recap,Fri,2015,Heat,Pelicans,home,94-88,2&1,-5.5,199.0,6,0.5,-17.0,-8.2,-8.8,W,W,U,"1
Dec","25,",2015,recap,Fri,2015,Pelicans,Heat,away,88-94,1&2,5.5,199.0,-6,-0.5,-17.0,-8.8,-8.2,L,L,U,"1
Dec","25,",2015,recap,Fri,2015,Lakers,Clippers,home,84-94,1&3,12.0,207.0,-10,2.0,-29.0,-13.5,-15.5,L,W,U,"0
Dec","25,",2015,recap,Fri,2015,Clippers,Lakers,away,94-84,3&1,-12.0,207.0,10,-2.0,-29.0,-15.5,-13.5,W,L,U,"0
Dec","25,",2015,recap,Fri,2015,Rockets,Spurs,home,88-84,1&1,7.0,203.5,4,11.0,-31.5,-10.2,-21.2,W,W,U,"0
Dec","25,",2015,recap,Fri,2015,Spurs,Rockets,away,84-88,1&1,-7.0,203.5,-4,-11.0,-31.5,-21.2,-10.2,L,L,U,"0
Dec","25,",2015,recap,Fri,2015,Thunder,Bulls,home,96-105,1&3,-9.0,205.0,-9,-18.0,-4.0,-11.0,7.0,L,L,U,"0
Dec","25,",2015,recap,Fri,2015,Bulls,Thunder,away,105-96,3&1,9.0,205.0,9,18.0,-4.0,7.0,-11.0,W,W,U,"0
Dec","25,",2015,recap,Fri,2015,Warriors,Cavaliers,home,89-83,1&1,-6.5,206.5,6,-0.5,-34.5,-17.5,-17.0,W,L,U,"0
Dec","25,",2015,recap,Fri,2015,Cavaliers,Warriors,away,83-89,1&1,6.5,206.5,-6,0.5,-34.5,-17.0,-17.5,L,W,U,0
