Date,Link,Day,Season,Team,Opp,Site,Final,Rest,Line,Total,SUm,ATSm,OUm,DPS,DPA,SUr,ATSr,OUr,"ot
Nov","27,",2015,recap,Fri,2015,Celtics,Wizards,home,111-78,1&1,-3.0,210.5,33,30.0,-21.5,4.2,-25.8,W,W,U,"0
Nov","27,",2015,recap,Fri,2015,Wizards,Celtics,away,78-111,1&1,3.0,210.5,-33,-30.0,-21.5,-25.8,4.2,L,L,U,"0
Nov","27,",2015,recap,Fri,2015,Clippers,Pelicans,home,111-90,1&1,-6.5,213.5,21,14.5,-12.5,1.0,-13.5,W,W,U,"0
Nov","27,",2015,recap,Fri,2015,Pelicans,Clippers,away,90-111,1&1,6.5,213.5,-21,-14.5,-12.5,-13.5,1.0,L,L,U,"0
Nov","27,",2015,recap,Fri,2015,Grizzlies,Hawks,home,101-116,1&1,-3.0,195.5,-15,-18.0,21.5,1.8,19.8,L,L,O,"0
Nov","27,",2015,recap,Fri,2015,Hawks,Grizzlies,away,116-101,1&1,3.0,195.5,15,18.0,21.5,19.8,1.8,W,W,O,"0
Nov","27,",2015,recap,Fri,2015,Hornets,Cavaliers,home,90-95,1&1,4.0,205.0,-5,-1.0,-20.0,-10.5,-9.5,L,L,U,"0
Nov","27,",2015,recap,Fri,2015,Cavaliers,Hornets,away,95-90,1&1,-4.0,205.0,5,1.0,-20.0,-9.5,-10.5,W,W,U,"0
Nov","27,",2015,recap,Fri,2015,Kings,Timberwolves,home,91-101,1&1,-2.0,218.0,-10,-12.0,-26.0,-19.0,-7.0,L,L,U,"0
Nov","27,",2015,recap,Fri,2015,Timberwolves,Kings,away,101-91,1&1,2.0,218.0,10,12.0,-26.0,-7.0,-19.0,W,W,U,"0
Nov","27,",2015,recap,Fri,2015,Knicks,Heat,home,78-97,1&1,1.5,186.5,-19,-17.5,-11.5,-14.5,3.0,L,L,U,"0
Nov","27,",2015,recap,Fri,2015,Heat,Knicks,away,97-78,1&1,-1.5,186.5,19,17.5,-11.5,3.0,-14.5,W,W,U,"0
Nov","27,",2015,recap,Fri,2015,Magic,Bucks,home,114-90,1&1,-3.5,199.5,24,20.5,4.5,12.5,-8.0,W,W,O,"0
Nov","27,",2015,recap,Fri,2015,Bucks,Magic,away,90-114,1&1,3.5,199.5,-24,-20.5,4.5,-8.0,12.5,L,L,O,"0
Nov","27,",2015,recap,Fri,2015,Nuggets,Spurs,home,80-91,2&1,9.0,195.0,-11,-2.0,-24.0,-13.0,-11.0,L,L,U,"0
Nov","27,",2015,recap,Fri,2015,Spurs,Nuggets,away,91-80,1&2,-9.0,195.0,11,2.0,-24.0,-11.0,-13.0,W,W,U,"0
Nov","27,",2015,recap,Fri,2015,Pacers,Bulls,home,104-92,2&2,-3.5,199.0,12,8.5,-3.0,2.8,-5.8,W,W,U,"0
Nov","27,",2015,recap,Fri,2015,Bulls,Pacers,away,92-104,2&2,3.5,199.0,-12,-8.5,-3.0,-5.8,2.8,L,L,U,"0
Nov","27,",2015,recap,Fri,2015,Rockets,Seventysixers,home,116-114,1&1,-10.5,197.0,2,-8.5,33.0,12.2,20.8,W,L,O,"0
Nov","27,",2015,recap,Fri,2015,Seventysixers,Rockets,away,114-116,1&1,10.5,197.0,-2,8.5,33.0,20.8,12.2,L,W,O,"0
Nov","27,",2015,recap,Fri,2015,Suns,Warriors,home,116-135,1&2,8.5,216.5,-19,-10.5,34.5,12.0,22.5,L,L,O,"0
Nov","27,",2015,recap,Fri,2015,Warriors,Suns,away,135-116,2&1,-8.5,216.5,19,10.5,34.5,22.5,12.0,W,W,O,"0
Nov","27,",2015,recap,Fri,2015,Thunder,Pistons,home,103-87,1&1,-8.0,207.0,16,8.0,-17.0,-4.5,-12.5,W,W,U,"0
Nov","27,",2015,recap,Fri,2015,Pistons,Thunder,away,87-103,1&1,8.0,207.0,-16,-8.0,-17.0,-12.5,-4.5,L,L,U,0
