Date,Link,Day,Season,Team,Opp,Site,Final,Rest,Line,Total,SUm,ATSm,OUm,DPS,DPA,SUr,ATSr,OUr,"ot
Jan","16,",2015,recap,Fri,2014,Celtics,Bulls,home,103-119,1&1,5.0,202.5,-16,-11.0,19.5,4.2,15.2,L,L,O,"0
Jan","16,",2015,recap,Fri,2014,Bulls,Celtics,away,119-103,1&1,-5.0,202.5,16,11.0,19.5,15.2,4.2,W,W,O,"0
Jan","16,",2015,recap,Fri,2014,Clippers,Cavaliers,home,121-126,1&0,-8.0,207.5,-5,-13.0,39.5,13.2,26.2,L,L,O,"0
Jan","16,",2015,recap,Fri,2014,Cavaliers,Clippers,away,126-121,0&1,8.0,207.5,5,13.0,39.5,26.2,13.2,W,W,O,"0
Jan","16,",2015,recap,Fri,2014,Jazz,Lakers,home,94-85,2&0,-8.0,195.0,9,1.0,-16.0,-7.5,-8.5,W,W,U,"0
Jan","16,",2015,recap,Fri,2014,Lakers,Jazz,away,85-94,0&2,8.0,195.0,-9,-1.0,-16.0,-8.5,-7.5,L,L,U,"0
Jan","16,",2015,recap,Fri,2014,Kings,Heat,home,83-95,2&1,-3.0,192.0,-12,-15.0,-14.0,-14.5,0.5,L,L,U,"0
Jan","16,",2015,recap,Fri,2014,Heat,Kings,away,95-83,1&2,3.0,192.0,12,15.0,-14.0,0.5,-14.5,W,W,U,"0
Jan","16,",2015,recap,Fri,2014,Magic,Grizzlies,home,96-106,1&1,6.0,196.0,-10,-4.0,6.0,1.0,5.0,L,L,O,"0
Jan","16,",2015,recap,Fri,2014,Grizzlies,Magic,away,106-96,1&1,-6.0,196.0,10,4.0,6.0,5.0,1.0,W,W,O,"0
Jan","16,",2015,recap,Fri,2014,Mavericks,Nuggets,home,97-89,1&1,-8.0,215.5,8,0.0,-29.5,-14.8,-14.8,W,P,U,"0
Jan","16,",2015,recap,Fri,2014,Nuggets,Mavericks,away,89-97,1&1,8.0,215.5,-8,0.0,-29.5,-14.8,-14.8,L,P,U,"0
Jan","16,",2015,recap,Fri,2014,Pacers,Pistons,home,96-98,2&1,1.0,195.5,-2,-1.0,-1.5,-1.2,-0.2,L,L,U,"0
Jan","16,",2015,recap,Fri,2014,Pistons,Pacers,away,98-96,1&2,-1.0,195.5,2,1.0,-1.5,-0.2,-1.2,W,W,U,"0
Jan","16,",2015,recap,Fri,2014,Raptors,Hawks,home,89-110,1&1,1.5,206.5,-21,-19.5,-7.5,-13.5,6.0,L,L,U,"0
Jan","16,",2015,recap,Fri,2014,Hawks,Raptors,away,110-89,1&1,-1.5,206.5,21,19.5,-7.5,6.0,-13.5,W,W,U,"0
Jan","16,",2015,recap,Fri,2014,Seventysixers,Pelicans,home,96-81,1&1,7.0,192.0,15,22.0,-15.0,3.5,-18.5,W,W,U,"0
Jan","16,",2015,recap,Fri,2014,Pelicans,Seventysixers,away,81-96,1&1,-7.0,192.0,-15,-22.0,-15.0,-18.5,3.5,L,L,U,"0
Jan","16,",2015,recap,Fri,2014,Spurs,Trailblazers,home,110-96,1&1,-4.5,199.5,14,9.5,6.5,8.0,-1.5,W,W,O,"0
Jan","16,",2015,recap,Fri,2014,Trailblazers,Spurs,away,96-110,1&1,4.5,199.5,-14,-9.5,6.5,-1.5,8.0,L,L,O,"0
Jan","16,",2015,recap,Fri,2014,Suns,Timberwolves,home,110-99,2&2,-13.5,216.5,11,-2.5,-7.5,-5.0,-2.5,W,L,U,"0
Jan","16,",2015,recap,Fri,2014,Timberwolves,Suns,away,99-110,2&2,13.5,216.5,-11,2.5,-7.5,-2.5,-5.0,L,W,U,"0
Jan","16,",2015,recap,Fri,2014,Thunder,Warriors,home,127-115,0&1,1.0,216.5,12,13.0,25.5,19.2,6.2,W,W,O,"0
Jan","16,",2015,recap,Fri,2014,Warriors,Thunder,away,115-127,1&0,-1.0,216.5,-12,-13.0,25.5,6.2,19.2,L,L,O,"0
Jan","16,",2015,recap,Fri,2014,Wizards,Nets,home,80-102,1&1,-9.5,190.5,-22,-31.5,-8.5,-20.0,11.5,L,L,U,"0
Jan","16,",2015,recap,Fri,2014,Nets,Wizards,away,102-80,1&1,9.5,190.5,22,31.5,-8.5,11.5,-20.0,W,W,U,0
