Date,Link,Day,Season,Team,Opp,Site,Final,Rest,Line,Total,SUm,ATSm,OUm,DPS,DPA,SUr,ATSr,OUr,"ot
Nov","18,",2015,recap,Wed,2015,Celtics,Mavericks,home,102-106,1&1,-4.5,207.0,-4,-8.5,1.0,-3.8,4.8,L,L,O,"0
Nov","18,",2015,recap,Wed,2015,Mavericks,Celtics,away,106-102,1&1,4.5,207.0,4,8.5,1.0,4.8,-3.8,W,W,O,"0
Nov","18,",2015,recap,Wed,2015,Hawks,Kings,home,103-97,0&2,-3.5,208.5,6,2.5,-8.5,-3.0,-5.5,W,W,U,"0
Nov","18,",2015,recap,Wed,2015,Kings,Hawks,away,97-103,2&0,3.5,208.5,-6,-2.5,-8.5,-5.5,-3.0,L,L,U,"0
Nov","18,",2015,recap,Wed,2015,Hornets,Nets,home,116-111,0&0,-6.5,196.0,5,-1.5,31.0,14.8,16.2,W,L,O,"0
Nov","18,",2015,recap,Wed,2015,Nets,Hornets,away,111-116,0&0,6.5,196.0,-5,1.5,31.0,16.2,14.8,L,W,O,"0
Nov","18,",2015,recap,Wed,2015,Jazz,Raptors,home,93-89,2&0,-4.0,189.0,4,0.0,-7.0,-3.5,-3.5,W,P,U,"0
Nov","18,",2015,recap,Wed,2015,Raptors,Jazz,away,89-93,0&2,4.0,189.0,-4,0.0,-7.0,-3.5,-3.5,L,P,U,"0
Nov","18,",2015,recap,Wed,2015,Magic,Timberwolves,home,104-101,3&0,-4.0,204.0,3,-1.0,1.0,0.0,1.0,W,L,O,"1
Nov","18,",2015,recap,Wed,2015,Timberwolves,Magic,away,101-104,0&3,4.0,204.0,-3,1.0,1.0,1.0,0.0,L,W,O,"1
Nov","18,",2015,recap,Wed,2015,Rockets,Trailblazers,home,108-103,1&1,-7.0,210.0,5,-2.0,1.0,-0.5,1.5,W,L,O,"1
Nov","18,",2015,recap,Wed,2015,Trailblazers,Rockets,away,103-108,1&1,7.0,210.0,-5,2.0,1.0,1.5,-0.5,L,W,O,"1
Nov","18,",2015,recap,Wed,2015,Seventysixers,Pacers,home,85-112,1&1,7.5,191.5,-27,-19.5,5.5,-7.0,12.5,L,L,O,"0
Nov","18,",2015,recap,Wed,2015,Pacers,Seventysixers,away,112-85,1&1,-7.5,191.5,27,19.5,5.5,12.5,-7.0,W,W,O,"0
Nov","18,",2015,recap,Wed,2015,Spurs,Nuggets,home,109-98,1&0,-13.5,196.0,11,-2.5,11.0,4.2,6.8,W,L,O,"0
Nov","18,",2015,recap,Wed,2015,Nuggets,Spurs,away,98-109,0&1,13.5,196.0,-11,2.5,11.0,6.8,4.2,L,W,O,"0
Nov","18,",2015,recap,Wed,2015,Suns,Bulls,home,97-103,1&1,-2.5,203.0,-6,-8.5,-3.0,-5.8,2.8,L,L,U,"0
Nov","18,",2015,recap,Wed,2015,Bulls,Suns,away,103-97,1&1,2.5,203.0,6,8.5,-3.0,2.8,-5.8,W,W,U,"0
Nov","18,",2015,recap,Wed,2015,Thunder,Pelicans,home,110-103,1&0,-10.0,212.0,7,-3.0,1.0,-1.0,2.0,W,L,O,"0
Nov","18,",2015,recap,Wed,2015,Pelicans,Thunder,away,103-110,0&1,10.0,212.0,-7,3.0,1.0,2.0,-1.0,L,W,O,0
