Date,Link,Day,Season,Team,Opp,Site,Final,Rest,Line,Total,SUm,ATSm,OUm,DPS,DPA,SUr,ATSr,OUr,"ot
Mar","05,",2015,recap,Thu,2014,Bulls,Thunder,home,108-105,1&0,1.0,200.0,3,4.0,13.0,8.5,4.5,W,W,O,"0
Mar","05,",2015,recap,Thu,2014,Thunder,Bulls,away,105-108,0&1,-1.0,200.0,-3,-4.0,13.0,4.5,8.5,L,L,O,"0
Mar","05,",2015,recap,Thu,2014,Trailblazers,Mavericks,home,94-75,0&2,-3.0,198.5,19,16.0,-29.5,-6.8,-22.8,W,W,U,"0
Mar","05,",2015,recap,Thu,2014,Mavericks,Trailblazers,away,75-94,2&0,3.0,198.5,-19,-16.0,-29.5,-22.8,-6.8,L,L,U,0
