Date,Link,Day,Season,Team,Opp,Site,Final,Rest,Line,Total,SUm,ATSm,OUm,DPS,DPA,SUr,ATSr,OUr,"ot
Feb","21,",2015,recap,Sat,2014,Bulls,Suns,home,112-107,0&0,-8.0,204.0,5,-3.0,15.0,6.0,9.0,W,L,O,"0
Feb","21,",2015,recap,Sat,2014,Suns,Bulls,away,107-112,0&0,8.0,204.0,-5,3.0,15.0,9.0,6.0,L,W,O,"0
Feb","21,",2015,recap,Sat,2014,Clippers,Kings,home,126-99,1&0,-10.0,214.0,27,17.0,11.0,14.0,-3.0,W,W,O,"0
Feb","21,",2015,recap,Sat,2014,Kings,Clippers,away,99-126,0&1,10.0,214.0,-27,-17.0,11.0,-3.0,14.0,L,L,O,"0
Feb","21,",2015,recap,Sat,2014,Heat,Pelicans,home,91-105,0&0,-1.5,193.0,-14,-15.5,3.0,-6.2,9.2,L,L,O,"0
Feb","21,",2015,recap,Sat,2014,Pelicans,Heat,away,105-91,0&0,1.5,193.0,14,15.5,3.0,9.2,-6.2,W,W,O,"0
Feb","21,",2015,recap,Sat,2014,Hornets,Thunder,home,103-110,10&1,6.0,197.0,-7,-1.0,16.0,7.5,8.5,L,L,O,"0
Feb","21,",2015,recap,Sat,2014,Thunder,Hornets,away,110-103,1&10,-6.0,197.0,7,1.0,16.0,8.5,7.5,W,W,O,"0
Feb","21,",2015,recap,Sat,2014,Rockets,Raptors,home,98-76,0&0,-2.5,210.5,22,19.5,-36.5,-8.5,-28.0,W,W,U,"0
Feb","21,",2015,recap,Sat,2014,Raptors,Rockets,away,76-98,0&0,2.5,210.5,-22,-19.5,-36.5,-28.0,-8.5,L,L,U,0
