Date,Link,Day,Season,Team,Opp,Site,Final,Rest,Line,Total,SUm,ATSm,OUm,DPS,DPA,SUr,ATSr,OUr,"ot
Nov","19,",2015,recap,Thu,2015,Cavaliers,Bucks,home,115-100,1&1,-10.0,194.0,15,5.0,21.0,13.0,8.0,W,W,O,"0
Nov","19,",2015,recap,Thu,2015,Bucks,Cavaliers,away,100-115,1&1,10.0,194.0,-15,-5.0,21.0,8.0,13.0,L,L,O,"0
Nov","19,",2015,recap,Thu,2015,Clippers,Warriors,home,117-124,4&1,7.0,213.0,-7,0.0,28.0,14.0,14.0,L,P,O,"0
Nov","19,",2015,recap,Thu,2015,Warriors,Clippers,away,124-117,1&4,-7.0,213.0,7,0.0,28.0,14.0,14.0,W,P,O,"0
Nov","19,",2015,recap,Thu,2015,Heat,Kings,home,116-109,1&0,-8.0,203.0,7,-1.0,22.0,10.5,11.5,W,L,O,"0
Nov","19,",2015,recap,Thu,2015,Kings,Heat,away,109-116,0&1,8.0,203.0,-7,1.0,22.0,11.5,10.5,L,W,O,0
