Date,Link,Day,Season,Team,Opp,Site,Final,Rest,Line,Total,SUm,ATSm,OUm,DPS,DPA,SUr,ATSr,OUr,"ot
Feb","07,",2015,recap,Sat,2014,Bucks,Celtics,home,96-93,0&0,-6.0,194.0,3,-3.0,-5.0,-4.0,-1.0,W,L,U,"0
Feb","07,",2015,recap,Sat,2014,Celtics,Bucks,away,93-96,0&0,6.0,194.0,-3,3.0,-5.0,-1.0,-4.0,L,W,U,"0
Feb","07,",2015,recap,Sat,2014,Jazz,Kings,home,102-90,0&1,-6.0,195.0,12,6.0,-3.0,1.5,-4.5,W,W,U,"0
Feb","07,",2015,recap,Sat,2014,Kings,Jazz,away,90-102,1&0,6.0,195.0,-12,-6.0,-3.0,-4.5,1.5,L,L,U,"0
Feb","07,",2015,recap,Sat,2014,Knicks,Warriors,home,92-106,0&0,14.0,204.0,-14,0.0,-6.0,-3.0,-3.0,L,P,U,"0
Feb","07,",2015,recap,Sat,2014,Warriors,Knicks,away,106-92,0&0,-14.0,204.0,14,0.0,-6.0,-3.0,-3.0,W,P,U,"0
Feb","07,",2015,recap,Sat,2014,Mavericks,Trailblazers,home,111-101,1&1,-3.5,206.5,10,6.5,5.5,6.0,-0.5,W,W,O,"1
Feb","07,",2015,recap,Sat,2014,Trailblazers,Mavericks,away,101-111,1&1,3.5,206.5,-10,-6.5,5.5,-0.5,6.0,L,L,O,"1
Feb","07,",2015,recap,Sat,2014,Pelicans,Bulls,home,72-107,0&2,2.5,195.5,-35,-32.5,-16.5,-24.5,8.0,L,L,U,"0
Feb","07,",2015,recap,Sat,2014,Bulls,Pelicans,away,107-72,2&0,-2.5,195.5,35,32.5,-16.5,8.0,-24.5,W,W,U,"0
Feb","07,",2015,recap,Sat,2014,Seventysixers,Hornets,home,89-81,0&1,7.5,184.0,8,15.5,-14.0,0.8,-14.8,W,W,U,"0
Feb","07,",2015,recap,Sat,2014,Hornets,Seventysixers,away,81-89,1&0,-7.5,184.0,-8,-15.5,-14.0,-14.8,0.8,L,L,U,"0
Feb","07,",2015,recap,Sat,2014,Wizards,Nets,home,114-77,1&0,-6.5,192.5,37,30.5,-1.5,14.5,-16.0,W,W,U,"0
Feb","07,",2015,recap,Sat,2014,Nets,Wizards,away,77-114,0&1,6.5,192.5,-37,-30.5,-1.5,-16.0,14.5,L,L,U,0
