Date,Link,Day,Season,Team,Opp,Site,Final,Rest,Line,Total,SUm,ATSm,OUm,DPS,DPA,SUr,ATSr,OUr,"ot
Jan","14,",2015,recap,Wed,2014,Bulls,Wizards,home,99-105,1&0,-5.5,196.0,-6,-11.5,8.0,-1.8,9.8,L,L,O,"0
Jan","14,",2015,recap,Wed,2014,Wizards,Bulls,away,105-99,0&1,5.5,196.0,6,11.5,8.0,9.8,-1.8,W,W,O,"0
Jan","14,",2015,recap,Wed,2014,Celtics,Hawks,home,91-105,1&0,6.5,203.0,-14,-7.5,-7.0,-7.2,0.2,L,L,U,"0
Jan","14,",2015,recap,Wed,2014,Hawks,Celtics,away,105-91,0&1,-6.5,203.0,14,7.5,-7.0,0.2,-7.2,W,W,U,"0
Jan","14,",2015,recap,Wed,2014,Hornets,Spurs,home,93-98,3&0,4.5,191.0,-5,-0.5,0.0,-0.2,0.2,L,L,P,"0
Jan","14,",2015,recap,Wed,2014,Spurs,Hornets,away,98-93,0&3,-4.5,191.0,5,0.5,0.0,0.2,-0.2,W,W,P,"0
Jan","14,",2015,recap,Wed,2014,Magic,Rockets,home,120-113,1&1,8.5,200.0,7,15.5,33.0,24.2,8.8,W,W,O,"0
Jan","14,",2015,recap,Wed,2014,Rockets,Magic,away,113-120,1&1,-8.5,200.0,-7,-15.5,33.0,8.8,24.2,L,L,O,"0
Jan","14,",2015,recap,Wed,2014,Nets,Grizzlies,home,92-103,1&2,7.0,190.5,-11,-4.0,4.5,0.2,4.2,L,L,O,"0
Jan","14,",2015,recap,Wed,2014,Grizzlies,Nets,away,103-92,2&1,-7.0,190.5,11,4.0,4.5,4.2,0.2,W,W,O,"0
Jan","14,",2015,recap,Wed,2014,Nuggets,Mavericks,home,114-107,4&0,-4.0,212.0,7,3.0,9.0,6.0,3.0,W,W,O,"0
Jan","14,",2015,recap,Wed,2014,Mavericks,Nuggets,away,107-114,0&4,4.0,212.0,-7,-3.0,9.0,3.0,6.0,L,L,O,"0
Jan","14,",2015,recap,Wed,2014,Pistons,Pelicans,home,94-105,1&1,-4.0,203.0,-11,-15.0,-4.0,-9.5,5.5,L,L,U,"0
Jan","14,",2015,recap,Wed,2014,Pelicans,Pistons,away,105-94,1&1,4.0,203.0,11,15.0,-4.0,5.5,-9.5,W,W,U,"0
Jan","14,",2015,recap,Wed,2014,Raptors,Seventysixers,home,100-84,1&0,-16.5,202.0,16,-0.5,-18.0,-9.2,-8.8,W,L,U,"0
Jan","14,",2015,recap,Wed,2014,Seventysixers,Raptors,away,84-100,0&1,16.5,202.0,-16,0.5,-18.0,-8.8,-9.2,L,W,U,"0
Jan","14,",2015,recap,Wed,2014,Trailblazers,Clippers,home,94-100,2&2,-4.0,207.0,-6,-10.0,-13.0,-11.5,-1.5,L,L,U,"0
Jan","14,",2015,recap,Wed,2014,Clippers,Trailblazers,away,100-94,2&2,4.0,207.0,6,10.0,-13.0,-1.5,-11.5,W,W,U,"0
Jan","14,",2015,recap,Wed,2014,Warriors,Heat,home,104-89,0&0,-14.5,201.0,15,0.5,-8.0,-3.8,-4.2,W,W,U,"0
Jan","14,",2015,recap,Wed,2014,Heat,Warriors,away,89-104,0&0,14.5,201.0,-15,-0.5,-8.0,-4.2,-3.8,L,L,U,0
