Date,Link,Day,Season,Team,Opp,Site,Final,Rest,Line,Total,SUm,ATSm,OUm,DPS,DPA,SUr,ATSr,OUr,"ot
Mar","27,",2015,recap,Fri,2014,Grizzlies,Warriors,home,84-107,1&2,3.5,198.0,-23,-19.5,-7.0,-13.2,6.2,L,L,U,"0
Mar","27,",2015,recap,Fri,2014,Warriors,Grizzlies,away,107-84,2&1,-3.5,198.0,23,19.5,-7.0,6.2,-13.2,W,W,U,"0
Mar","27,",2015,recap,Fri,2014,Hawks,Heat,home,99-86,1&1,-9.0,195.5,13,4.0,-10.5,-3.2,-7.2,W,W,U,"0
Mar","27,",2015,recap,Fri,2014,Heat,Hawks,away,86-99,1&1,9.0,195.5,-13,-4.0,-10.5,-7.2,-3.2,L,L,U,"0
Mar","27,",2015,recap,Fri,2014,Knicks,Celtics,home,92-96,1&1,9.5,194.0,-4,5.5,-6.0,-0.2,-5.8,L,W,U,"0
Mar","27,",2015,recap,Fri,2014,Celtics,Knicks,away,96-92,1&1,-9.5,194.0,4,-5.5,-6.0,-5.8,-0.2,W,L,U,"0
Mar","27,",2015,recap,Fri,2014,Magic,Pistons,home,97-111,1&2,2.0,197.5,-14,-12.0,10.5,-0.8,11.2,L,L,O,"0
Mar","27,",2015,recap,Fri,2014,Pistons,Magic,away,111-97,2&1,-2.0,197.5,14,12.0,10.5,11.2,-0.8,W,W,O,"0
Mar","27,",2015,recap,Fri,2014,Nets,Cavaliers,home,106-98,1&1,8.5,206.5,8,16.5,-2.5,7.0,-9.5,W,W,U,"0
Mar","27,",2015,recap,Fri,2014,Cavaliers,Nets,away,98-106,1&1,-8.5,206.5,-8,-16.5,-2.5,-9.5,7.0,L,L,U,"0
Mar","27,",2015,recap,Fri,2014,Nuggets,Jazz,home,107-91,1&1,-3.0,189.5,16,13.0,8.5,10.8,-2.2,W,W,O,"0
Mar","27,",2015,recap,Fri,2014,Jazz,Nuggets,away,91-107,1&1,3.0,189.5,-16,-13.0,8.5,-2.2,10.8,L,L,O,"0
Mar","27,",2015,recap,Fri,2014,Pelicans,Kings,home,102-88,1&1,-7.0,206.0,14,7.0,-16.0,-4.5,-11.5,W,W,U,"0
Mar","27,",2015,recap,Fri,2014,Kings,Pelicans,away,88-102,1&1,7.0,206.0,-14,-7.0,-16.0,-11.5,-4.5,L,L,U,"0
Mar","27,",2015,recap,Fri,2014,Raptors,Lakers,home,94-83,1&1,-9.5,202.5,11,1.5,-25.5,-12.0,-13.5,W,W,U,"0
Mar","27,",2015,recap,Fri,2014,Lakers,Raptors,away,83-94,1&1,9.5,202.5,-11,-1.5,-25.5,-13.5,-12.0,L,L,U,"0
Mar","27,",2015,recap,Fri,2014,Rockets,Timberwolves,home,120-110,1&1,-13.0,206.0,10,-3.0,24.0,10.5,13.5,W,L,O,"0
Mar","27,",2015,recap,Fri,2014,Timberwolves,Rockets,away,110-120,1&1,13.0,206.0,-10,3.0,24.0,13.5,10.5,L,W,O,"0
Mar","27,",2015,recap,Fri,2014,Seventysixers,Clippers,home,98-119,1&1,12.5,202.0,-21,-8.5,15.0,3.2,11.8,L,L,O,"0
Mar","27,",2015,recap,Fri,2014,Clippers,Seventysixers,away,119-98,1&1,-12.5,202.0,21,8.5,15.0,11.8,3.2,W,W,O,"0
Mar","27,",2015,recap,Fri,2014,Spurs,Mavericks,home,94-76,1&2,-9.5,206.0,18,8.5,-36.0,-13.8,-22.2,W,W,U,"0
Mar","27,",2015,recap,Fri,2014,Mavericks,Spurs,away,76-94,2&1,9.5,206.0,-18,-8.5,-36.0,-22.2,-13.8,L,L,U,"0
Mar","27,",2015,recap,Fri,2014,Suns,Trailblazers,home,81-87,1&1,1.5,204.0,-6,-4.5,-36.0,-20.2,-15.8,L,L,U,"0
Mar","27,",2015,recap,Fri,2014,Trailblazers,Suns,away,87-81,1&1,-1.5,204.0,6,4.5,-36.0,-15.8,-20.2,W,W,U,"0
Mar","27,",2015,recap,Fri,2014,Wizards,Hornets,home,110-107,1&1,-3.5,189.5,3,-0.5,27.5,13.5,14.0,W,L,O,"2
Mar","27,",2015,recap,Fri,2014,Hornets,Wizards,away,107-110,1&1,3.5,189.5,-3,0.5,27.5,14.0,13.5,L,W,O,2
