Date,Link,Day,Season,Team,Opp,Site,Final,Rest,Line,Total,SUm,ATSm,OUm,DPS,DPA,SUr,ATSr,OUr,"ot
Feb","23,",2015,recap,Mon,2014,Bulls,Bucks,home,87-71,1&0,-7.5,193.0,16,8.5,-35.0,-13.2,-21.8,W,W,U,"0
Feb","23,",2015,recap,Mon,2014,Bucks,Bulls,away,71-87,0&1,7.5,193.0,-16,-8.5,-35.0,-21.8,-13.2,L,L,U,"0
Feb","23,",2015,recap,Mon,2014,Clippers,Grizzlies,home,87-90,1&0,-3.5,202.0,-3,-6.5,-25.0,-15.8,-9.2,L,L,U,"0
Feb","23,",2015,recap,Mon,2014,Grizzlies,Clippers,away,90-87,0&1,3.5,202.0,3,6.5,-25.0,-9.2,-15.8,W,W,U,"0
Feb","23,",2015,recap,Mon,2014,Heat,Seventysixers,home,119-108,1&0,-11.0,193.0,11,0.0,34.0,17.0,17.0,W,P,O,"0
Feb","23,",2015,recap,Mon,2014,Seventysixers,Heat,away,108-119,0&1,11.0,193.0,-11,0.0,34.0,17.0,17.0,L,P,O,"0
Feb","23,",2015,recap,Mon,2014,Jazz,Spurs,home,90-81,2&2,5.5,186.5,9,14.5,-15.5,-0.5,-15.0,W,W,U,"0
Feb","23,",2015,recap,Mon,2014,Spurs,Jazz,away,81-90,2&2,-5.5,186.5,-9,-14.5,-15.5,-15.0,-0.5,L,L,U,"0
Feb","23,",2015,recap,Mon,2014,Nuggets,Nets,home,82-110,0&2,2.5,202.5,-28,-25.5,-10.5,-18.0,7.5,L,L,U,"0
Feb","23,",2015,recap,Mon,2014,Nets,Nuggets,away,110-82,2&0,-2.5,202.5,28,25.5,-10.5,7.5,-18.0,W,W,U,"0
Feb","23,",2015,recap,Mon,2014,Pelicans,Raptors,home,100-97,1&1,7.0,196.0,3,10.0,1.0,5.5,-4.5,W,W,O,"0
Feb","23,",2015,recap,Mon,2014,Raptors,Pelicans,away,97-100,1&1,-7.0,196.0,-3,-10.0,1.0,-4.5,5.5,L,L,O,"0
Feb","23,",2015,recap,Mon,2014,Rockets,Timberwolves,home,113-102,1&2,-9.0,213.0,11,2.0,2.0,2.0,0.0,W,W,O,"0
Feb","23,",2015,recap,Mon,2014,Timberwolves,Rockets,away,102-113,2&1,9.0,213.0,-11,-2.0,2.0,0.0,2.0,L,L,O,"0
Feb","23,",2015,recap,Mon,2014,Suns,Celtics,home,110-115,1&0,-7.5,213.0,-5,-12.5,12.0,-0.2,12.2,L,L,O,"0
Feb","23,",2015,recap,Mon,2014,Celtics,Suns,away,115-110,0&1,7.5,213.0,5,12.5,12.0,12.2,-0.2,W,W,O,0
