Date,Link,Day,Season,Team,Opp,Site,Final,Rest,Line,Total,SUm,ATSm,OUm,DPS,DPA,SUr,ATSr,OUr,"ot
Jan","11,",2015,recap,Sun,2014,Clippers,Heat,home,90-104,0&2,-10.0,200.0,-14,-24.0,-6.0,-15.0,9.0,L,L,U,"0
Jan","11,",2015,recap,Sun,2014,Heat,Clippers,away,104-90,2&0,10.0,200.0,14,24.0,-6.0,9.0,-15.0,W,W,U,"0
Jan","11,",2015,recap,Sun,2014,Grizzlies,Suns,home,122-110,1&1,-4.0,208.5,12,8.0,23.5,15.8,7.8,W,W,O,"2
Jan","11,",2015,recap,Sun,2014,Suns,Grizzlies,away,110-122,1&1,4.0,208.5,-12,-8.0,23.5,7.8,15.8,L,L,O,"2
Jan","11,",2015,recap,Sun,2014,Hawks,Wizards,home,120-89,1&1,-4.5,195.0,31,26.5,14.0,20.2,-6.2,W,W,O,"0
Jan","11,",2015,recap,Sun,2014,Wizards,Hawks,away,89-120,1&1,4.5,195.0,-31,-26.5,14.0,-6.2,20.2,L,L,O,"0
Jan","11,",2015,recap,Sun,2014,Kings,Cavaliers,home,103-84,1&1,-3.5,205.0,19,15.5,-18.0,-1.2,-16.8,W,W,U,"0
Jan","11,",2015,recap,Sun,2014,Cavaliers,Kings,away,84-103,1&1,3.5,205.0,-19,-15.5,-18.0,-16.8,-1.2,L,L,U,"0
Jan","11,",2015,recap,Sun,2014,Lakers,Trailblazers,home,94-106,1&0,6.0,204.5,-12,-6.0,-4.5,-5.2,0.8,L,L,U,"0
Jan","11,",2015,recap,Sun,2014,Trailblazers,Lakers,away,106-94,0&1,-6.0,204.5,12,6.0,-4.5,0.8,-5.2,W,W,U,0
