Date,Link,Day,Season,Team,Opp,Site,Final,Rest,Line,Total,SUm,ATSm,OUm,DPS,DPA,SUr,ATSr,OUr,"ot
Apr","03,",2015,recap,Fri,2014,Bulls,Pistons,home,88-82,1&1,-9.0,195.5,6,-3.0,-25.5,-14.2,-11.2,W,L,U,"0
Apr","03,",2015,recap,Fri,2014,Pistons,Bulls,away,82-88,1&1,9.0,195.5,-6,3.0,-25.5,-11.2,-14.2,L,W,U,"0
Apr","03,",2015,recap,Fri,2014,Celtics,Bucks,home,101-110,1&1,-5.0,195.0,-9,-14.0,16.0,1.0,15.0,L,L,O,"0
Apr","03,",2015,recap,Fri,2014,Bucks,Celtics,away,110-101,1&1,5.0,195.0,9,14.0,16.0,15.0,1.0,W,W,O,"0
Apr","03,",2015,recap,Fri,2014,Grizzlies,Thunder,home,100-92,3&1,-6.0,204.5,8,2.0,-12.5,-5.2,-7.2,W,W,U,"0
Apr","03,",2015,recap,Fri,2014,Thunder,Grizzlies,away,92-100,1&3,6.0,204.5,-8,-2.0,-12.5,-7.2,-5.2,L,L,U,"0
Apr","03,",2015,recap,Fri,2014,Kings,Pelicans,home,95-101,1&1,6.0,204.5,-6,0.0,-8.5,-4.2,-4.2,L,P,U,"0
Apr","03,",2015,recap,Fri,2014,Pelicans,Kings,away,101-95,1&1,-6.0,204.5,6,0.0,-8.5,-4.2,-4.2,W,P,U,"0
Apr","03,",2015,recap,Fri,2014,Lakers,Trailblazers,home,77-107,1&1,10.5,203.0,-30,-19.5,-19.0,-19.2,0.2,L,L,U,"0
Apr","03,",2015,recap,Fri,2014,Trailblazers,Lakers,away,107-77,1&1,-10.5,203.0,30,19.5,-19.0,0.2,-19.2,W,W,U,"0
Apr","03,",2015,recap,Fri,2014,Nets,Raptors,home,114-109,1&1,-2.5,206.5,5,2.5,16.5,9.5,7.0,W,W,O,"0
Apr","03,",2015,recap,Fri,2014,Raptors,Nets,away,109-114,1&1,2.5,206.5,-5,-2.5,16.5,7.0,9.5,L,L,O,"0
Apr","03,",2015,recap,Fri,2014,Pacers,Hornets,home,93-74,1&1,-5.0,193.0,19,14.0,-26.0,-6.0,-20.0,W,W,U,"0
Apr","03,",2015,recap,Fri,2014,Hornets,Pacers,away,74-93,1&1,5.0,193.0,-19,-14.0,-26.0,-20.0,-6.0,L,L,U,"0
Apr","03,",2015,recap,Fri,2014,Spurs,Nuggets,home,123-93,1&1,-13.0,208.5,30,17.0,7.5,12.2,-4.8,W,W,O,"0
Apr","03,",2015,recap,Fri,2014,Nuggets,Spurs,away,93-123,1&1,13.0,208.5,-30,-17.0,7.5,-4.8,12.2,L,L,O,"0
Apr","03,",2015,recap,Fri,2014,Timberwolves,Magic,home,84-97,1&1,4.5,205.0,-13,-8.5,-24.0,-16.2,-7.8,L,L,U,"0
Apr","03,",2015,recap,Fri,2014,Magic,Timberwolves,away,97-84,1&1,-4.5,205.0,13,8.5,-24.0,-7.8,-16.2,W,W,U,"0
Apr","03,",2015,recap,Fri,2014,Wizards,Knicks,home,101-87,1&1,-14.5,190.0,14,-0.5,-2.0,-1.2,-0.8,W,L,U,"0
Apr","03,",2015,recap,Fri,2014,Knicks,Wizards,away,87-101,1&1,14.5,190.0,-14,0.5,-2.0,-0.8,-1.2,L,W,U,0
