Date,Link,Day,Season,Team,Opp,Site,Final,Rest,Line,Total,SUm,ATSm,OUm,DPS,DPA,SUr,ATSr,OUr,"ot
Jan","09,",2015,recap,Fri,2014,Bucks,Timberwolves,home,98-84,1&1,-9.0,203.0,14,5.0,-21.0,-8.0,-13.0,W,W,U,"0
Jan","09,",2015,recap,Fri,2014,Timberwolves,Bucks,away,84-98,1&1,9.0,203.0,-14,-5.0,-21.0,-13.0,-8.0,L,L,U,"0
Jan","09,",2015,recap,Fri,2014,Kings,Nuggets,home,108-118,1&1,-4.5,213.0,-10,-14.5,13.0,-0.8,13.8,L,L,O,"0
Jan","09,",2015,recap,Fri,2014,Nuggets,Kings,away,118-108,1&1,4.5,213.0,10,14.5,13.0,13.8,-0.8,W,W,O,"0
Jan","09,",2015,recap,Fri,2014,Lakers,Magic,home,101-84,1&1,-3.0,199.0,17,14.0,-14.0,0.0,-14.0,W,W,U,"0
Jan","09,",2015,recap,Fri,2014,Magic,Lakers,away,84-101,1&1,3.0,199.0,-17,-14.0,-14.0,-14.0,0.0,L,L,U,"0
Jan","09,",2015,recap,Fri,2014,Nets,Seventysixers,home,88-90,1&1,-10.0,191.0,-2,-12.0,-13.0,-12.5,-0.5,L,L,U,"0
Jan","09,",2015,recap,Fri,2014,Seventysixers,Nets,away,90-88,1&1,10.0,191.0,2,12.0,-13.0,-0.5,-12.5,W,W,U,"0
Jan","09,",2015,recap,Fri,2014,Pacers,Celtics,home,107-103,1&1,-5.0,197.0,4,-1.0,13.0,6.0,7.0,W,L,O,"1
Jan","09,",2015,recap,Fri,2014,Celtics,Pacers,away,103-107,1&1,5.0,197.0,-4,1.0,13.0,7.0,6.0,L,W,O,"1
Jan","09,",2015,recap,Fri,2014,Pelicans,Grizzlies,home,106-95,1&1,-2.0,196.5,11,9.0,4.5,6.8,-2.2,W,W,O,"0
Jan","09,",2015,recap,Fri,2014,Grizzlies,Pelicans,away,95-106,1&1,2.0,196.5,-11,-9.0,4.5,-2.2,6.8,L,L,O,"0
Jan","09,",2015,recap,Fri,2014,Pistons,Hawks,home,103-106,1&1,2.5,206.0,-3,-0.5,3.0,1.2,1.8,L,L,O,"0
Jan","09,",2015,recap,Fri,2014,Hawks,Pistons,away,106-103,1&1,-2.5,206.0,3,0.5,3.0,1.8,1.2,W,W,O,"0
Jan","09,",2015,recap,Fri,2014,Spurs,Suns,home,100-95,2&1,-5.0,210.5,5,0.0,-15.5,-7.8,-7.8,W,P,U,"0
Jan","09,",2015,recap,Fri,2014,Suns,Spurs,away,95-100,1&2,5.0,210.5,-5,0.0,-15.5,-7.8,-7.8,L,P,U,"0
Jan","09,",2015,recap,Fri,2014,Thunder,Jazz,home,99-94,1&1,-11.5,198.0,5,-6.5,-5.0,-5.8,0.8,W,L,U,"0
Jan","09,",2015,recap,Fri,2014,Jazz,Thunder,away,94-99,1&1,11.5,198.0,-5,6.5,-5.0,0.8,-5.8,L,W,U,"0
Jan","09,",2015,recap,Fri,2014,Warriors,Cavaliers,home,112-94,1&1,-13.0,208.5,18,5.0,-2.5,1.2,-3.8,W,W,U,"0
Jan","09,",2015,recap,Fri,2014,Cavaliers,Warriors,away,94-112,1&1,13.0,208.5,-18,-5.0,-2.5,-3.8,1.2,L,L,U,"0
Jan","09,",2015,recap,Fri,2014,Wizards,Bulls,home,102-86,1&1,-1.5,196.0,16,14.5,-8.0,3.2,-11.2,W,W,U,"0
Jan","09,",2015,recap,Fri,2014,Bulls,Wizards,away,86-102,1&1,1.5,196.0,-16,-14.5,-8.0,-11.2,3.2,L,L,U,0
