Date,Link,Day,Season,Team,Opp,Site,Final,Rest,Line,Total,SUm,ATSm,OUm,DPS,DPA,SUr,ATSr,OUr,"ot
Mar","07,",2015,recap,Sat,2014,Bucks,Wizards,home,91-85,2&0,-4.5,186.0,6,1.5,-10.0,-4.2,-5.8,W,W,U,"0
Mar","07,",2015,recap,Sat,2014,Wizards,Bucks,away,85-91,0&2,4.5,186.0,-6,-1.5,-10.0,-5.8,-4.2,L,L,U,"0
Mar","07,",2015,recap,Sat,2014,Cavaliers,Suns,home,89-79,0&0,-10.5,211.0,10,-0.5,-43.0,-21.8,-21.2,W,L,U,"0
Mar","07,",2015,recap,Sat,2014,Suns,Cavaliers,away,79-89,0&0,10.5,211.0,-10,0.5,-43.0,-21.2,-21.8,L,W,U,"0
Mar","07,",2015,recap,Sat,2014,Heat,Kings,home,114-109,0&0,-4.5,204.5,5,0.5,18.5,9.5,9.0,W,W,O,"1
Mar","07,",2015,recap,Sat,2014,Kings,Heat,away,109-114,0&0,4.5,204.5,-5,-0.5,18.5,9.0,9.5,L,L,O,"1
Mar","07,",2015,recap,Sat,2014,Knicks,Pacers,home,86-92,2&0,8.5,188.5,-6,2.5,-10.5,-4.0,-6.5,L,W,U,"0
Mar","07,",2015,recap,Sat,2014,Pacers,Knicks,away,92-86,0&2,-8.5,188.5,6,-2.5,-10.5,-6.5,-4.0,W,L,U,"0
Mar","07,",2015,recap,Sat,2014,Nuggets,Rockets,home,100-114,0&0,4.5,214.0,-14,-9.5,0.0,-4.8,4.8,L,L,P,"0
Mar","07,",2015,recap,Sat,2014,Rockets,Nuggets,away,114-100,0&0,-4.5,214.0,14,9.5,0.0,4.8,-4.8,W,W,P,"0
Mar","07,",2015,recap,Sat,2014,Pelicans,Grizzlies,home,95-89,0&0,0.0,187.5,6,6.0,-3.5,1.2,-4.8,W,W,U,"0
Mar","07,",2015,recap,Sat,2014,Grizzlies,Pelicans,away,89-95,0&0,0.0,187.5,-6,-6.0,-3.5,-4.8,1.2,L,L,U,"0
Mar","07,",2015,recap,Sat,2014,Seventysixers,Hawks,home,92-84,0&0,8.0,193.5,8,16.0,-17.5,-0.8,-16.8,W,W,U,"0
Mar","07,",2015,recap,Sat,2014,Hawks,Seventysixers,away,84-92,0&0,-8.0,193.5,-8,-16.0,-17.5,-16.8,-0.8,L,L,U,"0
Mar","07,",2015,recap,Sat,2014,Timberwolves,Trailblazers,home,121-113,2&1,4.5,198.5,8,12.5,35.5,24.0,11.5,W,W,O,"0
Mar","07,",2015,recap,Sat,2014,Trailblazers,Timberwolves,away,113-121,1&2,-4.5,198.5,-8,-12.5,35.5,11.5,24.0,L,L,O,0
