Date,Link,Day,Season,Team,Opp,Site,Final,Rest,Line,Total,SUm,ATSm,OUm,DPS,DPA,SUr,ATSr,OUr,"ot
Mar","31,",2015,recap,Tue,2014,Clippers,Warriors,home,106-110,1&2,-3.0,216.0,-4,-7.0,0.0,-3.5,3.5,L,L,P,"0
Mar","31,",2015,recap,Tue,2014,Warriors,Clippers,away,110-106,2&1,3.0,216.0,4,7.0,0.0,3.5,-3.5,W,W,P,"0
Mar","31,",2015,recap,Tue,2014,Heat,Spurs,home,81-95,1&1,8.0,195.0,-14,-6.0,-19.0,-12.5,-6.5,L,L,U,"0
Mar","31,",2015,recap,Tue,2014,Spurs,Heat,away,95-81,1&1,-8.0,195.0,14,6.0,-19.0,-6.5,-12.5,W,W,U,"0
Mar","31,",2015,recap,Tue,2014,Nets,Pacers,home,111-106,1&1,-1.5,199.5,5,3.5,17.5,10.5,7.0,W,W,O,"0
Mar","31,",2015,recap,Tue,2014,Pacers,Nets,away,106-111,1&1,1.5,199.5,-5,-3.5,17.5,7.0,10.5,L,L,O,"0
Mar","31,",2015,recap,Tue,2014,Pistons,Hawks,home,105-95,1&0,-4.0,198.0,10,6.0,2.0,4.0,-2.0,W,W,O,"0
Mar","31,",2015,recap,Tue,2014,Hawks,Pistons,away,95-105,0&1,4.0,198.0,-10,-6.0,2.0,-2.0,4.0,L,L,O,0
