Date,Link,Day,Season,Team,Opp,Site,Final,Rest,Line,Total,SUm,ATSm,OUm,DPS,DPA,SUr,ATSr,OUr,"ot
Feb","22,",2015,recap,Sun,2014,Bucks,Hawks,home,86-97,1&1,4.5,195.0,-11,-6.5,-12.0,-9.2,-2.8,L,L,U,"0
Feb","22,",2015,recap,Sun,2014,Hawks,Bucks,away,97-86,1&1,-4.5,195.0,11,6.5,-12.0,-2.8,-9.2,W,W,U,"0
Feb","22,",2015,recap,Sun,2014,Knicks,Cavaliers,home,83-101,1&1,16.5,197.0,-18,-1.5,-13.0,-7.2,-5.8,L,L,U,"0
Feb","22,",2015,recap,Sun,2014,Cavaliers,Knicks,away,101-83,1&1,-16.5,197.0,18,1.5,-13.0,-5.8,-7.2,W,W,U,"0
Feb","22,",2015,recap,Sun,2014,Lakers,Celtics,home,118-111,1&1,2.5,202.0,7,9.5,27.0,18.2,8.8,W,W,O,"1
Feb","22,",2015,recap,Sun,2014,Celtics,Lakers,away,111-118,1&1,-2.5,202.0,-7,-9.5,27.0,8.8,18.2,L,L,O,"1
Feb","22,",2015,recap,Sun,2014,Magic,Seventysixers,home,103-98,1&1,-9.0,188.5,5,-4.0,12.5,4.2,8.2,W,L,O,"0
Feb","22,",2015,recap,Sun,2014,Seventysixers,Magic,away,98-103,1&1,9.0,188.5,-5,4.0,12.5,8.2,4.2,L,W,O,"0
Feb","22,",2015,recap,Sun,2014,Mavericks,Hornets,home,92-81,1&0,-10.0,197.0,11,1.0,-24.0,-11.5,-12.5,W,W,U,"0
Feb","22,",2015,recap,Sun,2014,Hornets,Mavericks,away,81-92,0&1,10.0,197.0,-11,-1.0,-24.0,-12.5,-11.5,L,L,U,"0
Feb","22,",2015,recap,Sun,2014,Pacers,Warriors,home,104-98,1&1,4.0,204.5,6,10.0,-2.5,3.8,-6.2,W,W,U,"0
Feb","22,",2015,recap,Sun,2014,Warriors,Pacers,away,98-104,1&1,-4.0,204.5,-6,-10.0,-2.5,-6.2,3.8,L,L,U,"0
Feb","22,",2015,recap,Sun,2014,Pistons,Wizards,home,106-89,1&1,1.5,195.0,17,18.5,0.0,9.2,-9.2,W,W,P,"0
Feb","22,",2015,recap,Sun,2014,Wizards,Pistons,away,89-106,1&1,-1.5,195.0,-17,-18.5,0.0,-9.2,9.2,L,L,P,"0
Feb","22,",2015,recap,Sun,2014,Thunder,Nuggets,home,119-94,0&1,-10.0,211.0,25,15.0,2.0,8.5,-6.5,W,W,O,"0
Feb","22,",2015,recap,Sun,2014,Nuggets,Thunder,away,94-119,1&0,10.0,211.0,-25,-15.0,2.0,-6.5,8.5,L,L,O,"0
Feb","22,",2015,recap,Sun,2014,Trailblazers,Grizzlies,home,92-98,1&10,-3.5,192.5,-6,-9.5,-2.5,-6.0,3.5,L,L,U,"0
Feb","22,",2015,recap,Sun,2014,Grizzlies,Trailblazers,away,98-92,10&1,3.5,192.5,6,9.5,-2.5,3.5,-6.0,W,W,U,0
