Date,Link,Day,Season,Team,Opp,Site,Final,Rest,Line,Total,SUm,ATSm,OUm,DPS,DPA,SUr,ATSr,OUr,"ot
Mar","23,",2015,recap,Mon,2014,Bulls,Hornets,home,98-86,1&0,-7.0,189.5,12,5.0,-5.5,-0.2,-5.2,W,W,U,"0
Mar","23,",2015,recap,Mon,2014,Hornets,Bulls,away,86-98,0&1,7.0,189.5,-12,-5.0,-5.5,-5.2,-0.2,L,L,U,"0
Mar","23,",2015,recap,Mon,2014,Jazz,Timberwolves,home,104-106,1&0,-10.0,185.0,-2,-12.0,25.0,6.5,18.5,L,L,O,"1
Mar","23,",2015,recap,Mon,2014,Timberwolves,Jazz,away,106-104,0&1,10.0,185.0,2,12.0,25.0,18.5,6.5,W,W,O,"1
Mar","23,",2015,recap,Mon,2014,Knicks,Grizzlies,home,82-103,0&1,14.0,184.5,-21,-7.0,0.5,-3.2,3.8,L,L,O,"0
Mar","23,",2015,recap,Mon,2014,Grizzlies,Knicks,away,103-82,1&0,-14.0,184.5,21,7.0,0.5,3.8,-3.2,W,W,O,"0
Mar","23,",2015,recap,Mon,2014,Nets,Celtics,home,91-110,1&0,-4.5,203.0,-19,-23.5,-2.0,-12.8,10.8,L,L,U,"0
Mar","23,",2015,recap,Mon,2014,Celtics,Nets,away,110-91,0&1,4.5,203.0,19,23.5,-2.0,10.8,-12.8,W,W,U,"0
Mar","23,",2015,recap,Mon,2014,Pacers,Rockets,home,100-110,1&1,1.0,203.0,-10,-9.0,7.0,-1.0,8.0,L,L,O,"0
Mar","23,",2015,recap,Mon,2014,Rockets,Pacers,away,110-100,1&1,-1.0,203.0,10,9.0,7.0,8.0,-1.0,W,W,O,"0
Mar","23,",2015,recap,Mon,2014,Warriors,Wizards,home,107-76,1&0,-11.5,204.5,31,19.5,-21.5,-1.0,-20.5,W,W,U,"0
Mar","23,",2015,recap,Mon,2014,Wizards,Warriors,away,76-107,0&1,11.5,204.5,-31,-19.5,-21.5,-20.5,-1.0,L,L,U,0
