Date,Link,Day,Season,Team,Opp,Site,Final,Rest,Line,Total,SUm,ATSm,OUm,DPS,DPA,SUr,ATSr,OUr,"ot
Apr","15,",2015,recap,Wed,2014,Bucks,Celtics,home,100-105,1&0,-4.0,200.0,-5,-9.0,5.0,-2.0,7.0,L,L,O,"0
Apr","15,",2015,recap,Wed,2014,Celtics,Bucks,away,105-100,0&1,4.0,200.0,5,9.0,5.0,7.0,-2.0,W,W,O,"0
Apr","15,",2015,recap,Wed,2014,Bulls,Hawks,home,91-85,1&1,-5.5,197.0,6,0.5,-21.0,-10.2,-10.8,W,W,U,"0
Apr","15,",2015,recap,Wed,2014,Hawks,Bulls,away,85-91,1&1,5.5,197.0,-6,-0.5,-21.0,-10.8,-10.2,L,L,U,"0
Apr","15,",2015,recap,Wed,2014,Cavaliers,Wizards,home,113-108,1&0,-8.0,193.5,5,-3.0,27.5,12.2,15.2,W,L,O,"1
Apr","15,",2015,recap,Wed,2014,Wizards,Cavaliers,away,108-113,0&1,8.0,193.5,-5,3.0,27.5,15.2,12.2,L,W,O,"1
Apr","15,",2015,recap,Wed,2014,Grizzlies,Pacers,home,95-83,1&0,0.0,185.0,12,12.0,-7.0,2.5,-9.5,W,W,U,"0
Apr","15,",2015,recap,Wed,2014,Pacers,Grizzlies,away,83-95,0&1,0.0,185.0,-12,-12.0,-7.0,-9.5,2.5,L,L,U,"0
Apr","15,",2015,recap,Wed,2014,Knicks,Pistons,home,90-112,1&1,8.5,196.0,-22,-13.5,6.0,-3.8,9.8,L,L,O,"0
Apr","15,",2015,recap,Wed,2014,Pistons,Knicks,away,112-90,1&1,-8.5,196.0,22,13.5,6.0,9.8,-3.8,W,W,O,"0
Apr","15,",2015,recap,Wed,2014,Lakers,Kings,home,99-122,1&1,-3.5,206.5,-23,-26.5,14.5,-6.0,20.5,L,L,O,"0
Apr","15,",2015,recap,Wed,2014,Kings,Lakers,away,122-99,1&1,3.5,206.5,23,26.5,14.5,20.5,-6.0,W,W,O,"0
Apr","15,",2015,recap,Wed,2014,Mavericks,Trailblazers,home,114-98,1&1,-6.5,207.5,16,9.5,4.5,7.0,-2.5,W,W,O,"0
Apr","15,",2015,recap,Wed,2014,Trailblazers,Mavericks,away,98-114,1&1,6.5,207.5,-16,-9.5,4.5,-2.5,7.0,L,L,O,"0
Apr","15,",2015,recap,Wed,2014,Nets,Magic,home,101-88,1&1,-9.0,203.0,13,4.0,-14.0,-5.0,-9.0,W,W,U,"0
Apr","15,",2015,recap,Wed,2014,Magic,Nets,away,88-101,1&1,9.0,203.0,-13,-4.0,-14.0,-9.0,-5.0,L,L,U,"0
Apr","15,",2015,recap,Wed,2014,Pelicans,Spurs,home,108-103,1&2,5.5,193.0,5,10.5,18.0,14.2,3.8,W,W,O,"0
Apr","15,",2015,recap,Wed,2014,Spurs,Pelicans,away,103-108,2&1,-5.5,193.0,-5,-10.5,18.0,3.8,14.2,L,L,O,"0
Apr","15,",2015,recap,Wed,2014,Raptors,Hornets,home,92-87,0&1,-11.0,195.0,5,-6.0,-16.0,-11.0,-5.0,W,L,U,"0
Apr","15,",2015,recap,Wed,2014,Hornets,Raptors,away,87-92,1&0,11.0,195.0,-5,6.0,-16.0,-5.0,-11.0,L,W,U,"0
Apr","15,",2015,recap,Wed,2014,Rockets,Jazz,home,117-91,1&1,-11.5,195.5,26,14.5,12.5,13.5,-1.0,W,W,O,"0
Apr","15,",2015,recap,Wed,2014,Jazz,Rockets,away,91-117,1&1,11.5,195.5,-26,-14.5,12.5,-1.0,13.5,L,L,O,"0
Apr","15,",2015,recap,Wed,2014,Seventysixers,Heat,home,101-105,1&1,-2.0,196.0,-4,-6.0,10.0,2.0,8.0,L,L,O,"0
Apr","15,",2015,recap,Wed,2014,Heat,Seventysixers,away,105-101,1&1,2.0,196.0,4,6.0,10.0,8.0,2.0,W,W,O,"0
Apr","15,",2015,recap,Wed,2014,Timberwolves,Thunder,home,113-138,1&1,14.0,213.0,-25,-11.0,38.0,13.5,24.5,L,L,O,"0
Apr","15,",2015,recap,Wed,2014,Thunder,Timberwolves,away,138-113,1&1,-14.0,213.0,25,11.0,38.0,24.5,13.5,W,W,O,"0
Apr","15,",2015,recap,Wed,2014,Warriors,Nuggets,home,133-126,1&1,-11.0,219.0,7,-4.0,40.0,18.0,22.0,W,L,O,"0
Apr","15,",2015,recap,Wed,2014,Nuggets,Warriors,away,126-133,1&1,11.0,219.0,-7,4.0,40.0,22.0,18.0,L,W,O,0
