Date,Link,Day,Season,Team,Opp,Site,Final,Rest,Line,Total,SUm,ATSm,OUm,DPS,DPA,SUr,ATSr,OUr,"ot
Dec","19,",2015,recap,Sat,2015,Grizzlies,Pacers,home,96-84,0&0,-1.5,200.0,12,10.5,-20.0,-4.8,-15.2,W,W,U,"0
Dec","19,",2015,recap,Sat,2015,Pacers,Grizzlies,away,84-96,0&0,1.5,200.0,-12,-10.5,-20.0,-15.2,-4.8,L,L,U,"0
Dec","19,",2015,recap,Sat,2015,Knicks,Bulls,home,107-91,0&0,0.0,195.0,16,16.0,3.0,9.5,-6.5,W,W,O,"0
Dec","19,",2015,recap,Sat,2015,Bulls,Knicks,away,91-107,0&0,0.0,195.0,-16,-16.0,3.0,-6.5,9.5,L,L,O,"0
Dec","19,",2015,recap,Sat,2015,Rockets,Clippers,home,107-97,1&0,0.0,212.0,10,10.0,-8.0,1.0,-9.0,W,W,U,"0
Dec","19,",2015,recap,Sat,2015,Clippers,Rockets,away,97-107,0&1,0.0,212.0,-10,-10.0,-8.0,-9.0,1.0,L,L,U,"0
Dec","19,",2015,recap,Sat,2015,Thunder,Lakers,home,118-78,1&1,-16.0,208.0,40,24.0,-12.0,6.0,-18.0,W,W,U,"0
Dec","19,",2015,recap,Sat,2015,Lakers,Thunder,away,78-118,1&1,16.0,208.0,-40,-24.0,-12.0,-18.0,6.0,L,L,U,"0
Dec","19,",2015,recap,Sat,2015,Wizards,Hornets,home,109-101,2&1,1.0,206.0,8,9.0,4.0,6.5,-2.5,W,W,O,"0
Dec","19,",2015,recap,Sat,2015,Hornets,Wizards,away,101-109,1&2,-1.0,206.0,-8,-9.0,4.0,-2.5,6.5,L,L,O,0
