Date,Link,Day,Season,Team,Opp,Site,Final,Rest,Line,Total,SUm,ATSm,OUm,DPS,DPA,SUr,ATSr,OUr,"ot
Jan","01,",2015,recap,Thu,2014,Bulls,Nuggets,home,106-101,1&1,-10.5,204.5,5,-5.5,2.5,-1.5,4.0,W,L,O,"0
Jan","01,",2015,recap,Thu,2014,Nuggets,Bulls,away,101-106,1&1,10.5,204.5,-5,5.5,2.5,4.0,-1.5,L,W,O,"0
Jan","01,",2015,recap,Thu,2014,Timberwolves,Kings,home,107-110,1&0,3.5,211.5,-3,0.5,5.5,3.0,2.5,L,W,O,"0
Jan","01,",2015,recap,Thu,2014,Kings,Timberwolves,away,110-107,0&1,-3.5,211.5,3,-0.5,5.5,2.5,3.0,W,L,O,0
