Date,Link,Day,Season,Team,Opp,Site,Final,Rest,Line,Total,SUm,ATSm,OUm,DPS,DPA,SUr,ATSr,OUr,"ot
Jan","15,",2015,recap,Thu,2014,Bucks,Knicks,home,95-79,4&4,-7.5,198.0,16,8.5,-24.0,-7.8,-16.2,W,W,U,"0
Jan","15,",2015,recap,Thu,2014,Knicks,Bucks,away,79-95,4&4,7.5,198.0,-16,-8.5,-24.0,-16.2,-7.8,L,L,U,"0
Jan","15,",2015,recap,Thu,2014,Lakers,Cavaliers,home,102-109,1&1,6.0,207.0,-7,-1.0,4.0,1.5,2.5,L,L,O,"0
Jan","15,",2015,recap,Thu,2014,Cavaliers,Lakers,away,109-102,1&1,-6.0,207.0,7,1.0,4.0,2.5,1.5,W,W,O,"0
Jan","15,",2015,recap,Thu,2014,Rockets,Thunder,home,112-101,0&5,1.0,209.0,11,12.0,4.0,8.0,-4.0,W,W,O,"0
Jan","15,",2015,recap,Thu,2014,Thunder,Rockets,away,101-112,5&0,-1.0,209.0,-11,-12.0,4.0,-4.0,8.0,L,L,O,0
