Date,Link,Day,Season,Team,Opp,Site,Final,Rest,Line,Total,SUm,ATSm,OUm,DPS,DPA,SUr,ATSr,OUr,"ot
Mar","01,",2015,recap,Sun,2014,Bulls,Clippers,home,86-96,1&1,1.5,198.0,-10,-8.5,-16.0,-12.2,-3.8,L,L,U,"0
Mar","01,",2015,recap,Sun,2014,Clippers,Bulls,away,96-86,1&1,-1.5,198.0,10,8.5,-16.0,-3.8,-12.2,W,W,U,"0
Mar","01,",2015,recap,Sun,2014,Celtics,Warriors,home,101-106,1&1,8.5,216.0,-5,3.5,-9.0,-2.8,-6.2,L,W,U,"0
Mar","01,",2015,recap,Sun,2014,Warriors,Celtics,away,106-101,1&1,-8.5,216.0,5,-3.5,-9.0,-6.2,-2.8,W,L,U,"0
Mar","01,",2015,recap,Sun,2014,Kings,Trailblazers,home,99-110,1&1,8.0,205.5,-11,-3.0,3.5,0.2,3.2,L,L,O,"0
Mar","01,",2015,recap,Sun,2014,Trailblazers,Kings,away,110-99,1&1,-8.0,205.5,11,3.0,3.5,3.2,0.2,W,W,O,"0
Mar","01,",2015,recap,Sun,2014,Lakers,Thunder,home,101-108,1&1,4.0,197.5,-7,-3.0,11.5,4.2,7.2,L,L,O,"0
Mar","01,",2015,recap,Sun,2014,Thunder,Lakers,away,108-101,1&1,-4.0,197.5,7,3.0,11.5,7.2,4.2,W,W,O,"0
Mar","01,",2015,recap,Sun,2014,Magic,Hornets,home,83-98,1&1,1.5,185.5,-15,-13.5,-4.5,-9.0,4.5,L,L,U,"0
Mar","01,",2015,recap,Sun,2014,Hornets,Magic,away,98-83,1&1,-1.5,185.5,15,13.5,-4.5,4.5,-9.0,W,W,U,"0
Mar","01,",2015,recap,Sun,2014,Nuggets,Pelicans,home,92-99,1&1,5.0,197.5,-7,-2.0,-6.5,-4.2,-2.2,L,L,U,"0
Mar","01,",2015,recap,Sun,2014,Pelicans,Nuggets,away,99-92,1&1,-5.0,197.5,7,2.0,-6.5,-2.2,-4.2,W,W,U,"0
Mar","01,",2015,recap,Sun,2014,Pacers,Seventysixers,home,94-74,1&1,-12.0,189.0,20,8.0,-21.0,-6.5,-14.5,W,W,U,"0
Mar","01,",2015,recap,Sun,2014,Seventysixers,Pacers,away,74-94,1&1,12.0,189.0,-20,-8.0,-21.0,-14.5,-6.5,L,L,U,"0
Mar","01,",2015,recap,Sun,2014,Rockets,Cavaliers,home,105-103,1&1,0.0,208.0,2,2.0,0.0,1.0,-1.0,W,W,P,"1
Mar","01,",2015,recap,Sun,2014,Cavaliers,Rockets,away,103-105,1&1,-0.0,208.0,-2,-2.0,0.0,-1.0,1.0,L,L,P,1
