Date,Link,Day,Season,Team,Opp,Site,Final,Rest,Line,Total,SUm,ATSm,OUm,DPS,DPA,SUr,ATSr,OUr,"ot
Nov","06,",2015,recap,Fri,2015,Cavaliers,Seventysixers,home,108-102,1&1,-13.5,196.0,6,-7.5,14.0,3.2,10.8,W,L,O,"0
Nov","06,",2015,recap,Fri,2015,Seventysixers,Cavaliers,away,102-108,1&1,13.5,196.0,-6,7.5,14.0,10.8,3.2,L,W,O,"0
Nov","06,",2015,recap,Fri,2015,Celtics,Wizards,home,118-98,1&1,-1.0,210.0,20,19.0,6.0,12.5,-6.5,W,W,O,"0
Nov","06,",2015,recap,Fri,2015,Wizards,Celtics,away,98-118,1&1,1.0,210.0,-20,-19.0,6.0,-6.5,12.5,L,L,O,"0
Nov","06,",2015,recap,Fri,2015,Kings,Rockets,home,110-116,1&1,6.0,215.5,-6,0.0,10.5,5.2,5.2,L,P,O,"0
Nov","06,",2015,recap,Fri,2015,Rockets,Kings,away,116-110,1&1,-6.0,215.5,6,0.0,10.5,5.2,5.2,W,P,O,"0
Nov","06,",2015,recap,Fri,2015,Knicks,Bucks,home,92-99,1&1,-1.5,196.5,-7,-8.5,-5.5,-7.0,1.5,L,L,U,"0
Nov","06,",2015,recap,Fri,2015,Bucks,Knicks,away,99-92,1&1,1.5,196.5,7,8.5,-5.5,1.5,-7.0,W,W,U,"0
Nov","06,",2015,recap,Fri,2015,Magic,Raptors,home,92-87,1&1,5.5,197.0,5,10.5,-18.0,-3.8,-14.2,W,W,U,"0
Nov","06,",2015,recap,Fri,2015,Raptors,Magic,away,87-92,1&1,-5.5,197.0,-5,-10.5,-18.0,-14.2,-3.8,L,L,U,"0
Nov","06,",2015,recap,Fri,2015,Nets,Lakers,home,98-104,1&2,-3.0,207.5,-6,-9.0,-5.5,-7.2,1.8,L,L,U,"0
Nov","06,",2015,recap,Fri,2015,Lakers,Nets,away,104-98,2&1,3.0,207.5,6,9.0,-5.5,1.8,-7.2,W,W,U,"0
Nov","06,",2015,recap,Fri,2015,Pacers,Heat,home,90-87,1&0,0.0,195.0,3,3.0,-18.0,-7.5,-10.5,W,W,U,"0
Nov","06,",2015,recap,Fri,2015,Heat,Pacers,away,87-90,0&1,-0.0,195.0,-3,-3.0,-18.0,-10.5,-7.5,L,L,U,"0
Nov","06,",2015,recap,Fri,2015,Pelicans,Hawks,home,115-121,2&1,3.0,206.0,-6,-3.0,30.0,13.5,16.5,L,L,O,"0
Nov","06,",2015,recap,Fri,2015,Hawks,Pelicans,away,121-115,1&2,-3.0,206.0,6,3.0,30.0,16.5,13.5,W,W,O,"0
Nov","06,",2015,recap,Fri,2015,Suns,Pistons,home,92-100,1&2,-4.0,199.0,-8,-12.0,-7.0,-9.5,2.5,L,L,U,"0
Nov","06,",2015,recap,Fri,2015,Pistons,Suns,away,100-92,2&1,4.0,199.0,8,12.0,-7.0,2.5,-9.5,W,W,U,"0
Nov","06,",2015,recap,Fri,2015,Warriors,Nuggets,home,119-104,1&0,-17.5,212.5,15,-2.5,10.5,4.0,6.5,W,L,O,"0
Nov","06,",2015,recap,Fri,2015,Nuggets,Warriors,away,104-119,0&1,17.5,212.5,-15,2.5,10.5,6.5,4.0,L,W,O,0
