Date,Link,Day,Season,Team,Opp,Site,Final,Rest,Line,Total,SUm,ATSm,OUm,DPS,DPA,SUr,ATSr,OUr,"ot
Dec","10,",2015,recap,Thu,2015,Bulls,Clippers,home,83-80,0&0,1.5,202.5,3,4.5,-39.5,-17.5,-22.0,W,W,U,"0
Dec","10,",2015,recap,Thu,2015,Clippers,Bulls,away,80-83,0&0,-1.5,202.5,-3,-4.5,-39.5,-22.0,-17.5,L,L,U,"0
Dec","10,",2015,recap,Thu,2015,Kings,Knicks,home,99-97,1&0,-6.0,209.0,2,-4.0,-13.0,-8.5,-4.5,W,L,U,"0
Dec","10,",2015,recap,Thu,2015,Knicks,Kings,away,97-99,0&1,6.0,209.0,-2,4.0,-13.0,-4.5,-8.5,L,W,U,"0
Dec","10,",2015,recap,Thu,2015,Nets,Seventysixers,home,100-91,1&2,-7.0,197.5,9,2.0,-6.5,-2.2,-4.2,W,W,U,"0
Dec","10,",2015,recap,Thu,2015,Seventysixers,Nets,away,91-100,2&1,7.0,197.5,-9,-2.0,-6.5,-4.2,-2.2,L,L,U,"0
Dec","10,",2015,recap,Thu,2015,Thunder,Hawks,home,107-94,1&0,-7.5,211.0,13,5.5,-10.0,-2.2,-7.8,W,W,U,"0
Dec","10,",2015,recap,Thu,2015,Hawks,Thunder,away,94-107,0&1,7.5,211.0,-13,-5.5,-10.0,-7.8,-2.2,L,L,U,0
