Date,Link,Day,Season,Team,Opp,Site,Final,Rest,Line,Total,SUm,ATSm,OUm,DPS,DPA,SUr,ATSr,OUr,"ot
Nov","20,",2015,recap,Fri,2015,Celtics,Nets,home,120-95,1&1,-9.0,203.5,25,16.0,11.5,13.8,-2.2,W,W,O,"0
Nov","20,",2015,recap,Fri,2015,Nets,Celtics,away,95-120,1&1,9.0,203.5,-25,-16.0,11.5,-2.2,13.8,L,L,O,"0
Nov","20,",2015,recap,Fri,2015,Grizzlies,Rockets,home,96-84,3&1,-3.5,200.0,12,8.5,-20.0,-5.8,-14.2,W,W,U,"0
Nov","20,",2015,recap,Fri,2015,Rockets,Grizzlies,away,84-96,1&3,3.5,200.0,-12,-8.5,-20.0,-14.2,-5.8,L,L,U,"0
Nov","20,",2015,recap,Fri,2015,Hornets,Seventysixers,home,113-88,1&1,-11.0,197.5,25,14.0,3.5,8.8,-5.2,W,W,O,"0
Nov","20,",2015,recap,Fri,2015,Seventysixers,Hornets,away,88-113,1&1,11.0,197.5,-25,-14.0,3.5,-5.2,8.8,L,L,O,"0
Nov","20,",2015,recap,Fri,2015,Lakers,Raptors,home,91-102,3&1,6.5,203.0,-11,-4.5,-10.0,-7.2,-2.8,L,L,U,"0
Nov","20,",2015,recap,Fri,2015,Raptors,Lakers,away,102-91,1&3,-6.5,203.0,11,4.5,-10.0,-2.8,-7.2,W,W,U,"0
Nov","20,",2015,recap,Fri,2015,Mavericks,Jazz,home,102-93,1&1,-1.5,196.0,9,7.5,-1.0,3.2,-4.2,W,W,U,"0
Nov","20,",2015,recap,Fri,2015,Jazz,Mavericks,away,93-102,1&1,1.5,196.0,-9,-7.5,-1.0,-4.2,3.2,L,L,U,"0
Nov","20,",2015,recap,Fri,2015,Nuggets,Suns,home,107-114,1&1,3.0,206.5,-7,-4.0,14.5,5.2,9.2,L,L,O,"0
Nov","20,",2015,recap,Fri,2015,Suns,Nuggets,away,114-107,1&1,-3.0,206.5,7,4.0,14.5,9.2,5.2,W,W,O,"0
Nov","20,",2015,recap,Fri,2015,Pelicans,Spurs,home,104-90,1&1,7.0,200.5,14,21.0,-6.5,7.2,-13.8,W,W,U,"0
Nov","20,",2015,recap,Fri,2015,Spurs,Pelicans,away,90-104,1&1,-7.0,200.5,-14,-21.0,-6.5,-13.8,7.2,L,L,U,"0
Nov","20,",2015,recap,Fri,2015,Thunder,Knicks,home,90-93,1&2,-6.5,206.5,-3,-9.5,-23.5,-16.5,-7.0,L,L,U,"0
Nov","20,",2015,recap,Fri,2015,Knicks,Thunder,away,93-90,2&1,6.5,206.5,3,9.5,-23.5,-7.0,-16.5,W,W,U,"0
Nov","20,",2015,recap,Fri,2015,Timberwolves,Pistons,home,86-96,1&2,2.5,201.5,-10,-7.5,-19.5,-13.5,-6.0,L,L,U,"0
Nov","20,",2015,recap,Fri,2015,Pistons,Timberwolves,away,96-86,2&1,-2.5,201.5,10,7.5,-19.5,-6.0,-13.5,W,W,U,"0
Nov","20,",2015,recap,Fri,2015,Trailblazers,Clippers,home,102-91,1&0,3.5,209.0,11,14.5,-16.0,-0.8,-15.2,W,W,U,"0
Nov","20,",2015,recap,Fri,2015,Clippers,Trailblazers,away,91-102,0&1,-3.5,209.0,-11,-14.5,-16.0,-15.2,-0.8,L,L,U,"0
Nov","20,",2015,recap,Fri,2015,Warriors,Bulls,home,106-94,0&1,-9.5,208.0,12,2.5,-8.0,-2.8,-5.2,W,W,U,"0
Nov","20,",2015,recap,Fri,2015,Bulls,Warriors,away,94-106,1&0,9.5,208.0,-12,-2.5,-8.0,-5.2,-2.8,L,L,U,0
