Date,Link,Day,Season,Team,Opp,Site,Final,Rest,Line,Total,SUm,ATSm,OUm,DPS,DPA,SUr,ATSr,OUr,"ot
Dec","23,",2015,recap,Wed,2015,Bucks,Seventysixers,home,113-100,2&0,-11.0,196.0,13,2.0,17.0,9.5,7.5,W,W,O,"0
Dec","23,",2015,recap,Wed,2015,Seventysixers,Bucks,away,100-113,0&2,11.0,196.0,-13,-2.0,17.0,7.5,9.5,L,L,O,"0
Dec","23,",2015,recap,Wed,2015,Cavaliers,Knicks,home,91-84,2&1,-12.0,195.0,7,-5.0,-20.0,-12.5,-7.5,W,L,U,"0
Dec","23,",2015,recap,Wed,2015,Knicks,Cavaliers,away,84-91,1&2,12.0,195.0,-7,5.0,-20.0,-7.5,-12.5,L,W,U,"0
Dec","23,",2015,recap,Wed,2015,Hawks,Pistons,home,107-100,1&0,-6.5,202.0,7,0.5,5.0,2.8,2.2,W,W,O,"0
Dec","23,",2015,recap,Wed,2015,Pistons,Hawks,away,100-107,0&1,6.5,202.0,-7,-0.5,5.0,2.2,2.8,L,L,O,"0
Dec","23,",2015,recap,Wed,2015,Hornets,Celtics,home,89-102,1&1,-2.0,203.5,-13,-15.0,-12.5,-13.8,1.2,L,L,U,"0
Dec","23,",2015,recap,Wed,2015,Celtics,Hornets,away,102-89,1&1,2.0,203.5,13,15.0,-12.5,1.2,-13.8,W,W,U,"0
Dec","23,",2015,recap,Wed,2015,Lakers,Thunder,home,85-120,0&1,14.0,207.5,-35,-21.0,-2.5,-11.8,9.2,L,L,U,"0
Dec","23,",2015,recap,Wed,2015,Thunder,Lakers,away,120-85,1&0,-14.0,207.5,35,21.0,-2.5,9.2,-11.8,W,W,U,"0
Dec","23,",2015,recap,Wed,2015,Magic,Rockets,home,104-101,1&1,-1.0,207.0,3,2.0,-2.0,0.0,-2.0,W,W,U,"0
Dec","23,",2015,recap,Wed,2015,Rockets,Magic,away,101-104,1&1,1.0,207.0,-3,-2.0,-2.0,-2.0,0.0,L,L,U,"0
Dec","23,",2015,recap,Wed,2015,Nets,Mavericks,home,118-119,1&0,3.0,199.0,-1,2.0,38.0,20.0,18.0,L,W,O,"1
Dec","23,",2015,recap,Wed,2015,Mavericks,Nets,away,119-118,0&1,-3.0,199.0,1,-2.0,38.0,18.0,20.0,W,L,O,"1
Dec","23,",2015,recap,Wed,2015,Pacers,Kings,home,106-108,1&1,-6.5,214.0,-2,-8.5,0.0,-4.2,4.2,L,L,P,"0
Dec","23,",2015,recap,Wed,2015,Kings,Pacers,away,108-106,1&1,6.5,214.0,2,8.5,0.0,4.2,-4.2,W,W,P,"0
Dec","23,",2015,recap,Wed,2015,Pelicans,Trailblazers,home,115-89,2&1,-8.0,203.5,26,18.0,0.5,9.2,-8.8,W,W,O,"0
Dec","23,",2015,recap,Wed,2015,Trailblazers,Pelicans,away,89-115,1&2,8.0,203.5,-26,-18.0,0.5,-8.8,9.2,L,L,O,"0
Dec","23,",2015,recap,Wed,2015,Suns,Nuggets,home,96-104,1&0,-8.5,208.0,-8,-16.5,-8.0,-12.2,4.2,L,L,U,"0
Dec","23,",2015,recap,Wed,2015,Nuggets,Suns,away,104-96,0&1,8.5,208.0,8,16.5,-8.0,4.2,-12.2,W,W,U,"0
Dec","23,",2015,recap,Wed,2015,Timberwolves,Spurs,home,83-108,1&1,11.0,195.5,-25,-14.0,-4.5,-9.2,4.8,L,L,U,"0
Dec","23,",2015,recap,Wed,2015,Spurs,Timberwolves,away,108-83,1&1,-11.0,195.5,25,14.0,-4.5,4.8,-9.2,W,W,U,"0
Dec","23,",2015,recap,Wed,2015,Warriors,Jazz,home,103-85,4&1,-14.0,208.5,18,4.0,-20.5,-8.2,-12.2,W,W,U,"0
Dec","23,",2015,recap,Wed,2015,Jazz,Warriors,away,85-103,1&4,14.0,208.5,-18,-4.0,-20.5,-12.2,-8.2,L,L,U,"0
Dec","23,",2015,recap,Wed,2015,Wizards,Grizzlies,home,100-91,1&0,0.0,201.0,9,9.0,-10.0,-0.5,-9.5,W,W,U,"0
Dec","23,",2015,recap,Wed,2015,Grizzlies,Wizards,away,91-100,0&1,-0.0,201.0,-9,-9.0,-10.0,-9.5,-0.5,L,L,U,0
