Date,Link,Day,Season,Team,Opp,Site,Final,Rest,Line,Total,SUm,ATSm,OUm,DPS,DPA,SUr,ATSr,OUr,"ot
Dec","27,",2015,recap,Sun,2015,Celtics,Knicks,home,100-91,0&0,-8.0,202.0,9,1.0,-11.0,-5.0,-6.0,W,W,U,"0
Dec","27,",2015,recap,Sun,2015,Knicks,Celtics,away,91-100,0&0,8.0,202.0,-9,-1.0,-11.0,-6.0,-5.0,L,L,U,"0
Dec","27,",2015,recap,Sun,2015,Grizzlies,Lakers,home,112-96,0&1,-10.0,197.0,16,6.0,11.0,8.5,2.5,W,W,O,"0
Dec","27,",2015,recap,Sun,2015,Lakers,Grizzlies,away,96-112,1&0,10.0,197.0,-16,-6.0,11.0,2.5,8.5,L,L,O,"0
Dec","27,",2015,recap,Sun,2015,Kings,Trailblazers,home,94-98,3&0,-8.0,208.0,-4,-12.0,-16.0,-14.0,-2.0,L,L,U,"0
Dec","27,",2015,recap,Sun,2015,Trailblazers,Kings,away,98-94,0&3,8.0,208.0,4,12.0,-16.0,-2.0,-14.0,W,W,U,"0
Dec","27,",2015,recap,Sun,2015,Thunder,Nuggets,home,122-112,1&0,-16.0,207.0,10,-6.0,27.0,10.5,16.5,W,L,O,"0
Dec","27,",2015,recap,Sun,2015,Nuggets,Thunder,away,112-122,0&1,16.0,207.0,-10,6.0,27.0,16.5,10.5,L,W,O,0
