Date,Link,Day,Season,Team,Opp,Site,Final,Rest,Line,Total,SUm,ATSm,OUm,DPS,DPA,SUr,ATSr,OUr,"ot
Jan","10,",2015,recap,Sat,2014,Bulls,Bucks,home,95-87,0&0,-7.5,194.0,8,0.5,-12.0,-5.8,-6.2,W,W,U,"0
Jan","10,",2015,recap,Sat,2014,Bucks,Bulls,away,87-95,0&0,7.5,194.0,-8,-0.5,-12.0,-6.2,-5.8,L,L,U,"0
Jan","10,",2015,recap,Sat,2014,Clippers,Mavericks,home,120-100,2&2,-3.5,214.0,20,16.5,6.0,11.2,-5.2,W,W,O,"0
Jan","10,",2015,recap,Sat,2014,Mavericks,Clippers,away,100-120,2&2,3.5,214.0,-20,-16.5,6.0,-5.2,11.2,L,L,O,"0
Jan","10,",2015,recap,Sat,2014,Knicks,Hornets,home,82-110,1&1,8.0,189.0,-28,-20.0,3.0,-8.5,11.5,L,L,O,"0
Jan","10,",2015,recap,Sat,2014,Hornets,Knicks,away,110-82,1&1,-8.0,189.0,28,20.0,3.0,11.5,-8.5,W,W,O,"0
Jan","10,",2015,recap,Sat,2014,Pistons,Nets,home,98-93,0&0,-5.5,196.0,5,-0.5,-5.0,-2.8,-2.2,W,L,U,"0
Jan","10,",2015,recap,Sat,2014,Nets,Pistons,away,93-98,0&0,5.5,196.0,-5,0.5,-5.0,-2.2,-2.8,L,W,U,"0
Jan","10,",2015,recap,Sat,2014,Raptors,Celtics,home,109-96,1&0,-11.5,208.0,13,1.5,-3.0,-0.8,-2.2,W,W,U,"0
Jan","10,",2015,recap,Sat,2014,Celtics,Raptors,away,96-109,0&1,11.5,208.0,-13,-1.5,-3.0,-2.2,-0.8,L,L,U,"0
Jan","10,",2015,recap,Sat,2014,Rockets,Jazz,home,97-82,1&0,-11.5,195.5,15,3.5,-16.5,-6.5,-10.0,W,W,U,"0
Jan","10,",2015,recap,Sat,2014,Jazz,Rockets,away,82-97,0&1,11.5,195.5,-15,-3.5,-16.5,-10.0,-6.5,L,L,U,"0
Jan","10,",2015,recap,Sat,2014,Seventysixers,Pacers,home,93-92,0&0,6.0,188.5,1,7.0,-3.5,1.8,-5.2,W,W,U,"0
Jan","10,",2015,recap,Sat,2014,Pacers,Seventysixers,away,92-93,0&0,-6.0,188.5,-1,-7.0,-3.5,-5.2,1.8,L,L,U,"0
Jan","10,",2015,recap,Sat,2014,Timberwolves,Spurs,home,93-108,0&0,10.0,201.0,-15,-5.0,0.0,-2.5,2.5,L,L,P,"0
Jan","10,",2015,recap,Sat,2014,Spurs,Timberwolves,away,108-93,0&0,-10.0,201.0,15,5.0,0.0,2.5,-2.5,W,W,P,"0
Jan","10,",2015,recap,Sat,2014,Trailblazers,Magic,home,103-92,1&0,-13.0,195.0,11,-2.0,0.0,-1.0,1.0,W,L,P,"0
Jan","10,",2015,recap,Sat,2014,Magic,Trailblazers,away,92-103,0&1,13.0,195.0,-11,2.0,0.0,1.0,-1.0,L,W,P,0
