Date,Link,Day,Season,Team,Opp,Site,Final,Rest,Line,Total,SUm,ATSm,OUm,DPS,DPA,SUr,ATSr,OUr,"ot
Mar","03,",2015,recap,Tue,2014,Bulls,Wizards,home,97-92,1&2,1.0,187.0,5,6.0,2.0,4.0,-2.0,W,W,O,"0
Mar","03,",2015,recap,Tue,2014,Wizards,Bulls,away,92-97,2&1,-1.0,187.0,-5,-6.0,2.0,-2.0,4.0,L,L,O,"0
Mar","03,",2015,recap,Tue,2014,Cavaliers,Celtics,home,110-79,1&1,-11.5,208.5,31,19.5,-19.5,0.0,-19.5,W,W,U,"0
Mar","03,",2015,recap,Tue,2014,Celtics,Cavaliers,away,79-110,1&1,11.5,208.5,-31,-19.5,-19.5,-19.5,0.0,L,L,U,"0
Mar","03,",2015,recap,Tue,2014,Grizzlies,Jazz,home,82-93,2&2,-7.5,181.0,-11,-18.5,-6.0,-12.2,6.2,L,L,U,"0
Mar","03,",2015,recap,Tue,2014,Jazz,Grizzlies,away,93-82,2&2,7.5,181.0,11,18.5,-6.0,6.2,-12.2,W,W,U,"0
Mar","03,",2015,recap,Tue,2014,Hawks,Rockets,home,104-96,2&1,-8.0,200.0,8,0.0,0.0,0.0,0.0,W,P,P,"0
Mar","03,",2015,recap,Tue,2014,Rockets,Hawks,away,96-104,1&2,8.0,200.0,-8,0.0,0.0,0.0,0.0,L,P,P,"0
Mar","03,",2015,recap,Tue,2014,Hornets,Lakers,home,104-103,1&1,-9.0,195.0,1,-8.0,12.0,2.0,10.0,W,L,O,"0
Mar","03,",2015,recap,Tue,2014,Lakers,Hornets,away,103-104,1&1,9.0,195.0,-1,8.0,12.0,10.0,2.0,L,W,O,"0
Mar","03,",2015,recap,Tue,2014,Nuggets,Bucks,home,106-95,1&2,5.5,196.5,11,16.5,4.5,10.5,-6.0,W,W,O,"0
Mar","03,",2015,recap,Tue,2014,Bucks,Nuggets,away,95-106,2&1,-5.5,196.5,-11,-16.5,4.5,-6.0,10.5,L,L,O,"0
Mar","03,",2015,recap,Tue,2014,Knicks,Kings,home,86-124,2&1,4.0,202.0,-38,-34.0,8.0,-13.0,21.0,L,L,O,"0
Mar","03,",2015,recap,Tue,2014,Kings,Knicks,away,124-86,1&2,-4.0,202.0,38,34.0,8.0,21.0,-13.0,W,W,O,0
