Date,Link,Day,Season,Team,Opp,Site,Final,Rest,Line,Total,SUm,ATSm,OUm,DPS,DPA,SUr,ATSr,OUr,"ot
Feb","19,",2015,recap,Thu,2014,Clippers,Spurs,home,119-115,7&7,2.0,203.0,4,6.0,31.0,18.5,12.5,W,W,O,"0
Feb","19,",2015,recap,Thu,2014,Spurs,Clippers,away,115-119,7&7,-2.0,203.0,-4,-6.0,31.0,12.5,18.5,L,L,O,"0
Feb","19,",2015,recap,Thu,2014,Thunder,Mavericks,home,104-89,7&7,-5.0,212.5,15,10.0,-19.5,-4.8,-14.8,W,W,U,"0
Feb","19,",2015,recap,Thu,2014,Mavericks,Thunder,away,89-104,7&7,5.0,212.5,-15,-10.0,-19.5,-14.8,-4.8,L,L,U,0
