Date,Link,Day,Season,Team,Opp,Site,Final,Rest,Line,Total,SUm,ATSm,OUm,DPS,DPA,SUr,ATSr,OUr,"ot
Mar","30,",2015,recap,Mon,2014,Grizzlies,Kings,home,97-83,0&2,-9.5,197.5,14,4.5,-17.5,-6.5,-11.0,W,W,U,"0
Mar","30,",2015,recap,Mon,2014,Kings,Grizzlies,away,83-97,2&0,9.5,197.5,-14,-4.5,-17.5,-11.0,-6.5,L,L,U,"0
Mar","30,",2015,recap,Mon,2014,Hawks,Bucks,home,101-88,1&1,-9.0,193.5,13,4.0,-4.5,-0.2,-4.2,W,W,U,"0
Mar","30,",2015,recap,Mon,2014,Bucks,Hawks,away,88-101,1&1,9.0,193.5,-13,-4.0,-4.5,-4.2,-0.2,L,L,U,"0
Mar","30,",2015,recap,Mon,2014,Hornets,Celtics,home,104-116,1&0,-3.0,196.0,-12,-15.0,24.0,4.5,19.5,L,L,O,"0
Mar","30,",2015,recap,Mon,2014,Celtics,Hornets,away,116-104,0&1,3.0,196.0,12,15.0,24.0,19.5,4.5,W,W,O,"0
Mar","30,",2015,recap,Mon,2014,Raptors,Rockets,home,99-96,2&0,-2.0,208.0,3,1.0,-13.0,-6.0,-7.0,W,W,U,"0
Mar","30,",2015,recap,Mon,2014,Rockets,Raptors,away,96-99,0&2,2.0,208.0,-3,-1.0,-13.0,-7.0,-6.0,L,L,U,"0
Mar","30,",2015,recap,Mon,2014,Seventysixers,Lakers,home,111-113,0&0,-3.5,194.0,-2,-5.5,30.0,12.2,17.8,L,L,O,"1
Mar","30,",2015,recap,Mon,2014,Lakers,Seventysixers,away,113-111,0&0,3.5,194.0,2,5.5,30.0,17.8,12.2,W,W,O,"1
Mar","30,",2015,recap,Mon,2014,Timberwolves,Jazz,home,84-104,0&1,6.5,187.0,-20,-13.5,1.0,-6.2,7.2,L,L,O,"0
Mar","30,",2015,recap,Mon,2014,Jazz,Timberwolves,away,104-84,1&0,-6.5,187.0,20,13.5,1.0,7.2,-6.2,W,W,O,"0
Mar","30,",2015,recap,Mon,2014,Trailblazers,Suns,home,109-86,1&0,-8.0,201.5,23,15.0,-6.5,4.2,-10.8,W,W,U,"0
Mar","30,",2015,recap,Mon,2014,Suns,Trailblazers,away,86-109,0&1,8.0,201.5,-23,-15.0,-6.5,-10.8,4.2,L,L,U,0
