Date,Link,Day,Season,Team,Opp,Site,Final,Rest,Line,Total,SUm,ATSm,OUm,DPS,DPA,SUr,ATSr,OUr,"ot
Oct","28,",2015,recap,Wed,2015,Bucks,Knicks,home,97-122,&,-5.0,194.5,-25,-30.0,24.5,-2.8,27.2,L,L,O,"0
Oct","28,",2015,recap,Wed,2015,Knicks,Bucks,away,122-97,&,5.0,194.5,25,30.0,24.5,27.2,-2.8,W,W,O,"0
Oct","28,",2015,recap,Wed,2015,Celtics,Seventysixers,home,112-95,&,-12.5,198.0,17,4.5,9.0,6.8,2.2,W,W,O,"0
Oct","28,",2015,recap,Wed,2015,Seventysixers,Celtics,away,95-112,&,12.5,198.0,-17,-4.5,9.0,2.2,6.8,L,L,O,"0
Oct","28,",2015,recap,Wed,2015,Grizzlies,Cavaliers,home,76-106,&0,-5.0,187.5,-30,-35.0,-5.5,-20.2,14.8,L,L,U,"0
Oct","28,",2015,recap,Wed,2015,Cavaliers,Grizzlies,away,106-76,0&,5.0,187.5,30,35.0,-5.5,14.8,-20.2,W,W,U,"0
Oct","28,",2015,recap,Wed,2015,Heat,Hornets,home,104-94,&,-6.5,193.5,10,3.5,4.5,4.0,0.5,W,W,O,"0
Oct","28,",2015,recap,Wed,2015,Hornets,Heat,away,94-104,&,6.5,193.5,-10,-3.5,4.5,0.5,4.0,L,L,O,"0
Oct","28,",2015,recap,Wed,2015,Kings,Clippers,home,104-111,&,5.5,211.5,-7,-1.5,3.5,1.0,2.5,L,L,O,"0
Oct","28,",2015,recap,Wed,2015,Clippers,Kings,away,111-104,&,-5.5,211.5,7,1.5,3.5,2.5,1.0,W,W,O,"0
Oct","28,",2015,recap,Wed,2015,Lakers,Timberwolves,home,111-112,&,-3.0,202.5,-1,-4.0,20.5,8.2,12.2,L,L,O,"0
Oct","28,",2015,recap,Wed,2015,Timberwolves,Lakers,away,112-111,&,3.0,202.5,1,4.0,20.5,12.2,8.2,W,W,O,"0
Oct","28,",2015,recap,Wed,2015,Magic,Wizards,home,87-88,&,4.0,203.5,-1,3.0,-28.5,-12.8,-15.8,L,W,U,"0
Oct","28,",2015,recap,Wed,2015,Wizards,Magic,away,88-87,&,-4.0,203.5,1,-3.0,-28.5,-15.8,-12.8,W,L,U,"0
Oct","28,",2015,recap,Wed,2015,Nets,Bulls,home,100-115,&0,4.5,196.5,-15,-10.5,18.5,4.0,14.5,L,L,O,"0
Oct","28,",2015,recap,Wed,2015,Bulls,Nets,away,115-100,0&,-4.5,196.5,15,10.5,18.5,14.5,4.0,W,W,O,"0
Oct","28,",2015,recap,Wed,2015,Pistons,Jazz,home,92-87,0&,1.0,190.0,5,6.0,-11.0,-2.5,-8.5,W,W,U,"0
Oct","28,",2015,recap,Wed,2015,Jazz,Pistons,away,87-92,&0,-1.0,190.0,-5,-6.0,-11.0,-8.5,-2.5,L,L,U,"0
Oct","28,",2015,recap,Wed,2015,Raptors,Pacers,home,106-99,&,-5.5,199.5,7,1.5,5.5,3.5,2.0,W,W,O,"0
Oct","28,",2015,recap,Wed,2015,Pacers,Raptors,away,99-106,&,5.5,199.5,-7,-1.5,5.5,2.0,3.5,L,L,O,"0
Oct","28,",2015,recap,Wed,2015,Rockets,Nuggets,home,85-105,&,-10.0,212.0,-20,-30.0,-22.0,-26.0,4.0,L,L,U,"0
Oct","28,",2015,recap,Wed,2015,Nuggets,Rockets,away,105-85,&,10.0,212.0,20,30.0,-22.0,4.0,-26.0,W,W,U,"0
Oct","28,",2015,recap,Wed,2015,Suns,Mavericks,home,95-111,&,-5.0,204.5,-16,-21.0,1.5,-9.8,11.2,L,L,O,"0
Oct","28,",2015,recap,Wed,2015,Mavericks,Suns,away,111-95,&,5.0,204.5,16,21.0,1.5,11.2,-9.8,W,W,O,"0
Oct","28,",2015,recap,Wed,2015,Thunder,Spurs,home,112-106,&,-4.5,208.0,6,1.5,10.0,5.8,4.2,W,W,O,"0
Oct","28,",2015,recap,Wed,2015,Spurs,Thunder,away,106-112,&,4.5,208.0,-6,-1.5,10.0,4.2,5.8,L,L,O,"0
Oct","28,",2015,recap,Wed,2015,Trailblazers,Pelicans,home,112-94,&0,-2.5,206.0,18,15.5,0.0,7.8,-7.8,W,W,P,"0
Oct","28,",2015,recap,Wed,2015,Pelicans,Trailblazers,away,94-112,0&,2.5,206.0,-18,-15.5,0.0,-7.8,7.8,L,L,P,0
