Date,Link,Day,Season,Team,Opp,Site,Final,Rest,Line,Total,SUm,ATSm,OUm,DPS,DPA,SUr,ATSr,OUr,"ot
Dec","02,",2015,recap,Wed,2015,Bulls,Nuggets,home,99-90,1&1,-9.5,197.0,9,-0.5,-8.0,-4.2,-3.8,W,L,U,"0
Dec","02,",2015,recap,Wed,2015,Nuggets,Bulls,away,90-99,1&1,9.5,197.0,-9,0.5,-8.0,-3.8,-4.2,L,W,U,"0
Dec","02,",2015,recap,Wed,2015,Clippers,Pacers,home,91-103,1&2,0.0,203.0,-12,-12.0,-9.0,-10.5,1.5,L,L,U,"0
Dec","02,",2015,recap,Wed,2015,Pacers,Clippers,away,103-91,2&1,0.0,203.0,12,12.0,-9.0,1.5,-10.5,W,W,U,"0
Dec","02,",2015,recap,Wed,2015,Hawks,Raptors,home,86-96,1&2,-3.5,196.5,-10,-13.5,-14.5,-14.0,-0.5,L,L,U,"0
Dec","02,",2015,recap,Wed,2015,Raptors,Hawks,away,96-86,2&1,3.5,196.5,10,13.5,-14.5,-0.5,-14.0,W,W,U,"0
Dec","02,",2015,recap,Wed,2015,Hornets,Warriors,home,99-116,2&1,9.0,210.0,-17,-8.0,5.0,-1.5,6.5,L,L,O,"0
Dec","02,",2015,recap,Wed,2015,Warriors,Hornets,away,116-99,1&2,-9.0,210.0,17,8.0,5.0,6.5,-1.5,W,W,O,"0
Dec","02,",2015,recap,Wed,2015,Knicks,Seventysixers,home,99-87,2&0,-9.0,191.0,12,3.0,-5.0,-1.0,-4.0,W,W,U,"0
Dec","02,",2015,recap,Wed,2015,Seventysixers,Knicks,away,87-99,0&2,9.0,191.0,-12,-3.0,-5.0,-4.0,-1.0,L,L,U,"0
Dec","02,",2015,recap,Wed,2015,Pistons,Suns,home,127-122,1&0,-4.0,203.5,5,1.0,45.5,23.2,22.2,W,W,O,"1
Dec","02,",2015,recap,Wed,2015,Suns,Pistons,away,122-127,0&1,4.0,203.5,-5,-1.0,45.5,22.2,23.2,L,L,O,"1
Dec","02,",2015,recap,Wed,2015,Rockets,Pelicans,home,108-101,1&0,-4.0,213.5,7,3.0,-4.5,-0.8,-3.8,W,W,U,"0
Dec","02,",2015,recap,Wed,2015,Pelicans,Rockets,away,101-108,0&1,4.0,213.5,-7,-3.0,-4.5,-3.8,-0.8,L,L,U,"0
Dec","02,",2015,recap,Wed,2015,Spurs,Bucks,home,95-70,1&1,-12.0,188.0,25,13.0,-23.0,-5.0,-18.0,W,W,U,"0
Dec","02,",2015,recap,Wed,2015,Bucks,Spurs,away,70-95,1&1,12.0,188.0,-25,-13.0,-23.0,-18.0,-5.0,L,L,U,"0
Dec","02,",2015,recap,Wed,2015,Wizards,Lakers,home,104-108,0&0,-10.0,204.0,-4,-14.0,8.0,-3.0,11.0,L,L,O,"0
Dec","02,",2015,recap,Wed,2015,Lakers,Wizards,away,108-104,0&0,10.0,204.0,4,14.0,8.0,11.0,-3.0,W,W,O,0
