Date,Link,Day,Season,Team,Opp,Site,Final,Rest,Line,Total,SUm,ATSm,OUm,DPS,DPA,SUr,ATSr,OUr,"ot
Feb","08,",2015,recap,Sun,2014,Cavaliers,Lakers,home,120-105,1&1,-14.0,198.0,15,1.0,27.0,14.0,13.0,W,W,O,"0
Feb","08,",2015,recap,Sun,2014,Lakers,Cavaliers,away,105-120,1&1,14.0,198.0,-15,-1.0,27.0,13.0,14.0,L,L,O,"0
Feb","08,",2015,recap,Sun,2014,Grizzlies,Hawks,home,94-88,1&1,-2.5,195.5,6,3.5,-13.5,-5.0,-8.5,W,W,U,"0
Feb","08,",2015,recap,Sun,2014,Hawks,Grizzlies,away,88-94,1&1,2.5,195.5,-6,-3.5,-13.5,-8.5,-5.0,L,L,U,"0
Feb","08,",2015,recap,Sun,2014,Hornets,Pacers,home,102-103,0&1,1.0,184.0,-1,0.0,21.0,10.5,10.5,L,P,O,"0
Feb","08,",2015,recap,Sun,2014,Pacers,Hornets,away,103-102,1&0,-1.0,184.0,1,0.0,21.0,10.5,10.5,W,P,O,"0
Feb","08,",2015,recap,Sun,2014,Kings,Suns,home,85-83,0&1,7.0,207.5,2,9.0,-39.5,-15.2,-24.2,W,W,U,"0
Feb","08,",2015,recap,Sun,2014,Suns,Kings,away,83-85,1&0,-7.0,207.5,-2,-9.0,-39.5,-24.2,-15.2,L,L,U,"0
Feb","08,",2015,recap,Sun,2014,Magic,Bulls,home,97-98,1&0,6.0,198.0,-1,5.0,-3.0,1.0,-4.0,L,W,U,"0
Feb","08,",2015,recap,Sun,2014,Bulls,Magic,away,98-97,0&1,-6.0,198.0,1,-5.0,-3.0,-4.0,1.0,W,L,U,"0
Feb","08,",2015,recap,Sun,2014,Pistons,Timberwolves,home,101-112,1&1,-7.0,203.5,-11,-18.0,9.5,-4.2,13.8,L,L,O,"0
Feb","08,",2015,recap,Sun,2014,Timberwolves,Pistons,away,112-101,1&1,7.0,203.5,11,18.0,9.5,13.8,-4.2,W,W,O,"0
Feb","08,",2015,recap,Sun,2014,Raptors,Spurs,home,87-82,1&1,1.5,201.0,5,6.5,-32.0,-12.8,-19.2,W,W,U,"0
Feb","08,",2015,recap,Sun,2014,Spurs,Raptors,away,82-87,1&1,-1.5,201.0,-5,-6.5,-32.0,-19.2,-12.8,L,L,U,"0
Feb","08,",2015,recap,Sun,2014,Rockets,Trailblazers,home,98-109,1&0,-4.5,205.0,-11,-15.5,2.0,-6.8,8.8,L,L,O,"0
Feb","08,",2015,recap,Sun,2014,Trailblazers,Rockets,away,109-98,0&1,4.5,205.0,11,15.5,2.0,8.8,-6.8,W,W,O,"0
Feb","08,",2015,recap,Sun,2014,Thunder,Clippers,home,131-108,1&1,-7.5,208.0,23,15.5,31.0,23.2,7.8,W,W,O,"0
Feb","08,",2015,recap,Sun,2014,Clippers,Thunder,away,108-131,1&1,7.5,208.0,-23,-15.5,31.0,7.8,23.2,L,L,O,0
