Date,Link,Day,Season,Team,Opp,Site,Final,Rest,Line,Total,SUm,ATSm,OUm,DPS,DPA,SUr,ATSr,OUr,"ot
Feb","09,",2015,recap,Mon,2014,Bucks,Nets,home,103-97,1&1,-5.0,193.5,6,1.0,6.5,3.8,2.8,W,W,O,"0
Feb","09,",2015,recap,Mon,2014,Nets,Bucks,away,97-103,1&1,5.0,193.5,-6,-1.0,6.5,2.8,3.8,L,L,O,"0
Feb","09,",2015,recap,Mon,2014,Heat,Knicks,home,109-95,2&1,-5.0,183.0,14,9.0,21.0,15.0,6.0,W,W,O,"0
Feb","09,",2015,recap,Mon,2014,Knicks,Heat,away,95-109,1&2,5.0,183.0,-14,-9.0,21.0,6.0,15.0,L,L,O,"0
Feb","09,",2015,recap,Mon,2014,Mavericks,Clippers,home,98-115,1&0,-8.5,210.0,-17,-25.5,3.0,-11.2,14.2,L,L,O,"0
Feb","09,",2015,recap,Mon,2014,Clippers,Mavericks,away,115-98,0&1,8.5,210.0,17,25.5,3.0,14.2,-11.2,W,W,O,"0
Feb","09,",2015,recap,Mon,2014,Nuggets,Thunder,home,114-124,2&0,6.5,213.5,-10,-3.5,24.5,10.5,14.0,L,L,O,"0
Feb","09,",2015,recap,Mon,2014,Thunder,Nuggets,away,124-114,0&2,-6.5,213.5,10,3.5,24.5,14.0,10.5,W,W,O,"0
Feb","09,",2015,recap,Mon,2014,Pacers,Spurs,home,93-95,0&0,4.5,191.5,-2,2.5,-3.5,-0.5,-3.0,L,W,U,"0
Feb","09,",2015,recap,Mon,2014,Spurs,Pacers,away,95-93,0&0,-4.5,191.5,2,-2.5,-3.5,-3.0,-0.5,W,L,U,"0
Feb","09,",2015,recap,Mon,2014,Pelicans,Jazz,home,96-100,1&1,-3.0,188.0,-4,-7.0,8.0,0.5,7.5,L,L,O,"0
Feb","09,",2015,recap,Mon,2014,Jazz,Pelicans,away,100-96,1&1,3.0,188.0,4,7.0,8.0,7.5,0.5,W,W,O,"0
Feb","09,",2015,recap,Mon,2014,Seventysixers,Warriors,home,84-89,1&1,15.0,204.0,-5,10.0,-31.0,-10.5,-20.5,L,W,U,"0
Feb","09,",2015,recap,Mon,2014,Warriors,Seventysixers,away,89-84,1&1,-15.0,204.0,5,-10.0,-31.0,-20.5,-10.5,W,L,U,"0
Feb","09,",2015,recap,Mon,2014,Timberwolves,Hawks,home,105-117,0&0,6.5,206.0,-12,-5.5,16.0,5.2,10.8,L,L,O,"0
Feb","09,",2015,recap,Mon,2014,Hawks,Timberwolves,away,117-105,0&0,-6.5,206.0,12,5.5,16.0,10.8,5.2,W,W,O,"0
Feb","09,",2015,recap,Mon,2014,Wizards,Magic,home,96-80,1&0,-10.0,194.5,16,6.0,-18.5,-6.2,-12.2,W,W,U,"0
Feb","09,",2015,recap,Mon,2014,Magic,Wizards,away,80-96,0&1,10.0,194.5,-16,-6.0,-18.5,-12.2,-6.2,L,L,U,0
