Date,Link,Day,Season,Team,Opp,Site,Final,Rest,Line,Total,SUm,ATSm,OUm,DPS,DPA,SUr,ATSr,OUr,"ot
Dec","05,",2015,recap,Sat,2015,Bucks,Knicks,home,106-91,0&0,2.0,191.0,15,17.0,6.0,11.5,-5.5,W,W,O,"0
Dec","05,",2015,recap,Sat,2015,Knicks,Bucks,away,91-106,0&0,-2.0,191.0,-15,-17.0,6.0,-5.5,11.5,L,L,O,"0
Dec","05,",2015,recap,Sat,2015,Bulls,Hornets,home,96-102,2&2,-5.5,195.5,-6,-11.5,2.5,-4.5,7.0,L,L,O,"0
Dec","05,",2015,recap,Sat,2015,Hornets,Bulls,away,102-96,2&2,5.5,195.5,6,11.5,2.5,7.0,-4.5,W,W,O,"0
Dec","05,",2015,recap,Sat,2015,Clippers,Magic,home,103-101,2&1,-2.5,196.5,2,-0.5,7.5,3.5,4.0,W,L,O,"0
Dec","05,",2015,recap,Sat,2015,Magic,Clippers,away,101-103,1&2,2.5,196.5,-2,0.5,7.5,4.0,3.5,L,W,O,"0
Dec","05,",2015,recap,Sat,2015,Heat,Cavaliers,home,99-84,1&0,-5.0,188.0,15,10.0,-5.0,2.5,-7.5,W,W,U,"0
Dec","05,",2015,recap,Sat,2015,Cavaliers,Heat,away,84-99,0&1,5.0,188.0,-15,-10.0,-5.0,-7.5,2.5,L,L,U,"0
Dec","05,",2015,recap,Sat,2015,Jazz,Pacers,home,122-119,1&1,2.0,195.0,3,5.0,46.0,25.5,20.5,W,W,O,"1
Dec","05,",2015,recap,Sat,2015,Pacers,Jazz,away,119-122,1&1,-2.0,195.0,-3,-5.0,46.0,20.5,25.5,L,L,O,"1
Dec","05,",2015,recap,Sat,2015,Raptors,Warriors,home,109-112,1&2,7.5,210.0,-3,4.5,11.0,7.8,3.2,L,W,O,"0
Dec","05,",2015,recap,Sat,2015,Warriors,Raptors,away,112-109,2&1,-7.5,210.0,3,-4.5,11.0,3.2,7.8,W,L,O,"0
Dec","05,",2015,recap,Sat,2015,Rockets,Kings,home,120-113,0&1,-3.0,218.0,7,4.0,15.0,9.5,5.5,W,W,O,"0
Dec","05,",2015,recap,Sat,2015,Kings,Rockets,away,113-120,1&0,3.0,218.0,-7,-4.0,15.0,5.5,9.5,L,L,O,"0
Dec","05,",2015,recap,Sat,2015,Seventysixers,Nuggets,home,105-108,2&1,3.5,194.0,-3,0.5,19.0,9.8,9.2,L,W,O,"0
Dec","05,",2015,recap,Sat,2015,Nuggets,Seventysixers,away,108-105,1&2,-3.5,194.0,3,-0.5,19.0,9.2,9.8,W,L,O,"0
Dec","05,",2015,recap,Sat,2015,Spurs,Celtics,home,108-105,1&1,-8.5,191.0,3,-5.5,22.0,8.2,13.8,W,L,O,"0
Dec","05,",2015,recap,Sat,2015,Celtics,Spurs,away,105-108,1&1,8.5,191.0,-3,5.5,22.0,13.8,8.2,L,W,O,"0
Dec","05,",2015,recap,Sat,2015,Timberwolves,Trailblazers,home,103-109,3&1,-1.5,204.0,-6,-7.5,8.0,0.2,7.8,L,L,O,"0
Dec","05,",2015,recap,Sat,2015,Trailblazers,Timberwolves,away,109-103,1&3,1.5,204.0,6,7.5,8.0,7.8,0.2,W,W,O,0
