Date,Link,Day,Season,Team,Opp,Site,Final,Rest,Line,Total,SUm,ATSm,OUm,DPS,DPA,SUr,ATSr,OUr,"ot
Apr","14,",2015,recap,Tue,2014,Celtics,Raptors,home,95-93,1&2,0.0,207.0,2,2.0,-19.0,-8.5,-10.5,W,W,U,"0
Apr","14,",2015,recap,Tue,2014,Raptors,Celtics,away,93-95,2&1,0.0,207.0,-2,-2.0,-19.0,-10.5,-8.5,L,L,U,"0
Apr","14,",2015,recap,Tue,2014,Pacers,Wizards,home,99-95,1&1,-7.5,192.5,4,-3.5,1.5,-1.0,2.5,W,L,O,"2
Apr","14,",2015,recap,Tue,2014,Wizards,Pacers,away,95-99,1&1,7.5,192.5,-4,3.5,1.5,2.5,-1.0,L,W,O,"2
Apr","14,",2015,recap,Tue,2014,Suns,Clippers,home,101-112,1&0,10.0,207.0,-11,-1.0,6.0,2.5,3.5,L,L,O,"0
Apr","14,",2015,recap,Tue,2014,Clippers,Suns,away,112-101,0&1,-10.0,207.0,11,1.0,6.0,3.5,2.5,W,W,O,0
