Date,Link,Day,Season,Team,Opp,Site,Final,Rest,Line,Total,SUm,ATSm,OUm,DPS,DPA,SUr,ATSr,OUr,"ot
Nov","21,",2015,recap,Sat,2015,Cavaliers,Hawks,home,109-97,1&2,-5.5,199.0,12,6.5,7.0,6.8,0.2,W,W,O,"0
Nov","21,",2015,recap,Sat,2015,Hawks,Cavaliers,away,97-109,2&1,5.5,199.0,-12,-6.5,7.0,0.2,6.8,L,L,O,"0
Nov","21,",2015,recap,Sat,2015,Heat,Seventysixers,home,96-91,1&0,-13.0,193.0,5,-8.0,-6.0,-7.0,1.0,W,L,U,"0
Nov","21,",2015,recap,Sat,2015,Seventysixers,Heat,away,91-96,0&1,13.0,193.0,-5,8.0,-6.0,1.0,-7.0,L,W,U,"0
Nov","21,",2015,recap,Sat,2015,Magic,Kings,home,91-97,2&1,-3.0,207.0,-6,-9.0,-19.0,-14.0,-5.0,L,L,U,"0
Nov","21,",2015,recap,Sat,2015,Kings,Magic,away,97-91,1&2,3.0,207.0,6,9.0,-19.0,-5.0,-14.0,W,W,U,"0
Nov","21,",2015,recap,Sat,2015,Pacers,Bucks,home,123-86,2&1,-5.5,193.5,37,31.5,15.5,23.5,-8.0,W,W,O,"0
Nov","21,",2015,recap,Sat,2015,Bucks,Pacers,away,86-123,1&2,5.5,193.5,-37,-31.5,15.5,-8.0,23.5,L,L,O,"0
Nov","21,",2015,recap,Sat,2015,Pistons,Wizards,home,95-97,0&3,-1.0,204.0,-2,-3.0,-12.0,-7.5,-4.5,L,L,U,"0
Nov","21,",2015,recap,Sat,2015,Wizards,Pistons,away,97-95,3&0,1.0,204.0,2,3.0,-12.0,-4.5,-7.5,W,W,U,"0
Nov","21,",2015,recap,Sat,2015,Rockets,Knicks,home,102-107,0&0,-4.0,203.5,-5,-9.0,5.5,-1.8,7.2,L,L,O,"0
Nov","21,",2015,recap,Sat,2015,Knicks,Rockets,away,107-102,0&0,4.0,203.5,5,9.0,5.5,7.2,-1.8,W,W,O,"0
Nov","21,",2015,recap,Sat,2015,Spurs,Grizzlies,home,92-82,0&0,-8.0,190.0,10,2.0,-16.0,-7.0,-9.0,W,W,U,"0
Nov","21,",2015,recap,Sat,2015,Grizzlies,Spurs,away,82-92,0&0,8.0,190.0,-10,-2.0,-16.0,-9.0,-7.0,L,L,U,0
