Date,Link,Day,Season,Team,Opp,Site,Final,Rest,Line,Total,SUm,ATSm,OUm,DPS,DPA,SUr,ATSr,OUr,"ot
Dec","12,",2015,recap,Sat,2015,Bucks,Warriors,home,108-95,0&0,8.5,205.0,13,21.5,-2.0,9.8,-11.8,W,W,U,"0
Dec","12,",2015,recap,Sat,2015,Warriors,Bucks,away,95-108,0&0,-8.5,205.0,-13,-21.5,-2.0,-11.8,9.8,L,L,U,"0
Dec","12,",2015,recap,Sat,2015,Bulls,Pelicans,home,98-94,1&0,-7.0,202.5,4,-3.0,-10.5,-6.8,-3.8,W,L,U,"0
Dec","12,",2015,recap,Sat,2015,Pelicans,Bulls,away,94-98,0&1,7.0,202.5,-4,3.0,-10.5,-3.8,-6.8,L,W,U,"0
Dec","12,",2015,recap,Sat,2015,Hawks,Spurs,home,78-103,1&0,3.0,191.5,-25,-22.0,-10.5,-16.2,5.8,L,L,U,"0
Dec","12,",2015,recap,Sat,2015,Spurs,Hawks,away,103-78,0&1,-3.0,191.5,25,22.0,-10.5,5.8,-16.2,W,W,U,"0
Dec","12,",2015,recap,Sat,2015,Hornets,Celtics,home,93-98,0&0,-2.5,202.0,-5,-7.5,-11.0,-9.2,-1.8,L,L,U,"0
Dec","12,",2015,recap,Sat,2015,Celtics,Hornets,away,98-93,0&0,2.5,202.0,5,7.5,-11.0,-1.8,-9.2,W,W,U,"0
Dec","12,",2015,recap,Sat,2015,Mavericks,Wizards,home,111-114,2&0,-6.5,207.0,-3,-9.5,18.0,4.2,13.8,L,L,O,"0
Dec","12,",2015,recap,Sat,2015,Wizards,Mavericks,away,114-111,0&2,6.5,207.0,3,9.5,18.0,13.8,4.2,W,W,O,"0
Dec","12,",2015,recap,Sat,2015,Nets,Clippers,home,100-105,1&1,7.0,205.5,-5,2.0,-0.5,0.8,-1.2,L,W,U,"0
Dec","12,",2015,recap,Sat,2015,Clippers,Nets,away,105-100,1&1,-7.0,205.5,5,-2.0,-0.5,-1.2,0.8,W,L,U,"0
Dec","12,",2015,recap,Sat,2015,Pistons,Pacers,home,118-96,0&0,-1.5,204.0,22,20.5,10.0,15.2,-5.2,W,W,O,"0
Dec","12,",2015,recap,Sat,2015,Pacers,Pistons,away,96-118,0&0,1.5,204.0,-22,-20.5,10.0,-5.2,15.2,L,L,O,"0
Dec","12,",2015,recap,Sat,2015,Rockets,Lakers,home,126-97,2&0,-11.5,212.0,29,17.5,11.0,14.2,-3.2,W,W,O,"0
Dec","12,",2015,recap,Sat,2015,Lakers,Rockets,away,97-126,0&2,11.5,212.0,-29,-17.5,11.0,-3.2,14.2,L,L,O,"0
Dec","12,",2015,recap,Sat,2015,Trailblazers,Knicks,home,110-112,0&1,-3.0,199.0,-2,-5.0,23.0,9.0,14.0,L,L,O,"0
Dec","12,",2015,recap,Sat,2015,Knicks,Trailblazers,away,112-110,1&0,3.0,199.0,2,5.0,23.0,14.0,9.0,W,W,O,0
