Date,Link,Day,Season,Team,Opp,Site,Final,Rest,Line,Total,SUm,ATSm,OUm,DPS,DPA,SUr,ATSr,OUr,"ot
Dec","22,",2015,recap,Tue,2015,Heat,Pistons,home,92-93,1&3,-2.5,195.0,-1,-3.5,-10.0,-6.8,-3.2,L,L,U,"0
Dec","22,",2015,recap,Tue,2015,Pistons,Heat,away,93-92,3&1,2.5,195.0,1,3.5,-10.0,-3.2,-6.8,W,W,U,"0
Dec","22,",2015,recap,Tue,2015,Nuggets,Lakers,home,107-111,1&2,-5.5,205.0,-4,-9.5,13.0,1.8,11.2,L,L,O,"0
Dec","22,",2015,recap,Tue,2015,Lakers,Nuggets,away,111-107,2&1,5.5,205.0,4,9.5,13.0,11.2,1.8,W,W,O,"0
Dec","22,",2015,recap,Tue,2015,Raptors,Mavericks,home,103-99,1&3,-4.0,196.0,4,0.0,6.0,3.0,3.0,W,P,O,"0
Dec","22,",2015,recap,Tue,2015,Mavericks,Raptors,away,99-103,3&1,4.0,196.0,-4,0.0,6.0,3.0,3.0,L,P,O,"0
Dec","22,",2015,recap,Tue,2015,Seventysixers,Grizzlies,home,90-104,1&2,10.0,194.0,-14,-4.0,0.0,-2.0,2.0,L,L,P,"0
Dec","22,",2015,recap,Tue,2015,Grizzlies,Seventysixers,away,104-90,2&1,-10.0,194.0,14,4.0,0.0,2.0,-2.0,W,W,P,0
