Date,Link,Day,Season,Team,Opp,Site,Final,Rest,Line,Total,SUm,ATSm,OUm,DPS,DPA,SUr,ATSr,OUr,"ot
Mar","06,",2015,recap,Fri,2014,Grizzlies,Lakers,home,97-90,1&1,-11.0,195.0,7,-4.0,-8.0,-6.0,-2.0,W,L,U,"0
Mar","06,",2015,recap,Fri,2014,Lakers,Grizzlies,away,90-97,1&1,11.0,195.0,-7,4.0,-8.0,-2.0,-6.0,L,W,U,"0
Mar","06,",2015,recap,Fri,2014,Hawks,Cavaliers,home,106-97,2&1,1.0,203.5,9,10.0,-0.5,4.8,-5.2,W,W,U,"0
Mar","06,",2015,recap,Fri,2014,Cavaliers,Hawks,away,97-106,1&2,-1.0,203.5,-9,-10.0,-0.5,-5.2,4.8,L,L,U,"0
Mar","06,",2015,recap,Fri,2014,Hornets,Raptors,home,103-94,1&1,0.0,197.0,9,9.0,0.0,4.5,-4.5,W,W,P,"0
Mar","06,",2015,recap,Fri,2014,Raptors,Hornets,away,94-103,1&1,0.0,197.0,-9,-9.0,0.0,-4.5,4.5,L,L,P,"0
Mar","06,",2015,recap,Fri,2014,Magic,Kings,home,119-114,1&1,1.5,203.0,5,6.5,30.0,18.2,11.8,W,W,O,"0
Mar","06,",2015,recap,Fri,2014,Kings,Magic,away,114-119,1&1,-1.5,203.0,-5,-6.5,30.0,11.8,18.2,L,L,O,"0
Mar","06,",2015,recap,Fri,2014,Nets,Suns,home,100-108,1&1,-2.5,208.5,-8,-10.5,-0.5,-5.5,5.0,L,L,U,"1
Mar","06,",2015,recap,Fri,2014,Suns,Nets,away,108-100,1&1,2.5,208.5,8,10.5,-0.5,5.0,-5.5,W,W,U,"1
Mar","06,",2015,recap,Fri,2014,Pacers,Bulls,home,98-84,1&0,-6.0,187.0,14,8.0,-5.0,1.5,-6.5,W,W,U,"0
Mar","06,",2015,recap,Fri,2014,Bulls,Pacers,away,84-98,0&1,6.0,187.0,-14,-8.0,-5.0,-6.5,1.5,L,L,U,"0
Mar","06,",2015,recap,Fri,2014,Pelicans,Celtics,home,98-104,1&1,-7.0,199.0,-6,-13.0,3.0,-5.0,8.0,L,L,O,"0
Mar","06,",2015,recap,Fri,2014,Celtics,Pelicans,away,104-98,1&1,7.0,199.0,6,13.0,3.0,8.0,-5.0,W,W,O,"0
Mar","06,",2015,recap,Fri,2014,Rockets,Pistons,home,103-93,1&1,-7.0,205.5,10,3.0,-9.5,-3.2,-6.2,W,W,U,"0
Mar","06,",2015,recap,Fri,2014,Pistons,Rockets,away,93-103,1&1,7.0,205.5,-10,-3.0,-9.5,-6.2,-3.2,L,L,U,"0
Mar","06,",2015,recap,Fri,2014,Seventysixers,Jazz,home,83-89,1&1,7.0,184.5,-6,1.0,-12.5,-5.8,-6.8,L,W,U,"0
Mar","06,",2015,recap,Fri,2014,Jazz,Seventysixers,away,89-83,1&1,-7.0,184.5,6,-1.0,-12.5,-6.8,-5.8,W,L,U,"0
Mar","06,",2015,recap,Fri,2014,Spurs,Nuggets,home,120-111,1&1,-11.5,206.5,9,-2.5,24.5,11.0,13.5,W,L,O,"0
Mar","06,",2015,recap,Fri,2014,Nuggets,Spurs,away,111-120,1&1,11.5,206.5,-9,2.5,24.5,13.5,11.0,L,W,O,"0
Mar","06,",2015,recap,Fri,2014,Warriors,Mavericks,home,104-89,1&0,-11.0,209.0,15,4.0,-16.0,-6.0,-10.0,W,W,U,"0
Mar","06,",2015,recap,Fri,2014,Mavericks,Warriors,away,89-104,0&1,11.0,209.0,-15,-4.0,-16.0,-10.0,-6.0,L,L,U,"0
Mar","06,",2015,recap,Fri,2014,Wizards,Heat,home,99-97,2&1,-5.0,194.5,2,-3.0,1.5,-0.8,2.2,W,L,O,"0
Mar","06,",2015,recap,Fri,2014,Heat,Wizards,away,97-99,1&2,5.0,194.5,-2,3.0,1.5,2.2,-0.8,L,W,O,0
