Date,Link,Day,Season,Team,Opp,Site,Final,Rest,Line,Total,SUm,ATSm,OUm,DPS,DPA,SUr,ATSr,OUr,"ot
Nov","04,",2015,recap,Wed,2015,Bucks,Seventysixers,home,91-87,1&1,-9.0,195.0,4,-5.0,-17.0,-11.0,-6.0,W,L,U,"0
Nov","04,",2015,recap,Wed,2015,Seventysixers,Bucks,away,87-91,1&1,9.0,195.0,-4,5.0,-17.0,-6.0,-11.0,L,W,U,"0
Nov","04,",2015,recap,Wed,2015,Cavaliers,Knicks,home,96-86,1&1,-10.0,204.0,10,0.0,-22.0,-11.0,-11.0,W,P,U,"0
Nov","04,",2015,recap,Wed,2015,Knicks,Cavaliers,away,86-96,1&1,10.0,204.0,-10,0.0,-22.0,-11.0,-11.0,L,P,U,"0
Nov","04,",2015,recap,Wed,2015,Hawks,Nets,home,101-87,0&1,-8.0,196.5,14,6.0,-8.5,-1.2,-7.2,W,W,U,"0
Nov","04,",2015,recap,Wed,2015,Nets,Hawks,away,87-101,1&0,8.0,196.5,-14,-6.0,-8.5,-7.2,-1.2,L,L,U,"0
Nov","04,",2015,recap,Wed,2015,Jazz,Trailblazers,home,92-108,3&1,-6.0,189.5,-16,-22.0,10.5,-5.8,16.2,L,L,O,"0
Nov","04,",2015,recap,Wed,2015,Trailblazers,Jazz,away,108-92,1&3,6.0,189.5,16,22.0,10.5,16.2,-5.8,W,W,O,"0
Nov","04,",2015,recap,Wed,2015,Pacers,Celtics,home,100-98,0&2,2.0,203.0,2,4.0,-5.0,-0.5,-4.5,W,W,U,"0
Nov","04,",2015,recap,Wed,2015,Celtics,Pacers,away,98-100,2&0,-2.0,203.0,-2,-4.0,-5.0,-4.5,-0.5,L,L,U,"0
Nov","04,",2015,recap,Wed,2015,Rockets,Magic,home,119-114,1&0,-8.5,207.5,5,-3.5,25.5,11.0,14.5,W,L,O,"1
Nov","04,",2015,recap,Wed,2015,Magic,Rockets,away,114-119,0&1,8.5,207.5,-5,3.5,25.5,14.5,11.0,L,W,O,"1
Nov","04,",2015,recap,Wed,2015,Suns,Kings,home,118-97,1&0,-9.5,209.0,21,11.5,6.0,8.8,-2.8,W,W,O,"0
Nov","04,",2015,recap,Wed,2015,Kings,Suns,away,97-118,0&1,9.5,209.0,-21,-11.5,6.0,-2.8,8.8,L,L,O,"0
Nov","04,",2015,recap,Wed,2015,Thunder,Raptors,home,98-103,1&0,-8.0,211.0,-5,-13.0,-10.0,-11.5,1.5,L,L,U,"0
Nov","04,",2015,recap,Wed,2015,Raptors,Thunder,away,103-98,0&1,8.0,211.0,5,13.0,-10.0,1.5,-11.5,W,W,U,"0
Nov","04,",2015,recap,Wed,2015,Warriors,Clippers,home,112-108,1&1,-7.5,219.0,4,-3.5,1.0,-1.2,2.2,W,L,O,"0
Nov","04,",2015,recap,Wed,2015,Clippers,Warriors,away,108-112,1&1,7.5,219.0,-4,3.5,1.0,2.2,-1.2,L,W,O,"0
Nov","04,",2015,recap,Wed,2015,Wizards,Spurs,home,102-99,3&1,3.5,201.5,3,6.5,-0.5,3.0,-3.5,W,W,U,"0
Nov","04,",2015,recap,Wed,2015,Spurs,Wizards,away,99-102,1&3,-3.5,201.5,-3,-6.5,-0.5,-3.5,3.0,L,L,U,0
