Date,Link,Day,Season,Team,Opp,Site,Final,Rest,Line,Total,SUm,ATSm,OUm,DPS,DPA,SUr,ATSr,OUr,"ot
Dec","16,",2015,recap,Wed,2015,Bulls,Grizzlies,home,98-85,1&1,-4.0,194.5,13,9.0,-11.5,-1.2,-10.2,W,W,U,"0
Dec","16,",2015,recap,Wed,2015,Grizzlies,Bulls,away,85-98,1&1,4.0,194.5,-13,-9.0,-11.5,-10.2,-1.2,L,L,U,"0
Dec","16,",2015,recap,Wed,2015,Clippers,Bucks,home,103-90,1&0,-11.0,197.5,13,2.0,-4.5,-1.2,-3.2,W,W,U,"0
Dec","16,",2015,recap,Wed,2015,Bucks,Clippers,away,90-103,0&1,11.0,197.5,-13,-2.0,-4.5,-3.2,-1.2,L,L,U,"0
Dec","16,",2015,recap,Wed,2015,Hawks,Seventysixers,home,127-106,1&1,-13.5,199.5,21,7.5,33.5,20.5,13.0,W,W,O,"0
Dec","16,",2015,recap,Wed,2015,Seventysixers,Hawks,away,106-127,1&1,13.5,199.5,-21,-7.5,33.5,13.0,20.5,L,L,O,"0
Dec","16,",2015,recap,Wed,2015,Jazz,Pelicans,home,94-104,1&1,-3.0,201.0,-10,-13.0,-3.0,-8.0,5.0,L,L,U,"0
Dec","16,",2015,recap,Wed,2015,Pelicans,Jazz,away,104-94,1&1,3.0,201.0,10,13.0,-3.0,5.0,-8.0,W,W,U,"0
Dec","16,",2015,recap,Wed,2015,Knicks,Timberwolves,home,107-102,3&0,-4.5,200.0,5,0.5,9.0,4.8,4.2,W,W,O,"0
Dec","16,",2015,recap,Wed,2015,Timberwolves,Knicks,away,102-107,0&3,4.5,200.0,-5,-0.5,9.0,4.2,4.8,L,L,O,"0
Dec","16,",2015,recap,Wed,2015,Magic,Hornets,home,113-98,1&3,-1.5,198.0,15,13.5,13.0,13.2,-0.2,W,W,O,"0
Dec","16,",2015,recap,Wed,2015,Hornets,Magic,away,98-113,3&1,1.5,198.0,-15,-13.5,13.0,-0.2,13.2,L,L,O,"0
Dec","16,",2015,recap,Wed,2015,Nets,Heat,home,98-104,1&1,5.0,192.0,-6,-1.0,10.0,4.5,5.5,L,L,O,"0
Dec","16,",2015,recap,Wed,2015,Heat,Nets,away,104-98,1&1,-5.0,192.0,6,1.0,10.0,5.5,4.5,W,W,O,"0
Dec","16,",2015,recap,Wed,2015,Pacers,Mavericks,home,107-81,1&1,-4.5,207.0,26,21.5,-19.0,1.2,-20.2,W,W,U,"0
Dec","16,",2015,recap,Wed,2015,Mavericks,Pacers,away,81-107,1&1,4.5,207.0,-26,-21.5,-19.0,-20.2,1.2,L,L,U,"0
Dec","16,",2015,recap,Wed,2015,Pistons,Celtics,home,119-116,1&0,-2.5,199.5,3,0.5,35.5,18.0,17.5,W,W,O,"0
Dec","16,",2015,recap,Wed,2015,Celtics,Pistons,away,116-119,0&1,2.5,199.5,-3,-0.5,35.5,17.5,18.0,L,L,O,"0
Dec","16,",2015,recap,Wed,2015,Spurs,Wizards,home,114-95,1&1,-13.0,197.5,19,6.0,11.5,8.8,2.8,W,W,O,"0
Dec","16,",2015,recap,Wed,2015,Wizards,Spurs,away,95-114,1&1,13.0,197.5,-19,-6.0,11.5,2.8,8.8,L,L,O,"0
Dec","16,",2015,recap,Wed,2015,Thunder,Trailblazers,home,106-90,2&1,-10.5,207.5,16,5.5,-11.5,-3.0,-8.5,W,W,U,"0
Dec","16,",2015,recap,Wed,2015,Trailblazers,Thunder,away,90-106,1&2,10.5,207.5,-16,-5.5,-11.5,-8.5,-3.0,L,L,U,"0
Dec","16,",2015,recap,Wed,2015,Warriors,Suns,home,128-103,3&1,-12.0,219.0,25,13.0,12.0,12.5,-0.5,W,W,O,"0
Dec","16,",2015,recap,Wed,2015,Suns,Warriors,away,103-128,1&3,12.0,219.0,-25,-13.0,12.0,-0.5,12.5,L,L,O,0
