Date,Link,Day,Season,Team,Opp,Site,Final,Rest,Line,Total,SUm,ATSm,OUm,DPS,DPA,SUr,ATSr,OUr,"ot
Dec","21,",2015,recap,Mon,2015,Bulls,Nets,home,102-105,1&0,-10.5,197.5,-3,-13.5,9.5,-2.0,11.5,L,L,O,"0
Dec","21,",2015,recap,Mon,2015,Nets,Bulls,away,105-102,0&1,10.5,197.5,3,13.5,9.5,11.5,-2.0,W,W,O,"0
Dec","21,",2015,recap,Mon,2015,Celtics,Timberwolves,home,113-99,2&0,-8.0,208.5,14,6.0,3.5,4.8,-1.2,W,W,O,"0
Dec","21,",2015,recap,Mon,2015,Timberwolves,Celtics,away,99-113,0&2,8.0,208.5,-14,-6.0,3.5,-1.2,4.8,L,L,O,"0
Dec","21,",2015,recap,Mon,2015,Clippers,Thunder,home,99-100,1&1,1.5,207.5,-1,0.5,-8.5,-4.0,-4.5,L,W,U,"0
Dec","21,",2015,recap,Mon,2015,Thunder,Clippers,away,100-99,1&1,-1.5,207.5,1,-0.5,-8.5,-4.5,-4.0,W,L,U,"0
Dec","21,",2015,recap,Mon,2015,Hawks,Trailblazers,home,106-97,0&0,-9.0,204.5,9,0.0,-1.5,-0.8,-0.8,W,P,U,"0
Dec","21,",2015,recap,Mon,2015,Trailblazers,Hawks,away,97-106,0&0,9.0,204.5,-9,0.0,-1.5,-0.8,-0.8,L,P,U,"0
Dec","21,",2015,recap,Mon,2015,Jazz,Suns,home,110-89,2&0,-4.5,199.0,21,16.5,0.0,8.2,-8.2,W,W,P,"0
Dec","21,",2015,recap,Mon,2015,Suns,Jazz,away,89-110,0&2,4.5,199.0,-21,-16.5,0.0,-8.2,8.2,L,L,P,"0
Dec","21,",2015,recap,Mon,2015,Knicks,Magic,home,99-107,1&0,-2.0,197.0,-8,-10.0,9.0,-0.5,9.5,L,L,O,"0
Dec","21,",2015,recap,Mon,2015,Magic,Knicks,away,107-99,0&1,2.0,197.0,8,10.0,9.0,9.5,-0.5,W,W,O,"0
Dec","21,",2015,recap,Mon,2015,Rockets,Hornets,home,102-95,1&1,-3.5,208.0,7,3.5,-11.0,-3.8,-7.2,W,W,U,"0
Dec","21,",2015,recap,Mon,2015,Hornets,Rockets,away,95-102,1&1,3.5,208.0,-7,-3.5,-11.0,-7.2,-3.8,L,L,U,"0
Dec","21,",2015,recap,Mon,2015,Spurs,Pacers,home,106-92,2&1,-9.0,198.0,14,5.0,0.0,2.5,-2.5,W,W,P,"0
Dec","21,",2015,recap,Mon,2015,Pacers,Spurs,away,92-106,1&2,9.0,198.0,-14,-5.0,0.0,-2.5,2.5,L,L,P,"0
Dec","21,",2015,recap,Mon,2015,Wizards,Kings,home,113-99,1&0,-2.5,216.5,14,11.5,-4.5,3.5,-8.0,W,W,U,"0
Dec","21,",2015,recap,Mon,2015,Kings,Wizards,away,99-113,0&1,2.5,216.5,-14,-11.5,-4.5,-8.0,3.5,L,L,U,0
