Date,Link,Day,Season,Team,Opp,Site,Final,Rest,Line,Total,SUm,ATSm,OUm,DPS,DPA,SUr,ATSr,OUr,"ot
Nov","15,",2015,recap,Sun,2015,Hawks,Jazz,home,96-97,1&1,-4.0,193.0,-1,-5.0,0.0,-2.5,2.5,L,L,P,"0
Nov","15,",2015,recap,Sun,2015,Jazz,Hawks,away,97-96,1&1,4.0,193.0,1,5.0,0.0,2.5,-2.5,W,W,P,"0
Nov","15,",2015,recap,Sun,2015,Hornets,Trailblazers,home,106-94,1&1,-4.5,204.0,12,7.5,-4.0,1.8,-5.8,W,W,U,"0
Nov","15,",2015,recap,Sun,2015,Trailblazers,Hornets,away,94-106,1&1,4.5,204.0,-12,-7.5,-4.0,-5.8,1.8,L,L,U,"0
Nov","15,",2015,recap,Sun,2015,Kings,Raptors,home,107-101,1&1,2.0,208.0,6,8.0,0.0,4.0,-4.0,W,W,P,"0
Nov","15,",2015,recap,Sun,2015,Raptors,Kings,away,101-107,1&1,-2.0,208.0,-6,-8.0,0.0,-4.0,4.0,L,L,P,"0
Nov","15,",2015,recap,Sun,2015,Knicks,Pelicans,home,95-87,1&1,-2.5,203.0,8,5.5,-21.0,-7.8,-13.2,W,W,U,"0
Nov","15,",2015,recap,Sun,2015,Pelicans,Knicks,away,87-95,1&1,2.5,203.0,-8,-5.5,-21.0,-13.2,-7.8,L,L,U,"0
Nov","15,",2015,recap,Sun,2015,Lakers,Pistons,home,97-85,1&0,4.0,200.5,12,16.0,-18.5,-1.2,-17.2,W,W,U,"0
Nov","15,",2015,recap,Sun,2015,Pistons,Lakers,away,85-97,0&1,-4.0,200.5,-12,-16.0,-18.5,-17.2,-1.2,L,L,U,"0
Nov","15,",2015,recap,Sun,2015,Thunder,Celtics,home,85-100,1&1,-5.5,210.5,-15,-20.5,-25.5,-23.0,-2.5,L,L,U,"0
Nov","15,",2015,recap,Sun,2015,Celtics,Thunder,away,100-85,1&1,5.5,210.5,15,20.5,-25.5,-2.5,-23.0,W,W,U,"0
Nov","15,",2015,recap,Sun,2015,Timberwolves,Grizzlies,home,106-114,1&1,4.0,195.0,-8,-4.0,25.0,10.5,14.5,L,L,O,"0
Nov","15,",2015,recap,Sun,2015,Grizzlies,Timberwolves,away,114-106,1&1,-4.0,195.0,8,4.0,25.0,14.5,10.5,W,W,O,0
