Date,Link,Day,Season,Team,Opp,Site,Final,Rest,Line,Total,SUm,ATSm,OUm,DPS,DPA,SUr,ATSr,OUr,"ot
Nov","30,",2015,recap,Mon,2015,Bucks,Nuggets,home,92-74,0&1,-3.5,200.5,18,14.5,-34.5,-10.0,-24.5,W,W,U,"0
Nov","30,",2015,recap,Mon,2015,Nuggets,Bucks,away,74-92,1&0,3.5,200.5,-18,-14.5,-34.5,-24.5,-10.0,L,L,U,"0
Nov","30,",2015,recap,Mon,2015,Bulls,Spurs,home,92-89,2&1,4.0,190.5,3,7.0,-9.5,-1.2,-8.2,W,W,U,"0
Nov","30,",2015,recap,Mon,2015,Spurs,Bulls,away,89-92,1&2,-4.0,190.5,-3,-7.0,-9.5,-8.2,-1.2,L,L,U,"0
Nov","30,",2015,recap,Mon,2015,Clippers,Trailblazers,home,102-87,0&1,-7.5,206.5,15,7.5,-17.5,-5.0,-12.5,W,W,U,"0
Nov","30,",2015,recap,Mon,2015,Trailblazers,Clippers,away,87-102,1&0,7.5,206.5,-15,-7.5,-17.5,-12.5,-5.0,L,L,U,"0
Nov","30,",2015,recap,Mon,2015,Hawks,Thunder,home,106-100,1&2,2.0,211.5,6,8.0,-5.5,1.2,-6.8,W,W,U,"0
Nov","30,",2015,recap,Mon,2015,Thunder,Hawks,away,100-106,2&1,-2.0,211.5,-6,-8.0,-5.5,-6.8,1.2,L,L,U,"0
Nov","30,",2015,recap,Mon,2015,Heat,Celtics,home,95-105,2&0,-4.5,194.0,-10,-14.5,6.0,-4.2,10.2,L,L,O,"0
Nov","30,",2015,recap,Mon,2015,Celtics,Heat,away,105-95,0&2,4.5,194.0,10,14.5,6.0,10.2,-4.2,W,W,O,"0
Nov","30,",2015,recap,Mon,2015,Jazz,Warriors,home,103-106,1&1,7.5,201.5,-3,4.5,7.5,6.0,1.5,L,W,O,"0
Nov","30,",2015,recap,Mon,2015,Warriors,Jazz,away,106-103,1&1,-7.5,201.5,3,-4.5,7.5,1.5,6.0,W,L,O,"0
Nov","30,",2015,recap,Mon,2015,Kings,Mavericks,home,112-98,1&1,0.0,213.0,14,14.0,-3.0,5.5,-8.5,W,W,U,"0
Nov","30,",2015,recap,Mon,2015,Mavericks,Kings,away,98-112,1&1,0.0,213.0,-14,-14.0,-3.0,-8.5,5.5,L,L,U,"0
Nov","30,",2015,recap,Mon,2015,Pistons,Rockets,home,116-105,0&0,-4.5,198.0,11,6.5,23.0,14.8,8.2,W,W,O,"0
Nov","30,",2015,recap,Mon,2015,Rockets,Pistons,away,105-116,0&0,4.5,198.0,-11,-6.5,23.0,8.2,14.8,L,L,O,0
