Date,Link,Day,Season,Team,Opp,Site,Final,Rest,Line,Total,SUm,ATSm,OUm,DPS,DPA,SUr,ATSr,OUr,"ot
Dec","26,",2015,recap,Sat,2015,Bucks,Raptors,home,90-111,2&3,3.0,194.0,-21,-18.0,7.0,-5.5,12.5,L,L,O,"0
Dec","26,",2015,recap,Sat,2015,Raptors,Bucks,away,111-90,3&2,-3.0,194.0,21,18.0,7.0,12.5,-5.5,W,W,O,"0
Dec","26,",2015,recap,Sat,2015,Hawks,Knicks,home,117-98,2&2,-7.5,202.5,19,11.5,12.5,12.0,0.5,W,W,O,"0
Dec","26,",2015,recap,Sat,2015,Knicks,Hawks,away,98-117,2&2,7.5,202.5,-19,-11.5,12.5,0.5,12.0,L,L,O,"0
Dec","26,",2015,recap,Sat,2015,Hornets,Grizzlies,home,98-92,2&2,-2.5,193.5,6,3.5,-3.5,0.0,-3.5,W,W,U,"0
Dec","26,",2015,recap,Sat,2015,Grizzlies,Hornets,away,92-98,2&2,2.5,193.5,-6,-3.5,-3.5,-3.5,0.0,L,L,U,"0
Dec","26,",2015,recap,Sat,2015,Jazz,Clippers,home,104-109,2&0,2.0,193.5,-5,-3.0,19.5,8.2,11.2,L,L,O,"0
Dec","26,",2015,recap,Sat,2015,Clippers,Jazz,away,109-104,0&2,-2.0,193.5,5,3.0,19.5,11.2,8.2,W,W,O,"0
Dec","26,",2015,recap,Sat,2015,Magic,Heat,home,101-108,2&0,-4.5,192.5,-7,-11.5,16.5,2.5,14.0,L,L,O,"0
Dec","26,",2015,recap,Sat,2015,Heat,Magic,away,108-101,0&2,4.5,192.5,7,11.5,16.5,14.0,2.5,W,W,O,"0
Dec","26,",2015,recap,Sat,2015,Mavericks,Bulls,home,118-111,2&0,-2.5,200.5,7,4.5,28.5,16.5,12.0,W,W,O,"0
Dec","26,",2015,recap,Sat,2015,Bulls,Mavericks,away,111-118,0&2,2.5,200.5,-7,-4.5,28.5,12.0,16.5,L,L,O,"0
Dec","26,",2015,recap,Sat,2015,Nets,Wizards,home,96-111,2&2,3.0,205.5,-15,-12.0,1.5,-5.2,6.8,L,L,O,"0
Dec","26,",2015,recap,Sat,2015,Wizards,Nets,away,111-96,2&2,-3.0,205.5,15,12.0,1.5,6.8,-5.2,W,W,O,"0
Dec","26,",2015,recap,Sat,2015,Pelicans,Rockets,home,110-108,0&0,1.0,210.5,2,3.0,7.5,5.2,2.2,W,W,O,"0
Dec","26,",2015,recap,Sat,2015,Rockets,Pelicans,away,108-110,0&0,-1.0,210.5,-2,-3.0,7.5,2.2,5.2,L,L,O,"0
Dec","26,",2015,recap,Sat,2015,Pistons,Celtics,home,93-99,2&2,1.5,204.0,-6,-4.5,-12.0,-8.2,-3.8,L,L,U,"0
Dec","26,",2015,recap,Sat,2015,Celtics,Pistons,away,99-93,2&2,-1.5,204.0,6,4.5,-12.0,-3.8,-8.2,W,W,U,"0
Dec","26,",2015,recap,Sat,2015,Spurs,Nuggets,home,101-86,0&2,-14.5,194.5,15,0.5,-7.5,-3.5,-4.0,W,W,U,"0
Dec","26,",2015,recap,Sat,2015,Nuggets,Spurs,away,86-101,2&0,14.5,194.5,-15,-0.5,-7.5,-4.0,-3.5,L,L,U,"0
Dec","26,",2015,recap,Sat,2015,Suns,Seventysixers,home,104-111,2&2,-12.0,205.5,-7,-19.0,9.5,-4.8,14.2,L,L,O,"0
Dec","26,",2015,recap,Sat,2015,Seventysixers,Suns,away,111-104,2&2,12.0,205.5,7,19.0,9.5,14.2,-4.8,W,W,O,"0
Dec","26,",2015,recap,Sat,2015,Timberwolves,Pacers,home,88-102,2&2,4.5,206.0,-14,-9.5,-16.0,-12.8,-3.2,L,L,U,"0
Dec","26,",2015,recap,Sat,2015,Pacers,Timberwolves,away,102-88,2&2,-4.5,206.0,14,9.5,-16.0,-3.2,-12.8,W,W,U,"0
Dec","26,",2015,recap,Sat,2015,Trailblazers,Cavaliers,home,105-76,2&0,7.5,195.5,29,36.5,-14.5,11.0,-25.5,W,W,U,"0
Dec","26,",2015,recap,Sat,2015,Cavaliers,Trailblazers,away,76-105,0&2,-7.5,195.5,-29,-36.5,-14.5,-25.5,11.0,L,L,U,0
