Date,Link,Day,Season,Team,Opp,Site,Final,Rest,Line,Total,SUm,ATSm,OUm,DPS,DPA,SUr,ATSr,OUr,"ot
Apr","08,",2015,recap,Wed,2014,Bucks,Cavaliers,home,99-104,3&2,6.5,198.5,-5,1.5,4.5,3.0,1.5,L,W,O,"0
Apr","08,",2015,recap,Wed,2014,Cavaliers,Bucks,away,104-99,2&3,-6.5,198.5,5,-1.5,4.5,1.5,3.0,W,L,O,"0
Apr","08,",2015,recap,Wed,2014,Grizzlies,Pelicans,home,110-74,3&0,-5.5,184.0,36,30.5,0.0,15.2,-15.2,W,W,P,"0
Apr","08,",2015,recap,Wed,2014,Pelicans,Grizzlies,away,74-110,0&3,5.5,184.0,-36,-30.5,0.0,-15.2,15.2,L,L,P,"0
Apr","08,",2015,recap,Wed,2014,Hornets,Raptors,home,74-92,0&3,2.0,198.0,-18,-16.0,-32.0,-24.0,-8.0,L,L,U,"0
Apr","08,",2015,recap,Wed,2014,Raptors,Hornets,away,92-74,3&0,-2.0,198.0,18,16.0,-32.0,-8.0,-24.0,W,W,U,"0
Apr","08,",2015,recap,Wed,2014,Jazz,Kings,home,103-91,2&0,-11.5,190.5,12,0.5,3.5,2.0,1.5,W,W,O,"0
Apr","08,",2015,recap,Wed,2014,Kings,Jazz,away,91-103,0&2,11.5,190.5,-12,-0.5,3.5,1.5,2.0,L,L,O,"0
Apr","08,",2015,recap,Wed,2014,Knicks,Pacers,home,86-102,2&2,12.0,191.0,-16,-4.0,-3.0,-3.5,0.5,L,L,U,"0
Apr","08,",2015,recap,Wed,2014,Pacers,Knicks,away,102-86,2&2,-12.0,191.0,16,4.0,-3.0,0.5,-3.5,W,W,U,"0
Apr","08,",2015,recap,Wed,2014,Magic,Bulls,home,105-103,3&2,7.0,192.5,2,9.0,15.5,12.2,3.2,W,W,O,"0
Apr","08,",2015,recap,Wed,2014,Bulls,Magic,away,103-105,2&3,-7.0,192.5,-2,-9.0,15.5,3.2,12.2,L,L,O,"0
Apr","08,",2015,recap,Wed,2014,Mavericks,Suns,home,107-104,3&0,-8.5,206.5,3,-5.5,4.5,-0.5,5.0,W,L,O,"0
Apr","08,",2015,recap,Wed,2014,Suns,Mavericks,away,104-107,0&3,8.5,206.5,-3,5.5,4.5,5.0,-0.5,L,W,O,"0
Apr","08,",2015,recap,Wed,2014,Nets,Hawks,home,111-114,1&0,-4.5,204.5,-3,-7.5,20.5,6.5,14.0,L,L,O,"0
Apr","08,",2015,recap,Wed,2014,Hawks,Nets,away,114-111,0&1,4.5,204.5,3,7.5,20.5,14.0,6.5,W,W,O,"0
Apr","08,",2015,recap,Wed,2014,Nuggets,Lakers,home,119-101,3&0,-10.5,206.5,18,7.5,13.5,10.5,3.0,W,W,O,"0
Apr","08,",2015,recap,Wed,2014,Lakers,Nuggets,away,101-119,0&3,10.5,206.5,-18,-7.5,13.5,3.0,10.5,L,L,O,"0
Apr","08,",2015,recap,Wed,2014,Pistons,Celtics,home,103-113,3&3,1.5,201.5,-10,-8.5,14.5,3.0,11.5,L,L,O,"0
Apr","08,",2015,recap,Wed,2014,Celtics,Pistons,away,113-103,3&3,-1.5,201.5,10,8.5,14.5,11.5,3.0,W,W,O,"0
Apr","08,",2015,recap,Wed,2014,Seventysixers,Wizards,home,90-119,2&3,6.5,189.0,-29,-22.5,20.0,-1.2,21.2,L,L,O,"0
Apr","08,",2015,recap,Wed,2014,Wizards,Seventysixers,away,119-90,3&2,-6.5,189.0,29,22.5,20.0,21.2,-1.2,W,W,O,"0
Apr","08,",2015,recap,Wed,2014,Spurs,Rockets,home,110-98,0&2,-6.5,206.0,12,5.5,2.0,3.8,-1.8,W,W,O,"0
Apr","08,",2015,recap,Wed,2014,Rockets,Spurs,away,98-110,2&0,6.5,206.0,-12,-5.5,2.0,-1.8,3.8,L,L,O,"0
Apr","08,",2015,recap,Wed,2014,Trailblazers,Timberwolves,home,116-91,1&0,-17.0,207.0,25,8.0,0.0,4.0,-4.0,W,W,P,"0
Apr","08,",2015,recap,Wed,2014,Timberwolves,Trailblazers,away,91-116,0&1,17.0,207.0,-25,-8.0,0.0,-4.0,4.0,L,L,P,0
