Date,Link,Day,Season,Team,Opp,Site,Final,Rest,Line,Total,SUm,ATSm,OUm,DPS,DPA,SUr,ATSr,OUr,"ot
Dec","14,",2015,recap,Mon,2015,Bulls,Seventysixers,home,115-96,1&0,-13.5,195.0,19,5.5,16.0,10.8,5.2,W,W,O,"0
Dec","14,",2015,recap,Mon,2015,Seventysixers,Bulls,away,96-115,0&1,13.5,195.0,-19,-5.5,16.0,5.2,10.8,L,L,O,"0
Dec","14,",2015,recap,Mon,2015,Grizzlies,Wizards,home,112-95,0&1,-4.0,201.0,17,13.0,6.0,9.5,-3.5,W,W,O,"0
Dec","14,",2015,recap,Mon,2015,Wizards,Grizzlies,away,95-112,1&0,4.0,201.0,-17,-13.0,6.0,-3.5,9.5,L,L,O,"0
Dec","14,",2015,recap,Mon,2015,Hawks,Heat,home,88-100,1&0,-5.5,191.0,-12,-17.5,-3.0,-10.2,7.2,L,L,U,"0
Dec","14,",2015,recap,Mon,2015,Heat,Hawks,away,100-88,0&1,5.5,191.0,12,17.5,-3.0,7.2,-10.2,W,W,U,"0
Dec","14,",2015,recap,Mon,2015,Mavericks,Suns,home,104-94,1&0,-4.0,208.5,10,6.0,-10.5,-2.2,-8.2,W,W,U,"0
Dec","14,",2015,recap,Mon,2015,Suns,Mavericks,away,94-104,0&1,4.0,208.5,-10,-6.0,-10.5,-8.2,-2.2,L,L,U,"0
Dec","14,",2015,recap,Mon,2015,Nets,Magic,home,82-105,1&2,3.5,198.0,-23,-19.5,-11.0,-15.2,4.2,L,L,U,"0
Dec","14,",2015,recap,Mon,2015,Magic,Nets,away,105-82,2&1,-3.5,198.0,23,19.5,-11.0,4.2,-15.2,W,W,U,"0
Dec","14,",2015,recap,Mon,2015,Nuggets,Rockets,home,114-108,2&1,4.0,209.5,6,10.0,12.5,11.2,1.2,W,W,O,"0
Dec","14,",2015,recap,Mon,2015,Rockets,Nuggets,away,108-114,1&2,-4.0,209.5,-6,-10.0,12.5,1.2,11.2,L,L,O,"0
Dec","14,",2015,recap,Mon,2015,Pacers,Raptors,home,106-90,1&0,-5.0,200.5,16,11.0,-4.5,3.2,-7.8,W,W,U,"0
Dec","14,",2015,recap,Mon,2015,Raptors,Pacers,away,90-106,0&1,5.0,200.5,-16,-11.0,-4.5,-7.8,3.2,L,L,U,"0
Dec","14,",2015,recap,Mon,2015,Pistons,Clippers,home,103-105,1&1,1.5,204.0,-2,-0.5,4.0,1.8,2.2,L,L,O,"1
Dec","14,",2015,recap,Mon,2015,Clippers,Pistons,away,105-103,1&1,-1.5,204.0,2,0.5,4.0,2.2,1.8,W,W,O,"1
Dec","14,",2015,recap,Mon,2015,Spurs,Jazz,home,118-81,1&0,-13.0,186.5,37,24.0,12.5,18.2,-5.8,W,W,O,"0
Dec","14,",2015,recap,Mon,2015,Jazz,Spurs,away,81-118,0&1,13.0,186.5,-37,-24.0,12.5,-5.8,18.2,L,L,O,"0
Dec","14,",2015,recap,Mon,2015,Trailblazers,Pelicans,home,105-101,1&1,-3.0,211.0,4,1.0,-5.0,-2.0,-3.0,W,W,U,"0
Dec","14,",2015,recap,Mon,2015,Pelicans,Trailblazers,away,101-105,1&1,3.0,211.0,-4,-1.0,-5.0,-3.0,-2.0,L,L,U,0
