Date,Link,Day,Season,Team,Opp,Site,Final,Rest,Line,Total,SUm,ATSm,OUm,DPS,DPA,SUr,ATSr,OUr,"ot
Nov","22,",2015,recap,Sun,2015,Clippers,Raptors,home,80-91,1&1,-6.0,206.0,-11,-17.0,-35.0,-26.0,-9.0,L,L,U,"0
Nov","22,",2015,recap,Sun,2015,Raptors,Clippers,away,91-80,1&1,6.0,206.0,11,17.0,-35.0,-9.0,-26.0,W,W,U,"0
Nov","22,",2015,recap,Sun,2015,Lakers,Trailblazers,home,93-107,1&1,3.0,203.0,-14,-11.0,-3.0,-7.0,4.0,L,L,U,"0
Nov","22,",2015,recap,Sun,2015,Trailblazers,Lakers,away,107-93,1&1,-3.0,203.0,14,11.0,-3.0,4.0,-7.0,W,W,U,"0
Nov","22,",2015,recap,Sun,2015,Nets,Celtics,home,111-101,1&1,5.5,203.0,10,15.5,9.0,12.2,-3.2,W,W,O,"0
Nov","22,",2015,recap,Sun,2015,Celtics,Nets,away,101-111,1&1,-5.5,203.0,-10,-15.5,9.0,-3.2,12.2,L,L,O,"0
Nov","22,",2015,recap,Sun,2015,Nuggets,Warriors,home,105-118,1&1,12.5,212.5,-13,-0.5,10.5,5.0,5.5,L,L,O,"0
Nov","22,",2015,recap,Sun,2015,Warriors,Nuggets,away,118-105,1&1,-12.5,212.5,13,0.5,10.5,5.5,5.0,W,W,O,"0
Nov","22,",2015,recap,Sun,2015,Pelicans,Suns,home,122-116,1&1,-1.0,210.5,6,5.0,27.5,16.2,11.2,W,W,O,"0
Nov","22,",2015,recap,Sun,2015,Suns,Pelicans,away,116-122,1&1,1.0,210.5,-6,-5.0,27.5,11.2,16.2,L,L,O,"0
Nov","22,",2015,recap,Sun,2015,Thunder,Mavericks,home,117-114,1&1,-3.5,209.5,3,-0.5,21.5,10.5,11.0,W,L,O,"0
Nov","22,",2015,recap,Sun,2015,Mavericks,Thunder,away,114-117,1&1,3.5,209.5,-3,0.5,21.5,11.0,10.5,L,W,O,0
