Date,Link,Day,Season,Team,Opp,Site,Final,Rest,Line,Total,SUm,ATSm,OUm,DPS,DPA,SUr,ATSr,OUr,"ot
Nov","14,",2015,recap,Sat,2015,Bucks,Cavaliers,home,108-105,2&0,5.0,196.0,3,8.0,17.0,12.5,4.5,W,W,O,"2
Nov","14,",2015,recap,Sat,2015,Cavaliers,Bucks,away,105-108,0&2,-5.0,196.0,-3,-8.0,17.0,4.5,12.5,L,L,O,"2
Nov","14,",2015,recap,Sat,2015,Clippers,Pistons,home,101-96,1&2,-3.5,198.0,5,1.5,-1.0,0.2,-1.2,W,W,U,"0
Nov","14,",2015,recap,Sat,2015,Pistons,Clippers,away,96-101,2&1,3.5,198.0,-5,-1.5,-1.0,-1.2,0.2,L,L,U,"0
Nov","14,",2015,recap,Sat,2015,Rockets,Mavericks,home,98-110,0&0,-6.0,208.5,-12,-18.0,-0.5,-9.2,8.8,L,L,U,"0
Nov","14,",2015,recap,Sat,2015,Mavericks,Rockets,away,110-98,0&0,6.0,208.5,12,18.0,-0.5,8.8,-9.2,W,W,U,"0
Nov","14,",2015,recap,Sat,2015,Spurs,Seventysixers,home,92-83,2&0,-16.0,194.0,9,-7.0,-19.0,-13.0,-6.0,W,L,U,"0
Nov","14,",2015,recap,Sat,2015,Seventysixers,Spurs,away,83-92,0&2,16.0,194.0,-9,7.0,-19.0,-6.0,-13.0,L,W,U,"0
Nov","14,",2015,recap,Sat,2015,Suns,Nuggets,home,105-81,1&0,-7.5,205.5,24,16.5,-19.5,-1.5,-18.0,W,W,U,"0
Nov","14,",2015,recap,Sat,2015,Nuggets,Suns,away,81-105,0&1,7.5,205.5,-24,-16.5,-19.5,-18.0,-1.5,L,L,U,"0
Nov","14,",2015,recap,Sat,2015,Warriors,Nets,home,107-99,1&0,-17.0,208.5,8,-9.0,-2.5,-5.8,3.2,W,L,U,"1
Nov","14,",2015,recap,Sat,2015,Nets,Warriors,away,99-107,0&1,17.0,208.5,-8,9.0,-2.5,3.2,-5.8,L,W,U,"1
Nov","14,",2015,recap,Sat,2015,Wizards,Magic,home,108-99,3&0,-6.0,204.5,9,3.0,2.5,2.8,-0.2,W,W,O,"0
Nov","14,",2015,recap,Sat,2015,Magic,Wizards,away,99-108,0&3,6.0,204.5,-9,-3.0,2.5,-0.2,2.8,L,L,O,0
