Date,Link,Day,Season,Team,Opp,Site,Final,Rest,Line,Total,SUm,ATSm,OUm,DPS,DPA,SUr,ATSr,OUr,"ot
Jan","27,",2015,recap,Tue,2014,Heat,Bucks,home,102-109,1&1,-2.0,185.0,-7,-9.0,26.0,8.5,17.5,L,L,O,"0
Jan","27,",2015,recap,Tue,2014,Bucks,Heat,away,109-102,1&1,2.0,185.0,7,9.0,26.0,17.5,8.5,W,W,O,"0
Jan","27,",2015,recap,Tue,2014,Lakers,Wizards,home,92-98,1&1,8.0,194.0,-6,2.0,-4.0,-1.0,-3.0,L,W,U,"0
Jan","27,",2015,recap,Tue,2014,Wizards,Lakers,away,98-92,1&1,-8.0,194.0,6,-2.0,-4.0,-3.0,-1.0,W,L,U,"0
Jan","27,",2015,recap,Tue,2014,Mavericks,Grizzlies,home,90-109,1&0,-5.0,199.5,-19,-24.0,-0.5,-12.2,11.8,L,L,U,"0
Jan","27,",2015,recap,Tue,2014,Grizzlies,Mavericks,away,109-90,0&1,5.0,199.5,19,24.0,-0.5,11.8,-12.2,W,W,U,"0
Jan","27,",2015,recap,Tue,2014,Pacers,Raptors,home,91-104,1&1,3.5,194.5,-13,-9.5,0.5,-4.5,5.0,L,L,O,"0
Jan","27,",2015,recap,Tue,2014,Raptors,Pacers,away,104-91,1&1,-3.5,194.5,13,9.5,0.5,5.0,-4.5,W,W,O,"0
Jan","27,",2015,recap,Tue,2014,Pistons,Cavaliers,home,95-103,1&1,8.0,206.5,-8,0.0,-8.5,-4.2,-4.2,L,P,U,"0
Jan","27,",2015,recap,Tue,2014,Cavaliers,Pistons,away,103-95,1&1,-8.0,206.5,8,0.0,-8.5,-4.2,-4.2,W,P,U,"0
Jan","27,",2015,recap,Tue,2014,Warriors,Bulls,home,111-113,1&1,-10.0,213.0,-2,-12.0,11.0,-0.5,11.5,L,L,O,"1
Jan","27,",2015,recap,Tue,2014,Bulls,Warriors,away,113-111,1&1,10.0,213.0,2,12.0,11.0,11.5,-0.5,W,W,O,1
