Date,Link,Day,Season,Team,Opp,Site,Final,Rest,Line,Total,SUm,ATSm,OUm,DPS,DPA,SUr,ATSr,OUr,"ot
Oct","27,",2015,recap,Tue,2015,Bulls,Cavaliers,home,97-95,&,-4.0,197.5,2,-2.0,-5.5,-3.8,-1.8,W,L,U,"0
Oct","27,",2015,recap,Tue,2015,Cavaliers,Bulls,away,95-97,&,4.0,197.5,-2,2.0,-5.5,-1.8,-3.8,L,W,U,"0
Oct","27,",2015,recap,Tue,2015,Hawks,Pistons,home,94-106,&,-6.5,197.5,-12,-18.5,2.5,-8.0,10.5,L,L,O,"0
Oct","27,",2015,recap,Tue,2015,Pistons,Hawks,away,106-94,&,6.5,197.5,12,18.5,2.5,10.5,-8.0,W,W,O,"0
Oct","27,",2015,recap,Tue,2015,Warriors,Pelicans,home,111-95,&,-10.0,213.5,16,6.0,-7.5,-0.8,-6.8,W,W,U,"0
Oct","27,",2015,recap,Tue,2015,Pelicans,Warriors,away,95-111,&,10.0,213.5,-16,-6.0,-7.5,-6.8,-0.8,L,L,U,0
