Date,Link,Day,Season,Team,Opp,Site,Final,Rest,Line,Total,SUm,ATSm,OUm,DPS,DPA,SUr,ATSr,OUr,"ot
Jan","19,",2015,recap,Mon,2014,Bucks,Raptors,home,89-92,3&0,-1.0,197.5,-3,-4.0,-16.5,-10.2,-6.2,L,L,U,"0
Jan","19,",2015,recap,Mon,2014,Raptors,Bucks,away,92-89,0&3,1.0,197.5,3,4.0,-16.5,-6.2,-10.2,W,W,U,"0
Jan","19,",2015,recap,Mon,2014,Cavaliers,Bulls,home,108-94,2&1,-3.5,205.0,14,10.5,-3.0,3.8,-6.8,W,W,U,"0
Jan","19,",2015,recap,Mon,2014,Bulls,Cavaliers,away,94-108,1&2,3.5,205.0,-14,-10.5,-3.0,-6.8,3.8,L,L,U,"0
Jan","19,",2015,recap,Mon,2014,Clippers,Celtics,home,102-93,1&2,-12.0,212.0,9,-3.0,-17.0,-10.0,-7.0,W,L,U,"0
Jan","19,",2015,recap,Mon,2014,Celtics,Clippers,away,93-102,2&1,12.0,212.0,-9,3.0,-17.0,-7.0,-10.0,L,W,U,"0
Jan","19,",2015,recap,Mon,2014,Grizzlies,Mavericks,home,95-103,1&2,-3.0,203.0,-8,-11.0,-5.0,-8.0,3.0,L,L,U,"0
Jan","19,",2015,recap,Mon,2014,Mavericks,Grizzlies,away,103-95,2&1,3.0,203.0,8,11.0,-5.0,3.0,-8.0,W,W,U,"0
Jan","19,",2015,recap,Mon,2014,Hawks,Pistons,home,93-82,1&1,-7.5,202.5,11,3.5,-27.5,-12.0,-15.5,W,W,U,"0
Jan","19,",2015,recap,Mon,2014,Pistons,Hawks,away,82-93,1&1,7.5,202.5,-11,-3.5,-27.5,-15.5,-12.0,L,L,U,"0
Jan","19,",2015,recap,Mon,2014,Hornets,Timberwolves,home,105-80,1&1,-6.0,193.0,25,19.0,-8.0,5.5,-13.5,W,W,U,"0
Jan","19,",2015,recap,Mon,2014,Timberwolves,Hornets,away,80-105,1&1,6.0,193.0,-25,-19.0,-8.0,-13.5,5.5,L,L,U,"0
Jan","19,",2015,recap,Mon,2014,Knicks,Pelicans,home,99-92,3&0,5.0,191.0,7,12.0,0.0,6.0,-6.0,W,W,P,"0
Jan","19,",2015,recap,Mon,2014,Pelicans,Knicks,away,92-99,0&3,-5.0,191.0,-7,-12.0,0.0,-6.0,6.0,L,L,P,"0
Jan","19,",2015,recap,Mon,2014,Rockets,Pacers,home,110-98,1&1,-10.0,197.0,12,2.0,11.0,6.5,4.5,W,W,O,"0
Jan","19,",2015,recap,Mon,2014,Pacers,Rockets,away,98-110,1&1,10.0,197.0,-12,-2.0,11.0,4.5,6.5,L,L,O,"0
Jan","19,",2015,recap,Mon,2014,Suns,Lakers,home,115-100,2&2,-11.0,214.5,15,4.0,0.5,2.2,-1.8,W,W,O,"0
Jan","19,",2015,recap,Mon,2014,Lakers,Suns,away,100-115,2&2,11.0,214.5,-15,-4.0,0.5,-1.8,2.2,L,L,O,"0
Jan","19,",2015,recap,Mon,2014,Trailblazers,Kings,home,98-94,1&1,-10.0,204.0,4,-6.0,-12.0,-9.0,-3.0,W,L,U,"0
Jan","19,",2015,recap,Mon,2014,Kings,Trailblazers,away,94-98,1&1,10.0,204.0,-4,6.0,-12.0,-3.0,-9.0,L,W,U,"0
Jan","19,",2015,recap,Mon,2014,Warriors,Nuggets,home,122-79,1&1,-14.0,217.5,43,29.0,-16.5,6.2,-22.8,W,W,U,"0
Jan","19,",2015,recap,Mon,2014,Nuggets,Warriors,away,79-122,1&1,14.0,217.5,-43,-29.0,-16.5,-22.8,6.2,L,L,U,"0
Jan","19,",2015,recap,Mon,2014,Wizards,Seventysixers,home,111-76,1&1,-14.0,192.0,35,21.0,-5.0,8.0,-13.0,W,W,U,"0
Jan","19,",2015,recap,Mon,2014,Seventysixers,Wizards,away,76-111,1&1,14.0,192.0,-35,-21.0,-5.0,-13.0,8.0,L,L,U,0
