Date,Link,Day,Season,Team,Opp,Site,Final,Rest,Line,Total,SUm,ATSm,OUm,DPS,DPA,SUr,ATSr,OUr,"ot
Jan","05,",2015,recap,Mon,2014,Bulls,Rockets,home,114-105,1&1,-3.0,200.0,9,6.0,19.0,12.5,6.5,W,W,O,"0
Jan","05,",2015,recap,Mon,2014,Rockets,Bulls,away,105-114,1&1,3.0,200.0,-9,-6.0,19.0,6.5,12.5,L,L,O,"0
Jan","05,",2015,recap,Mon,2014,Celtics,Hornets,home,95-104,1&1,-4.5,199.0,-9,-13.5,0.0,-6.8,6.8,L,L,P,"0
Jan","05,",2015,recap,Mon,2014,Hornets,Celtics,away,104-95,1&1,4.5,199.0,9,13.5,0.0,6.8,-6.8,W,W,P,"0
Jan","05,",2015,recap,Mon,2014,Clippers,Hawks,home,98-107,1&1,-5.5,210.0,-9,-14.5,-5.0,-9.8,4.8,L,L,U,"0
Jan","05,",2015,recap,Mon,2014,Hawks,Clippers,away,107-98,1&1,5.5,210.0,9,14.5,-5.0,4.8,-9.8,W,W,U,"0
Jan","05,",2015,recap,Mon,2014,Grizzlies,Knicks,home,105-83,1&0,-14.5,188.5,22,7.5,-0.5,3.5,-4.0,W,W,U,"0
Jan","05,",2015,recap,Mon,2014,Knicks,Grizzlies,away,83-105,0&1,14.5,188.5,-22,-7.5,-0.5,-4.0,3.5,L,L,U,"0
Jan","05,",2015,recap,Mon,2014,Jazz,Pacers,home,101-105,1&0,-1.5,186.0,-4,-5.5,20.0,7.2,12.8,L,L,O,"0
Jan","05,",2015,recap,Mon,2014,Pacers,Jazz,away,105-101,0&1,1.5,186.0,4,5.5,20.0,12.8,7.2,W,W,O,"0
Jan","05,",2015,recap,Mon,2014,Nets,Mavericks,home,88-96,0&0,6.0,205.0,-8,-2.0,-21.0,-11.5,-9.5,L,L,U,"1
Jan","05,",2015,recap,Mon,2014,Mavericks,Nets,away,96-88,0&0,-6.0,205.0,8,2.0,-21.0,-9.5,-11.5,W,W,U,"1
Jan","05,",2015,recap,Mon,2014,Pelicans,Wizards,home,85-92,2&1,-2.0,200.5,-7,-9.0,-23.5,-16.2,-7.2,L,L,U,"0
Jan","05,",2015,recap,Mon,2014,Wizards,Pelicans,away,92-85,1&2,2.0,200.5,7,9.0,-23.5,-7.2,-16.2,W,W,U,"0
Jan","05,",2015,recap,Mon,2014,Seventysixers,Cavaliers,home,95-92,1&0,4.0,192.0,3,7.0,-5.0,1.0,-6.0,W,W,U,"0
Jan","05,",2015,recap,Mon,2014,Cavaliers,Seventysixers,away,92-95,0&1,-4.0,192.0,-3,-7.0,-5.0,-6.0,1.0,L,L,U,"0
Jan","05,",2015,recap,Mon,2014,Timberwolves,Nuggets,home,101-110,1&1,4.5,210.0,-9,-4.5,1.0,-1.8,2.8,L,L,O,"0
Jan","05,",2015,recap,Mon,2014,Nuggets,Timberwolves,away,110-101,1&1,-4.5,210.0,9,4.5,1.0,2.8,-1.8,W,W,O,"0
Jan","05,",2015,recap,Mon,2014,Trailblazers,Lakers,home,98-94,1&0,-12.5,209.0,4,-8.5,-17.0,-12.8,-4.2,W,L,U,"0
Jan","05,",2015,recap,Mon,2014,Lakers,Trailblazers,away,94-98,0&1,12.5,209.0,-4,8.5,-17.0,-4.2,-12.8,L,W,U,"0
Jan","05,",2015,recap,Mon,2014,Warriors,Thunder,home,117-91,2&2,-3.0,217.0,26,23.0,-9.0,7.0,-16.0,W,W,U,"0
Jan","05,",2015,recap,Mon,2014,Thunder,Warriors,away,91-117,2&2,3.0,217.0,-26,-23.0,-9.0,-16.0,7.0,L,L,U,0
