Date,Link,Day,Season,Team,Opp,Site,Final,Rest,Line,Total,SUm,ATSm,OUm,DPS,DPA,SUr,ATSr,OUr,"ot
Jan","25,",2015,recap,Sun,2014,Bulls,Heat,home,84-96,1&1,-8.0,184.0,-12,-20.0,-4.0,-12.0,8.0,L,L,U,"0
Jan","25,",2015,recap,Sun,2014,Heat,Bulls,away,96-84,1&1,8.0,184.0,12,20.0,-4.0,8.0,-12.0,W,W,U,"0
Jan","25,",2015,recap,Sun,2014,Cavaliers,Thunder,home,108-98,1&1,-3.5,212.0,10,6.5,-6.0,0.2,-6.2,W,W,U,"0
Jan","25,",2015,recap,Sun,2014,Thunder,Cavaliers,away,98-108,1&1,3.5,212.0,-10,-6.5,-6.0,-6.2,0.2,L,L,U,"0
Jan","25,",2015,recap,Sun,2014,Hawks,Timberwolves,home,112-100,1&1,-17.5,201.0,12,-5.5,11.0,2.8,8.2,W,L,O,"0
Jan","25,",2015,recap,Sun,2014,Timberwolves,Hawks,away,100-112,1&1,17.5,201.0,-12,5.5,11.0,8.2,2.8,L,W,O,"0
Jan","25,",2015,recap,Sun,2014,Lakers,Rockets,home,87-99,1&1,9.0,206.5,-12,-3.0,-20.5,-11.8,-8.8,L,L,U,"0
Jan","25,",2015,recap,Sun,2014,Rockets,Lakers,away,99-87,1&1,-9.0,206.5,12,3.0,-20.5,-8.8,-11.8,W,W,U,"0
Jan","25,",2015,recap,Sun,2014,Magic,Pacers,home,99-106,1&1,2.0,205.5,-7,-5.0,-0.5,-2.8,2.2,L,L,U,"0
Jan","25,",2015,recap,Sun,2014,Pacers,Magic,away,106-99,1&1,-2.0,205.5,7,5.0,-0.5,2.2,-2.8,W,W,U,"0
Jan","25,",2015,recap,Sun,2014,Nuggets,Wizards,home,115-117,1&0,3.0,204.0,-2,1.0,28.0,14.5,13.5,L,W,O,"1
Jan","25,",2015,recap,Sun,2014,Wizards,Nuggets,away,117-115,0&1,-3.0,204.0,2,-1.0,28.0,13.5,14.5,W,L,O,"1
Jan","25,",2015,recap,Sun,2014,Pelicans,Mavericks,home,109-106,1&1,3.0,200.0,3,6.0,15.0,10.5,4.5,W,W,O,"0
Jan","25,",2015,recap,Sun,2014,Mavericks,Pelicans,away,106-109,1&1,-3.0,200.0,-3,-6.0,15.0,4.5,10.5,L,L,O,"0
Jan","25,",2015,recap,Sun,2014,Raptors,Pistons,home,114-110,1&0,-7.5,201.0,4,-3.5,23.0,9.8,13.2,W,L,O,"0
Jan","25,",2015,recap,Sun,2014,Pistons,Raptors,away,110-114,0&1,7.5,201.0,-4,3.5,23.0,13.2,9.8,L,W,O,"0
Jan","25,",2015,recap,Sun,2014,Spurs,Bucks,home,101-95,1&0,-11.5,192.5,6,-5.5,3.5,-1.0,4.5,W,L,O,"0
Jan","25,",2015,recap,Sun,2014,Bucks,Spurs,away,95-101,0&1,11.5,192.5,-6,5.5,3.5,4.5,-1.0,L,W,O,"0
Jan","25,",2015,recap,Sun,2014,Suns,Clippers,home,100-120,1&2,2.5,221.5,-20,-17.5,-1.5,-9.5,8.0,L,L,U,"0
Jan","25,",2015,recap,Sun,2014,Clippers,Suns,away,120-100,2&1,-2.5,221.5,20,17.5,-1.5,8.0,-9.5,W,W,U,"0
Jan","25,",2015,recap,Sun,2014,Warriors,Celtics,home,114-111,1&1,-17.5,214.0,3,-14.5,11.0,-1.8,12.8,W,L,O,"0
Jan","25,",2015,recap,Sun,2014,Celtics,Warriors,away,111-114,1&1,17.5,214.0,-3,14.5,11.0,12.8,-1.8,L,W,O,0
