Date,Link,Day,Season,Team,Opp,Site,Final,Rest,Line,Total,SUm,ATSm,OUm,DPS,DPA,SUr,ATSr,OUr,"ot
Dec","13,",2015,recap,Sun,2015,Heat,Grizzlies,home,100-97,1&1,-3.5,192.0,3,-0.5,5.0,2.2,2.8,W,L,O,"0
Dec","13,",2015,recap,Sun,2015,Grizzlies,Heat,away,97-100,1&1,3.5,192.0,-3,0.5,5.0,2.8,2.2,L,W,O,"0
Dec","13,",2015,recap,Sun,2015,Raptors,Seventysixers,home,96-76,1&1,-12.0,192.5,20,8.0,-20.5,-6.2,-14.2,W,W,U,"0
Dec","13,",2015,recap,Sun,2015,Seventysixers,Raptors,away,76-96,1&1,12.0,192.5,-20,-8.0,-20.5,-14.2,-6.2,L,L,U,"0
Dec","13,",2015,recap,Sun,2015,Suns,Timberwolves,home,108-101,1&1,-5.5,209.5,7,1.5,-0.5,0.5,-1.0,W,W,U,"0
Dec","13,",2015,recap,Sun,2015,Timberwolves,Suns,away,101-108,1&1,5.5,209.5,-7,-1.5,-0.5,-1.0,0.5,L,L,U,"0
Dec","13,",2015,recap,Sun,2015,Thunder,Jazz,home,104-98,1&1,-9.0,202.5,6,-3.0,-0.5,-1.8,1.2,W,L,U,"1
Dec","13,",2015,recap,Sun,2015,Jazz,Thunder,away,98-104,1&1,9.0,202.5,-6,3.0,-0.5,1.2,-1.8,L,W,U,1
