Date,Link,Day,Season,Team,Opp,Site,Final,Rest,Line,Total,SUm,ATSm,OUm,DPS,DPA,SUr,ATSr,OUr,"ot
Nov","17,",2015,recap,Tue,2015,Heat,Timberwolves,home,91-103,4&1,-8.5,195.5,-12,-20.5,-1.5,-11.0,9.5,L,L,U,"0
Nov","17,",2015,recap,Tue,2015,Timberwolves,Heat,away,103-91,1&4,8.5,195.5,12,20.5,-1.5,9.5,-11.0,W,W,U,"0
Nov","17,",2015,recap,Tue,2015,Knicks,Hornets,home,102-94,1&1,0.0,196.5,8,8.0,-0.5,3.8,-4.2,W,W,U,"0
Nov","17,",2015,recap,Tue,2015,Hornets,Knicks,away,94-102,1&1,-0.0,196.5,-8,-8.0,-0.5,-4.2,3.8,L,L,U,"0
Nov","17,",2015,recap,Tue,2015,Nets,Hawks,home,90-88,2&1,4.0,197.0,2,6.0,-19.0,-6.5,-12.5,W,W,U,"0
Nov","17,",2015,recap,Tue,2015,Hawks,Nets,away,88-90,1&2,-4.0,197.0,-2,-6.0,-19.0,-12.5,-6.5,L,L,U,"0
Nov","17,",2015,recap,Tue,2015,Pelicans,Nuggets,home,98-115,1&2,-6.0,206.0,-17,-23.0,7.0,-8.0,15.0,L,L,O,"0
Nov","17,",2015,recap,Tue,2015,Nuggets,Pelicans,away,115-98,2&1,6.0,206.0,17,23.0,7.0,15.0,-8.0,W,W,O,"0
Nov","17,",2015,recap,Tue,2015,Pistons,Cavaliers,home,104-99,1&2,4.5,194.5,5,9.5,8.5,9.0,-0.5,W,W,O,"0
Nov","17,",2015,recap,Tue,2015,Cavaliers,Pistons,away,99-104,2&1,-4.5,194.5,-5,-9.5,8.5,-0.5,9.0,L,L,O,"0
Nov","17,",2015,recap,Tue,2015,Warriors,Raptors,home,115-110,2&1,-9.5,208.5,5,-4.5,16.5,6.0,10.5,W,L,O,"0
Nov","17,",2015,recap,Tue,2015,Raptors,Warriors,away,110-115,1&2,9.5,208.5,-5,4.5,16.5,10.5,6.0,L,W,O,"0
Nov","17,",2015,recap,Tue,2015,Wizards,Bucks,home,115-86,2&2,-4.0,200.5,29,25.0,0.5,12.8,-12.2,W,W,O,"0
Nov","17,",2015,recap,Tue,2015,Bucks,Wizards,away,86-115,2&2,4.0,200.5,-29,-25.0,0.5,-12.2,12.8,L,L,O,0
