Date,Link,Day,Season,Team,Opp,Site,Final,Rest,Line,Total,SUm,ATSm,OUm,DPS,DPA,SUr,ATSr,OUr,"ot
Dec","28,",2015,recap,Mon,2015,Bulls,Raptors,home,104-97,1&1,-2.0,197.5,7,5.0,3.5,4.2,-0.8,W,W,O,"0
Dec","28,",2015,recap,Mon,2015,Raptors,Bulls,away,97-104,1&1,2.0,197.5,-7,-5.0,3.5,-0.8,4.2,L,L,O,"0
Dec","28,",2015,recap,Mon,2015,Heat,Nets,home,105-111,1&1,-8.0,195.5,-6,-14.0,20.5,3.2,17.2,L,L,O,"0
Dec","28,",2015,recap,Mon,2015,Nets,Heat,away,111-105,1&1,8.0,195.5,6,14.0,20.5,17.2,3.2,W,W,O,"0
Dec","28,",2015,recap,Mon,2015,Hornets,Lakers,home,108-98,1&0,-12.5,202.5,10,-2.5,3.5,0.5,3.0,W,L,O,"0
Dec","28,",2015,recap,Mon,2015,Lakers,Hornets,away,98-108,0&1,12.5,202.5,-10,2.5,3.5,3.0,0.5,L,W,O,"0
Dec","28,",2015,recap,Mon,2015,Jazz,Seventysixers,home,95-91,1&1,-9.0,196.0,4,-5.0,-10.0,-7.5,-2.5,W,L,U,"0
Dec","28,",2015,recap,Mon,2015,Seventysixers,Jazz,away,91-95,1&1,9.0,196.0,-4,5.0,-10.0,-2.5,-7.5,L,W,U,"0
Dec","28,",2015,recap,Mon,2015,Magic,Pelicans,home,104-89,1&1,-5.0,204.5,15,10.0,-11.5,-0.8,-10.8,W,W,U,"0
Dec","28,",2015,recap,Mon,2015,Pelicans,Magic,away,89-104,1&1,5.0,204.5,-15,-10.0,-11.5,-10.8,-0.8,L,L,U,"0
Dec","28,",2015,recap,Mon,2015,Mavericks,Bucks,home,103-93,1&1,-6.5,200.5,10,3.5,-4.5,-0.5,-4.0,W,W,U,"0
Dec","28,",2015,recap,Mon,2015,Bucks,Mavericks,away,93-103,1&1,6.5,200.5,-10,-3.5,-4.5,-4.0,-0.5,L,L,U,"0
Dec","28,",2015,recap,Mon,2015,Pacers,Hawks,home,93-87,1&1,-2.0,205.0,6,4.0,-25.0,-10.5,-14.5,W,W,U,"0
Dec","28,",2015,recap,Mon,2015,Hawks,Pacers,away,87-93,1&1,2.0,205.0,-6,-4.0,-25.0,-14.5,-10.5,L,L,U,"0
Dec","28,",2015,recap,Mon,2015,Spurs,Timberwolves,home,101-95,1&1,-14.0,195.5,6,-8.0,0.5,-3.8,4.2,W,L,O,"0
Dec","28,",2015,recap,Mon,2015,Timberwolves,Spurs,away,95-101,1&1,14.0,195.5,-6,8.0,0.5,4.2,-3.8,L,W,O,"0
Dec","28,",2015,recap,Mon,2015,Suns,Cavaliers,home,97-101,1&1,9.0,199.5,-4,5.0,-1.5,1.8,-3.2,L,W,U,"0
Dec","28,",2015,recap,Mon,2015,Cavaliers,Suns,away,101-97,1&1,-9.0,199.5,4,-5.0,-1.5,-3.2,1.8,W,L,U,"0
Dec","28,",2015,recap,Mon,2015,Warriors,Kings,home,122-103,2&0,-14.0,221.0,19,5.0,4.0,4.5,-0.5,W,W,O,"0
Dec","28,",2015,recap,Mon,2015,Kings,Warriors,away,103-122,0&2,14.0,221.0,-19,-5.0,4.0,-0.5,4.5,L,L,O,"0
Dec","28,",2015,recap,Mon,2015,Wizards,Clippers,home,91-108,1&1,-1.0,207.0,-17,-18.0,-8.0,-13.0,5.0,L,L,U,"0
Dec","28,",2015,recap,Mon,2015,Clippers,Wizards,away,108-91,1&1,1.0,207.0,17,18.0,-8.0,5.0,-13.0,W,W,U,0
