Date,Link,Day,Season,Team,Opp,Site,Final,Rest,Line,Total,SUm,ATSm,OUm,DPS,DPA,SUr,ATSr,OUr,"ot
Apr","05,",2015,recap,Sun,2014,Cavaliers,Bulls,home,99-94,2&1,-8.0,195.5,5,-3.0,-2.5,-2.8,0.2,W,L,U,"0
Apr","05,",2015,recap,Sun,2014,Bulls,Cavaliers,away,94-99,1&2,8.0,195.5,-5,3.0,-2.5,0.2,-2.8,L,W,U,"0
Apr","05,",2015,recap,Sun,2014,Kings,Jazz,home,95-101,1&0,-1.5,191.5,-6,-7.5,4.5,-1.5,6.0,L,L,O,"0
Apr","05,",2015,recap,Sun,2014,Jazz,Kings,away,101-95,0&1,1.5,191.5,6,7.5,4.5,6.0,-1.5,W,W,O,"0
Apr","05,",2015,recap,Sun,2014,Knicks,Seventysixers,home,101-91,1&0,0.0,187.5,10,10.0,4.5,7.2,-2.8,W,W,O,"0
Apr","05,",2015,recap,Sun,2014,Seventysixers,Knicks,away,91-101,0&1,-0.0,187.5,-10,-10.0,4.5,-2.8,7.2,L,L,O,"0
Apr","05,",2015,recap,Sun,2014,Lakers,Clippers,home,78-106,1&0,13.5,210.0,-28,-14.5,-26.0,-20.2,-5.8,L,L,U,"0
Apr","05,",2015,recap,Sun,2014,Clippers,Lakers,away,106-78,0&1,-13.5,210.0,28,14.5,-26.0,-5.8,-20.2,W,W,U,"0
Apr","05,",2015,recap,Sun,2014,Pacers,Heat,home,112-89,1&0,-6.5,191.5,23,16.5,9.5,13.0,-3.5,W,W,O,"0
Apr","05,",2015,recap,Sun,2014,Heat,Pacers,away,89-112,0&1,6.5,191.5,-23,-16.5,9.5,-3.5,13.0,L,L,O,"0
Apr","05,",2015,recap,Sun,2014,Spurs,Warriors,home,107-92,1&0,-6.0,209.0,15,9.0,-10.0,-0.5,-9.5,W,W,U,"0
Apr","05,",2015,recap,Sun,2014,Warriors,Spurs,away,92-107,0&1,6.0,209.0,-15,-9.0,-10.0,-9.5,-0.5,L,L,U,"0
Apr","05,",2015,recap,Sun,2014,Thunder,Rockets,home,112-115,1&2,1.0,219.0,-3,-2.0,8.0,3.0,5.0,L,L,O,"0
Apr","05,",2015,recap,Sun,2014,Rockets,Thunder,away,115-112,2&1,-1.0,219.0,3,2.0,8.0,5.0,3.0,W,W,O,0
