Date,Link,Day,Season,Team,Opp,Site,Final,Rest,Line,Total,SUm,ATSm,OUm,DPS,DPA,SUr,ATSr,OUr,"ot
Feb","01,",2015,recap,Sun,2014,Celtics,Heat,home,75-83,1&1,-3.5,185.5,-8,-11.5,-27.5,-19.5,-8.0,L,L,U,"0
Feb","01,",2015,recap,Sun,2014,Heat,Celtics,away,83-75,1&1,3.5,185.5,8,11.5,-27.5,-8.0,-19.5,W,W,U,"0
Feb","01,",2015,recap,Sun,2014,Knicks,Lakers,home,94-80,2&2,-3.0,190.5,14,11.0,-16.5,-2.8,-13.8,W,W,U,"0
Feb","01,",2015,recap,Sun,2014,Lakers,Knicks,away,80-94,2&2,3.0,190.5,-14,-11.0,-16.5,-13.8,-2.8,L,L,U,0
