Date,Link,Day,Season,Team,Opp,Site,Final,Rest,Line,Total,SUm,ATSm,OUm,DPS,DPA,SUr,ATSr,OUr,"ot
Dec","29,",2015,recap,Tue,2015,Grizzlies,Heat,home,99-90,1&0,-5.0,189.5,9,4.0,-0.5,1.8,-2.2,W,W,U,"1
Dec","29,",2015,recap,Tue,2015,Heat,Grizzlies,away,90-99,0&1,5.0,189.5,-9,-4.0,-0.5,-2.2,1.8,L,L,U,"1
Dec","29,",2015,recap,Tue,2015,Knicks,Pistons,home,108-96,1&2,1.5,199.5,12,13.5,4.5,9.0,-4.5,W,W,O,"0
Dec","29,",2015,recap,Tue,2015,Pistons,Knicks,away,96-108,2&1,-1.5,199.5,-12,-13.5,4.5,-4.5,9.0,L,L,O,"0
Dec","29,",2015,recap,Tue,2015,Nuggets,Cavaliers,home,87-93,1&0,6.0,195.5,-6,0.0,-15.5,-7.8,-7.8,L,P,U,"0
Dec","29,",2015,recap,Tue,2015,Cavaliers,Nuggets,away,93-87,0&1,-6.0,195.5,6,0.0,-15.5,-7.8,-7.8,W,P,U,"0
Dec","29,",2015,recap,Tue,2015,Rockets,Hawks,home,115-121,2&0,-3.0,209.0,-6,-9.0,27.0,9.0,18.0,L,L,O,"0
Dec","29,",2015,recap,Tue,2015,Hawks,Rockets,away,121-115,0&2,3.0,209.0,6,9.0,27.0,18.0,9.0,W,W,O,"0
Dec","29,",2015,recap,Tue,2015,Thunder,Bucks,home,131-123,1&0,-13.0,207.0,8,-5.0,47.0,21.0,26.0,W,L,O,"0
Dec","29,",2015,recap,Tue,2015,Bucks,Thunder,away,123-131,0&1,13.0,207.0,-8,5.0,47.0,26.0,21.0,L,W,O,0
