Date,Link,Day,Season,Team,Opp,Site,Final,Rest,Line,Total,SUm,ATSm,OUm,DPS,DPA,SUr,ATSr,OUr,"ot
Mar","15,",2015,recap,Sun,2014,Clippers,Rockets,home,98-100,1&2,-4.5,213.0,-2,-6.5,-15.0,-10.8,-4.2,L,L,U,"0
Mar","15,",2015,recap,Sun,2014,Rockets,Clippers,away,100-98,2&1,4.5,213.0,2,6.5,-15.0,-4.2,-10.8,W,W,U,"0
Mar","15,",2015,recap,Sun,2014,Lakers,Hawks,home,86-91,2&1,7.0,195.0,-5,2.0,-18.0,-8.0,-10.0,L,W,U,"0
Mar","15,",2015,recap,Sun,2014,Hawks,Lakers,away,91-86,1&2,-7.0,195.0,5,-2.0,-18.0,-10.0,-8.0,W,L,U,"0
Mar","15,",2015,recap,Sun,2014,Magic,Cavaliers,home,108-123,1&2,10.5,201.0,-15,-4.5,30.0,12.8,17.2,L,L,O,"0
Mar","15,",2015,recap,Sun,2014,Cavaliers,Magic,away,123-108,2&1,-10.5,201.0,15,4.5,30.0,17.2,12.8,W,W,O,"0
Mar","15,",2015,recap,Sun,2014,Pelicans,Nuggets,home,111-118,4&1,-7.5,208.0,-7,-14.5,21.0,3.2,17.8,L,L,O,"2
Mar","15,",2015,recap,Sun,2014,Nuggets,Pelicans,away,118-111,1&4,7.5,208.0,7,14.5,21.0,17.8,3.2,W,W,O,"2
Mar","15,",2015,recap,Sun,2014,Raptors,Trailblazers,home,97-113,1&1,-1.5,205.0,-16,-17.5,5.0,-6.2,11.2,L,L,O,"0
Mar","15,",2015,recap,Sun,2014,Trailblazers,Raptors,away,113-97,1&1,1.5,205.0,16,17.5,5.0,11.2,-6.2,W,W,O,"0
Mar","15,",2015,recap,Sun,2014,Spurs,Timberwolves,home,123-97,2&1,-13.5,207.5,26,12.5,12.5,12.5,0.0,W,W,O,"0
Mar","15,",2015,recap,Sun,2014,Timberwolves,Spurs,away,97-123,1&2,13.5,207.5,-26,-12.5,12.5,0.0,12.5,L,L,O,"0
Mar","15,",2015,recap,Sun,2014,Suns,Knicks,home,102-89,1&0,-11.5,195.5,13,1.5,-4.5,-1.5,-3.0,W,W,U,"0
Mar","15,",2015,recap,Sun,2014,Knicks,Suns,away,89-102,0&1,11.5,195.5,-13,-1.5,-4.5,-3.0,-1.5,L,L,U,"0
Mar","15,",2015,recap,Sun,2014,Thunder,Bulls,home,109-100,1&1,-7.5,204.5,9,1.5,4.5,3.0,1.5,W,W,O,"0
Mar","15,",2015,recap,Sun,2014,Bulls,Thunder,away,100-109,1&1,7.5,204.5,-9,-1.5,4.5,1.5,3.0,L,L,O,0
