Date,Link,Day,Season,Team,Opp,Site,Final,Rest,Line,Total,SUm,ATSm,OUm,DPS,DPA,SUr,ATSr,OUr,"ot
Nov","24,",2015,recap,Tue,2015,Grizzlies,Mavericks,home,110-96,2&1,-3.0,196.5,14,11.0,9.5,10.2,-0.8,W,W,O,"0
Nov","24,",2015,recap,Tue,2015,Mavericks,Grizzlies,away,96-110,1&2,3.0,196.5,-14,-11.0,9.5,-0.8,10.2,L,L,O,"0
Nov","24,",2015,recap,Tue,2015,Hawks,Celtics,home,121-97,2&1,-3.0,205.0,24,21.0,13.0,17.0,-4.0,W,W,O,"0
Nov","24,",2015,recap,Tue,2015,Celtics,Hawks,away,97-121,1&2,3.0,205.0,-24,-21.0,13.0,-4.0,17.0,L,L,O,"0
Nov","24,",2015,recap,Tue,2015,Nuggets,Clippers,home,94-111,1&1,7.0,207.0,-17,-10.0,-2.0,-6.0,4.0,L,L,U,"0
Nov","24,",2015,recap,Tue,2015,Clippers,Nuggets,away,111-94,1&1,-7.0,207.0,17,10.0,-2.0,4.0,-6.0,W,W,U,"0
Nov","24,",2015,recap,Tue,2015,Trailblazers,Bulls,home,88-93,1&3,3.0,201.5,-5,-2.0,-20.5,-11.2,-9.2,L,L,U,"0
Nov","24,",2015,recap,Tue,2015,Bulls,Trailblazers,away,93-88,3&1,-3.0,201.5,5,2.0,-20.5,-9.2,-11.2,W,W,U,"0
Nov","24,",2015,recap,Tue,2015,Warriors,Lakers,home,111-77,1&1,-17.0,215.0,34,17.0,-27.0,-5.0,-22.0,W,W,U,"0
Nov","24,",2015,recap,Tue,2015,Lakers,Warriors,away,77-111,1&1,17.0,215.0,-34,-17.0,-27.0,-22.0,-5.0,L,L,U,"0
Nov","24,",2015,recap,Tue,2015,Wizards,Pacers,home,106-123,2&2,-2.5,207.5,-17,-19.5,21.5,1.0,20.5,L,L,O,"0
Nov","24,",2015,recap,Tue,2015,Pacers,Wizards,away,123-106,2&2,2.5,207.5,17,19.5,21.5,20.5,1.0,W,W,O,0
