Date,Link,Day,Season,Team,Opp,Site,Final,Rest,Line,Total,SUm,ATSm,OUm,DPS,DPA,SUr,ATSr,OUr,"ot
Dec","09,",2015,recap,Wed,2015,Bucks,Clippers,home,95-109,1&1,5.5,201.0,-14,-8.5,3.0,-2.8,5.8,L,L,O,"0
Dec","09,",2015,recap,Wed,2015,Clippers,Bucks,away,109-95,1&1,-5.5,201.0,14,8.5,3.0,5.8,-2.8,W,W,O,"0
Dec","09,",2015,recap,Wed,2015,Celtics,Bulls,home,105-100,1&1,-3.5,200.5,5,1.5,4.5,3.0,1.5,W,W,O,"0
Dec","09,",2015,recap,Wed,2015,Bulls,Celtics,away,100-105,1&1,3.5,200.5,-5,-1.5,4.5,1.5,3.0,L,L,O,"0
Dec","09,",2015,recap,Wed,2015,Hornets,Heat,home,99-81,1&1,-1.0,192.5,18,17.0,-12.5,2.2,-14.8,W,W,U,"0
Dec","09,",2015,recap,Wed,2015,Heat,Hornets,away,81-99,1&1,1.0,192.5,-18,-17.0,-12.5,-14.8,2.2,L,L,U,"0
Dec","09,",2015,recap,Wed,2015,Jazz,Knicks,home,106-85,0&1,-3.5,191.5,21,17.5,-0.5,8.5,-9.0,W,W,U,"0
Dec","09,",2015,recap,Wed,2015,Knicks,Jazz,away,85-106,1&0,3.5,191.5,-21,-17.5,-0.5,-9.0,8.5,L,L,U,"0
Dec","09,",2015,recap,Wed,2015,Mavericks,Hawks,home,95-98,1&4,1.5,203.0,-3,-1.5,-10.0,-5.8,-4.2,L,L,U,"0
Dec","09,",2015,recap,Wed,2015,Hawks,Mavericks,away,98-95,4&1,-1.5,203.0,3,1.5,-10.0,-4.2,-5.8,W,W,U,"0
Dec","09,",2015,recap,Wed,2015,Pistons,Grizzlies,home,92-93,1&0,-3.5,193.0,-1,-4.5,-8.0,-6.2,-1.8,L,L,U,"0
Dec","09,",2015,recap,Wed,2015,Grizzlies,Pistons,away,93-92,0&1,3.5,193.0,1,4.5,-8.0,-1.8,-6.2,W,W,U,"0
Dec","09,",2015,recap,Wed,2015,Raptors,Spurs,home,97-94,1&1,5.5,188.0,3,8.5,3.0,5.8,-2.8,W,W,O,"0
Dec","09,",2015,recap,Wed,2015,Spurs,Raptors,away,94-97,1&1,-5.5,188.0,-3,-8.5,3.0,-2.8,5.8,L,L,O,"0
Dec","09,",2015,recap,Wed,2015,Suns,Magic,home,107-104,1&0,-4.5,206.5,3,-1.5,4.5,1.5,3.0,W,L,O,"0
Dec","09,",2015,recap,Wed,2015,Magic,Suns,away,104-107,0&1,4.5,206.5,-3,1.5,4.5,3.0,1.5,L,W,O,"0
Dec","09,",2015,recap,Wed,2015,Timberwolves,Lakers,home,123-122,1&1,-7.0,204.5,1,-6.0,40.5,17.2,23.2,W,L,O,"1
Dec","09,",2015,recap,Wed,2015,Lakers,Timberwolves,away,122-123,1&1,7.0,204.5,-1,6.0,40.5,23.2,17.2,L,W,O,"1
Dec","09,",2015,recap,Wed,2015,Wizards,Rockets,home,103-109,1&0,-3.0,214.0,-6,-9.0,-2.0,-5.5,3.5,L,L,U,"0
Dec","09,",2015,recap,Wed,2015,Rockets,Wizards,away,109-103,0&1,3.0,214.0,6,9.0,-2.0,3.5,-5.5,W,W,U,0
