Date,Link,Day,Season,Team,Opp,Site,Final,Rest,Line,Total,SUm,ATSm,OUm,DPS,DPA,SUr,ATSr,OUr,"ot
Mar","09,",2015,recap,Mon,2014,Bucks,Pelicans,home,103-114,1&1,1.0,186.5,-11,-10.0,30.5,10.2,20.2,L,L,O,"0
Mar","09,",2015,recap,Mon,2014,Pelicans,Bucks,away,114-103,1&1,-1.0,186.5,11,10.0,30.5,20.2,10.2,W,W,O,"0
Mar","09,",2015,recap,Mon,2014,Bulls,Grizzlies,home,91-101,0&1,5.5,184.5,-10,-4.5,7.5,1.5,6.0,L,L,O,"0
Mar","09,",2015,recap,Mon,2014,Grizzlies,Bulls,away,101-91,1&0,-5.5,184.5,10,4.5,7.5,6.0,1.5,W,W,O,"0
Mar","09,",2015,recap,Mon,2014,Clippers,Timberwolves,home,89-76,0&1,-8.5,206.0,13,4.5,-41.0,-18.2,-22.8,W,W,U,"0
Mar","09,",2015,recap,Mon,2014,Timberwolves,Clippers,away,76-89,1&0,8.5,206.0,-13,-4.5,-41.0,-22.8,-18.2,L,L,U,"0
Mar","09,",2015,recap,Mon,2014,Hawks,Kings,home,130-105,1&1,-11.0,210.0,25,14.0,25.0,19.5,5.5,W,W,O,"0
Mar","09,",2015,recap,Mon,2014,Kings,Hawks,away,105-130,1&1,11.0,210.0,-25,-14.0,25.0,5.5,19.5,L,L,O,"0
Mar","09,",2015,recap,Mon,2014,Heat,Celtics,home,90-100,1&0,-2.5,199.0,-10,-12.5,-9.0,-10.8,1.8,L,L,U,"0
Mar","09,",2015,recap,Mon,2014,Celtics,Heat,away,100-90,0&1,2.5,199.0,10,12.5,-9.0,1.8,-10.8,W,W,U,"0
Mar","09,",2015,recap,Mon,2014,Hornets,Wizards,home,69-95,0&1,-1.5,190.0,-26,-27.5,-26.0,-26.8,0.8,L,L,U,"0
Mar","09,",2015,recap,Mon,2014,Wizards,Hornets,away,95-69,1&0,1.5,190.0,26,27.5,-26.0,0.8,-26.8,W,W,U,"0
Mar","09,",2015,recap,Mon,2014,Nuggets,Knicks,home,106-78,1&1,-10.0,204.5,28,18.0,-20.5,-1.2,-19.2,W,W,U,"0
Mar","09,",2015,recap,Mon,2014,Knicks,Nuggets,away,78-106,1&1,10.0,204.5,-28,-18.0,-20.5,-19.2,-1.2,L,L,U,"0
Mar","09,",2015,recap,Mon,2014,Suns,Warriors,home,80-98,1&0,5.5,214.0,-18,-12.5,-36.0,-24.2,-11.8,L,L,U,"0
Mar","09,",2015,recap,Mon,2014,Warriors,Suns,away,98-80,0&1,-5.5,214.0,18,12.5,-36.0,-11.8,-24.2,W,W,U,0
