Date,Link,Day,Season,Team,Opp,Site,Final,Rest,Line,Total,SUm,ATSm,OUm,DPS,DPA,SUr,ATSr,OUr,"ot
Apr","04,",2015,recap,Sat,2014,Bucks,Magic,home,90-97,0&0,-8.0,194.0,-7,-15.0,-7.0,-11.0,4.0,L,L,U,"0
Apr","04,",2015,recap,Sat,2014,Magic,Bucks,away,97-90,0&0,8.0,194.0,7,15.0,-7.0,4.0,-11.0,W,W,U,"0
Apr","04,",2015,recap,Sat,2014,Grizzlies,Wizards,home,83-92,0&0,-7.5,186.5,-9,-16.5,-11.5,-14.0,2.5,L,L,U,"0
Apr","04,",2015,recap,Sat,2014,Wizards,Grizzlies,away,92-83,0&0,7.5,186.5,9,16.5,-11.5,2.5,-14.0,W,W,U,"0
Apr","04,",2015,recap,Sat,2014,Hawks,Nets,home,131-99,3&0,-9.5,205.0,32,22.5,25.0,23.8,1.2,W,W,O,"0
Apr","04,",2015,recap,Sat,2014,Nets,Hawks,away,99-131,0&3,9.5,205.0,-32,-22.5,25.0,1.2,23.8,L,L,O,"0
Apr","04,",2015,recap,Sat,2014,Hornets,Seventysixers,home,92-91,0&2,-7.0,189.5,1,-6.0,-6.5,-6.2,-0.2,W,L,U,"0
Apr","04,",2015,recap,Sat,2014,Seventysixers,Hornets,away,91-92,2&0,7.0,189.5,-1,6.0,-6.5,-0.2,-6.2,L,W,U,"0
Apr","04,",2015,recap,Sat,2014,Mavericks,Warriors,home,110-123,1&1,6.0,212.0,-13,-7.0,21.0,7.0,14.0,L,L,O,"0
Apr","04,",2015,recap,Sat,2014,Warriors,Mavericks,away,123-110,1&1,-6.0,212.0,13,7.0,21.0,14.0,7.0,W,W,O,"0
Apr","04,",2015,recap,Sat,2014,Nuggets,Clippers,home,92-107,0&2,9.5,216.5,-15,-5.5,-17.5,-11.5,-6.0,L,L,U,"0
Apr","04,",2015,recap,Sat,2014,Clippers,Nuggets,away,107-92,2&0,-9.5,216.5,15,5.5,-17.5,-6.0,-11.5,W,W,U,"0
Apr","04,",2015,recap,Sat,2014,Pistons,Heat,home,99-98,0&1,2.5,191.5,1,3.5,5.5,4.5,1.0,W,W,O,"0
Apr","04,",2015,recap,Sat,2014,Heat,Pistons,away,98-99,1&0,-2.5,191.5,-1,-3.5,5.5,1.0,4.5,L,L,O,"0
Apr","04,",2015,recap,Sat,2014,Raptors,Celtics,home,116-117,0&0,-3.0,207.5,-1,-4.0,25.5,10.8,14.8,L,L,O,"1
Apr","04,",2015,recap,Sat,2014,Celtics,Raptors,away,117-116,0&0,3.0,207.5,1,4.0,25.5,14.8,10.8,W,W,O,"1
Apr","04,",2015,recap,Sat,2014,Suns,Jazz,home,87-85,1&2,-1.0,186.5,2,1.0,-14.5,-6.8,-7.8,W,W,U,"0
Apr","04,",2015,recap,Sat,2014,Jazz,Suns,away,85-87,2&1,1.0,186.5,-2,-1.0,-14.5,-7.8,-6.8,L,L,U,"0
Apr","04,",2015,recap,Sat,2014,Trailblazers,Pelicans,home,99-90,0&0,-5.0,196.0,9,4.0,-7.0,-1.5,-5.5,W,W,U,"0
Apr","04,",2015,recap,Sat,2014,Pelicans,Trailblazers,away,90-99,0&0,5.0,196.0,-9,-4.0,-7.0,-5.5,-1.5,L,L,U,0
