Date,Link,Day,Season,Team,Opp,Site,Final,Rest,Line,Total,SUm,ATSm,OUm,DPS,DPA,SUr,ATSr,OUr,"ot
Feb","06,",2015,recap,Fri,2014,Celtics,Seventysixers,home,107-96,1&2,-8.5,193.0,11,2.5,10.0,6.2,3.8,W,W,O,"0
Feb","06,",2015,recap,Fri,2014,Seventysixers,Celtics,away,96-107,2&1,8.5,193.0,-11,-2.5,10.0,3.8,6.2,L,L,O,"0
Feb","06,",2015,recap,Fri,2014,Hawks,Warriors,home,124-116,1&1,0.0,214.0,8,8.0,26.0,17.0,9.0,W,W,O,"0
Feb","06,",2015,recap,Fri,2014,Warriors,Hawks,away,116-124,1&1,-0.0,214.0,-8,-8.0,26.0,9.0,17.0,L,L,O,"0
Feb","06,",2015,recap,Fri,2014,Magic,Lakers,home,103-97,1&1,-4.0,200.5,6,2.0,-0.5,0.8,-1.2,W,W,U,"1
Feb","06,",2015,recap,Fri,2014,Lakers,Magic,away,97-103,1&1,4.0,200.5,-6,-2.0,-0.5,-1.2,0.8,L,L,U,"1
Feb","06,",2015,recap,Fri,2014,Nets,Knicks,home,92-88,1&2,-6.5,195.5,4,-2.5,-15.5,-9.0,-6.5,W,L,U,"0
Feb","06,",2015,recap,Fri,2014,Knicks,Nets,away,88-92,2&1,6.5,195.5,-4,2.5,-15.5,-6.5,-9.0,L,W,U,"0
Feb","06,",2015,recap,Fri,2014,Pacers,Cavaliers,home,103-99,1&0,6.0,196.0,4,10.0,6.0,8.0,-2.0,W,W,O,"0
Feb","06,",2015,recap,Fri,2014,Cavaliers,Pacers,away,99-103,0&1,-6.0,196.0,-4,-10.0,6.0,-2.0,8.0,L,L,O,"0
Feb","06,",2015,recap,Fri,2014,Pistons,Nuggets,home,98-88,1&1,-6.5,204.5,10,3.5,-18.5,-7.5,-11.0,W,W,U,"0
Feb","06,",2015,recap,Fri,2014,Nuggets,Pistons,away,88-98,1&1,6.5,204.5,-10,-3.5,-18.5,-11.0,-7.5,L,L,U,"0
Feb","06,",2015,recap,Fri,2014,Raptors,Clippers,home,123-107,1&0,0.0,211.0,16,16.0,19.0,17.5,1.5,W,W,O,"0
Feb","06,",2015,recap,Fri,2014,Clippers,Raptors,away,107-123,0&1,-0.0,211.0,-16,-16.0,19.0,1.5,17.5,L,L,O,"0
Feb","06,",2015,recap,Fri,2014,Rockets,Bucks,home,117-111,1&1,-6.0,201.0,6,0.0,27.0,13.5,13.5,W,P,O,"0
Feb","06,",2015,recap,Fri,2014,Bucks,Rockets,away,111-117,1&1,6.0,201.0,-6,0.0,27.0,13.5,13.5,L,P,O,"0
Feb","06,",2015,recap,Fri,2014,Spurs,Heat,home,98-85,1&1,-12.5,186.0,13,0.5,-3.0,-1.2,-1.8,W,W,U,"0
Feb","06,",2015,recap,Fri,2014,Heat,Spurs,away,85-98,1&1,12.5,186.0,-13,-0.5,-3.0,-1.8,-1.2,L,L,U,"0
Feb","06,",2015,recap,Fri,2014,Suns,Jazz,home,100-93,0&1,-4.5,202.5,7,2.5,-9.5,-3.5,-6.0,W,W,U,"0
Feb","06,",2015,recap,Fri,2014,Jazz,Suns,away,93-100,1&0,4.5,202.5,-7,-2.5,-9.5,-6.0,-3.5,L,L,U,"0
Feb","06,",2015,recap,Fri,2014,Thunder,Pelicans,home,113-116,1&1,-5.0,198.0,-3,-8.0,31.0,11.5,19.5,L,L,O,"0
Feb","06,",2015,recap,Fri,2014,Pelicans,Thunder,away,116-113,1&1,5.0,198.0,3,8.0,31.0,19.5,11.5,W,W,O,"0
Feb","06,",2015,recap,Fri,2014,Timberwolves,Grizzlies,home,90-89,1&1,8.5,195.5,1,9.5,-16.5,-3.5,-13.0,W,W,U,"0
Feb","06,",2015,recap,Fri,2014,Grizzlies,Timberwolves,away,89-90,1&1,-8.5,195.5,-1,-9.5,-16.5,-13.0,-3.5,L,L,U,0
