Date,Link,Day,Season,Team,Opp,Site,Final,Rest,Line,Total,SUm,ATSm,OUm,DPS,DPA,SUr,ATSr,OUr,"ot
Mar","08,",2015,recap,Sun,2014,Lakers,Mavericks,home,93-100,1&1,7.0,201.5,-7,0.0,-8.5,-4.2,-4.2,L,P,U,"0
Mar","08,",2015,recap,Sun,2014,Mavericks,Lakers,away,100-93,1&1,-7.0,201.5,7,0.0,-8.5,-4.2,-4.2,W,P,U,"0
Mar","08,",2015,recap,Sun,2014,Magic,Celtics,home,103-98,1&1,1.5,198.0,5,6.5,3.0,4.8,-1.8,W,W,O,"0
Mar","08,",2015,recap,Sun,2014,Celtics,Magic,away,98-103,1&1,-1.5,198.0,-5,-6.5,3.0,-1.8,4.8,L,L,O,"0
Mar","08,",2015,recap,Sun,2014,Nets,Jazz,home,88-95,1&1,-1.5,186.0,-7,-8.5,-3.0,-5.8,2.8,L,L,U,"0
Mar","08,",2015,recap,Sun,2014,Jazz,Nets,away,95-88,1&1,1.5,186.0,7,8.5,-3.0,2.8,-5.8,W,W,U,"0
Mar","08,",2015,recap,Sun,2014,Pistons,Hornets,home,101-108,1&1,0.0,193.0,-7,-7.0,16.0,4.5,11.5,L,L,O,"0
Mar","08,",2015,recap,Sun,2014,Hornets,Pistons,away,108-101,1&1,-0.0,193.0,7,7.0,16.0,11.5,4.5,W,W,O,"0
Mar","08,",2015,recap,Sun,2014,Spurs,Bulls,home,116-105,1&1,-10.0,193.0,11,1.0,28.0,14.5,13.5,W,W,O,"0
Mar","08,",2015,recap,Sun,2014,Bulls,Spurs,away,105-116,1&1,10.0,193.0,-11,-1.0,28.0,13.5,14.5,L,L,O,"0
Mar","08,",2015,recap,Sun,2014,Thunder,Raptors,home,108-104,2&1,-6.0,213.0,4,-2.0,-1.0,-1.5,0.5,W,L,U,"0
Mar","08,",2015,recap,Sun,2014,Raptors,Thunder,away,104-108,1&2,6.0,213.0,-4,2.0,-1.0,0.5,-1.5,L,W,U,"0
Mar","08,",2015,recap,Sun,2014,Warriors,Clippers,home,106-98,1&3,-9.0,213.0,8,-1.0,-9.0,-5.0,-4.0,W,L,U,"0
Mar","08,",2015,recap,Sun,2014,Clippers,Warriors,away,98-106,3&1,9.0,213.0,-8,1.0,-9.0,-4.0,-5.0,L,W,U,0
