Date,Link,Day,Season,Team,Opp,Site,Final,Rest,Line,Total,SUm,ATSm,OUm,DPS,DPA,SUr,ATSr,OUr,"ot
Oct","29,",2015,recap,Thu,2015,Clippers,Mavericks,home,104-88,0&0,-11.0,211.5,16,5.0,-19.5,-7.2,-12.2,W,W,U,"0
Oct","29,",2015,recap,Thu,2015,Mavericks,Clippers,away,88-104,0&0,11.0,211.5,-16,-5.0,-19.5,-12.2,-7.2,L,L,U,"0
Oct","29,",2015,recap,Thu,2015,Knicks,Hawks,home,101-112,0&1,4.5,199.0,-11,-6.5,14.0,3.8,10.2,L,L,O,"0
Oct","29,",2015,recap,Thu,2015,Hawks,Knicks,away,112-101,1&0,-4.5,199.0,11,6.5,14.0,10.2,3.8,W,W,O,"0
Oct","29,",2015,recap,Thu,2015,Pacers,Grizzlies,home,103-112,0&0,3.0,190.5,-9,-6.0,24.5,9.2,15.2,L,L,O,"0
Oct","29,",2015,recap,Thu,2015,Grizzlies,Pacers,away,112-103,0&0,-3.0,190.5,9,6.0,24.5,15.2,9.2,W,W,O,0
