Date,Link,Day,Season,Team,Opp,Site,Final,Rest,Line,Total,SUm,ATSm,OUm,DPS,DPA,SUr,ATSr,OUr,"ot
Mar","20,",2015,recap,Fri,2014,Bulls,Raptors,home,108-92,1&1,-1.5,199.0,16,14.5,1.0,7.8,-6.8,W,W,O,"0
Mar","20,",2015,recap,Fri,2014,Raptors,Bulls,away,92-108,1&1,1.5,199.0,-16,-14.5,1.0,-6.8,7.8,L,L,O,"0
Mar","20,",2015,recap,Fri,2014,Cavaliers,Pacers,home,95-92,1&1,-10.0,200.0,3,-7.0,-13.0,-10.0,-3.0,W,L,U,"0
Mar","20,",2015,recap,Fri,2014,Pacers,Cavaliers,away,92-95,1&1,10.0,200.0,-3,7.0,-13.0,-3.0,-10.0,L,W,U,"0
Mar","20,",2015,recap,Fri,2014,Clippers,Wizards,home,113-99,1&1,-7.0,202.0,14,7.0,10.0,8.5,1.5,W,W,O,"0
Mar","20,",2015,recap,Fri,2014,Wizards,Clippers,away,99-113,1&1,7.0,202.0,-14,-7.0,10.0,1.5,8.5,L,L,O,"0
Mar","20,",2015,recap,Fri,2014,Heat,Nuggets,home,108-91,1&0,-7.5,209.0,17,9.5,-10.0,-0.2,-9.8,W,W,U,"0
Mar","20,",2015,recap,Fri,2014,Nuggets,Heat,away,91-108,0&1,7.5,209.0,-17,-9.5,-10.0,-9.8,-0.2,L,L,U,"0
Mar","20,",2015,recap,Fri,2014,Kings,Hornets,home,101-91,1&2,3.5,206.0,10,13.5,-14.0,-0.2,-13.8,W,W,U,"0
Mar","20,",2015,recap,Fri,2014,Hornets,Kings,away,91-101,2&1,-3.5,206.0,-10,-13.5,-14.0,-13.8,-0.2,L,L,U,"0
Mar","20,",2015,recap,Fri,2014,Magic,Trailblazers,home,111-104,1&1,7.5,200.0,7,14.5,15.0,14.8,0.2,W,W,O,"0
Mar","20,",2015,recap,Fri,2014,Trailblazers,Magic,away,104-111,1&1,-7.5,200.0,-7,-14.5,15.0,0.2,14.8,L,L,O,"0
Mar","20,",2015,recap,Fri,2014,Mavericks,Grizzlies,home,101-112,1&2,-2.5,197.0,-11,-13.5,16.0,1.2,14.8,L,L,O,"0
Mar","20,",2015,recap,Fri,2014,Grizzlies,Mavericks,away,112-101,2&1,2.5,197.0,11,13.5,16.0,14.8,1.2,W,W,O,"0
Mar","20,",2015,recap,Fri,2014,Nets,Bucks,home,129-127,1&1,-2.0,193.0,2,0.0,63.0,31.5,31.5,W,P,O,"3
Mar","20,",2015,recap,Fri,2014,Bucks,Nets,away,127-129,1&1,2.0,193.0,-2,0.0,63.0,31.5,31.5,L,P,O,"3
Mar","20,",2015,recap,Fri,2014,Seventysixers,Knicks,home,97-81,1&0,-6.0,188.5,16,10.0,-10.5,-0.2,-10.2,W,W,U,"0
Mar","20,",2015,recap,Fri,2014,Knicks,Seventysixers,away,81-97,0&1,6.0,188.5,-16,-10.0,-10.5,-10.2,-0.2,L,L,U,"0
Mar","20,",2015,recap,Fri,2014,Spurs,Celtics,home,101-89,1&1,-9.0,206.0,12,3.0,-16.0,-6.5,-9.5,W,W,U,"0
Mar","20,",2015,recap,Fri,2014,Celtics,Spurs,away,89-101,1&1,9.0,206.0,-12,-3.0,-16.0,-9.5,-6.5,L,L,U,"0
Mar","20,",2015,recap,Fri,2014,Thunder,Hawks,home,123-115,1&1,0.0,212.0,8,8.0,26.0,17.0,9.0,W,W,O,"0
Mar","20,",2015,recap,Fri,2014,Hawks,Thunder,away,115-123,1&1,-0.0,212.0,-8,-8.0,26.0,9.0,17.0,L,L,O,"0
Mar","20,",2015,recap,Fri,2014,Warriors,Pelicans,home,112-96,1&0,-13.5,202.5,16,2.5,5.5,4.0,1.5,W,W,O,"0
Mar","20,",2015,recap,Fri,2014,Pelicans,Warriors,away,96-112,0&1,13.5,202.5,-16,-2.5,5.5,1.5,4.0,L,L,O,0
