Date,Link,Day,Season,Team,Opp,Site,Final,Rest,Line,Total,SUm,ATSm,OUm,DPS,DPA,SUr,ATSr,OUr,"ot
Mar","19,",2015,recap,Thu,2014,Knicks,Timberwolves,home,92-95,1&0,0.0,196.0,-3,-3.0,-9.0,-6.0,-3.0,L,L,U,"1
Mar","19,",2015,recap,Thu,2014,Timberwolves,Knicks,away,95-92,0&1,0.0,196.0,3,3.0,-9.0,-3.0,-6.0,W,W,U,"1
Mar","19,",2015,recap,Thu,2014,Lakers,Jazz,home,73-80,2&0,4.5,182.5,-7,-2.5,-29.5,-16.0,-13.5,L,L,U,"0
Mar","19,",2015,recap,Thu,2014,Jazz,Lakers,away,80-73,0&2,-4.5,182.5,7,2.5,-29.5,-13.5,-16.0,W,W,U,"0
Mar","19,",2015,recap,Thu,2014,Rockets,Nuggets,home,118-108,1&2,-8.0,215.0,10,2.0,11.0,6.5,4.5,W,W,O,"0
Mar","19,",2015,recap,Thu,2014,Nuggets,Rockets,away,108-118,2&1,8.0,215.0,-10,-2.0,11.0,4.5,6.5,L,L,O,"0
Mar","19,",2015,recap,Thu,2014,Suns,Pelicans,home,74-72,3&1,-1.5,198.0,2,0.5,-52.0,-25.8,-26.2,W,W,U,"0
Mar","19,",2015,recap,Thu,2014,Pelicans,Suns,away,72-74,1&3,1.5,198.0,-2,-0.5,-52.0,-26.2,-25.8,L,L,U,0
