Date,Link,Day,Season,Team,Opp,Site,Final,Rest,Line,Total,SUm,ATSm,OUm,DPS,DPA,SUr,ATSr,OUr,"ot
Dec","03,",2015,recap,Thu,2015,Grizzlies,Spurs,home,83-103,1&0,3.0,183.0,-20,-17.0,3.0,-7.0,10.0,L,L,O,"0
Dec","03,",2015,recap,Thu,2015,Spurs,Grizzlies,away,103-83,0&1,-3.0,183.0,20,17.0,3.0,10.0,-7.0,W,W,O,"0
Dec","03,",2015,recap,Thu,2015,Heat,Thunder,home,97-95,2&2,3.5,203.0,2,5.5,-11.0,-2.8,-8.2,W,W,U,"0
Dec","03,",2015,recap,Thu,2015,Thunder,Heat,away,95-97,2&2,-3.5,203.0,-2,-5.5,-11.0,-8.2,-2.8,L,L,U,"0
Dec","03,",2015,recap,Thu,2015,Jazz,Magic,home,94-103,2&1,-4.0,192.0,-9,-13.0,5.0,-4.0,9.0,L,L,O,"0
Dec","03,",2015,recap,Thu,2015,Magic,Jazz,away,103-94,1&2,4.0,192.0,9,13.0,5.0,9.0,-4.0,W,W,O,"0
Dec","03,",2015,recap,Thu,2015,Kings,Celtics,home,97-114,2&2,2.0,214.0,-17,-15.0,-3.0,-9.0,6.0,L,L,U,"0
Dec","03,",2015,recap,Thu,2015,Celtics,Kings,away,114-97,2&2,-2.0,214.0,17,15.0,-3.0,6.0,-9.0,W,W,U,"0
Dec","03,",2015,recap,Thu,2015,Raptors,Nuggets,home,105-106,0&0,-10.0,193.0,-1,-11.0,18.0,3.5,14.5,L,L,O,"0
Dec","03,",2015,recap,Thu,2015,Nuggets,Raptors,away,106-105,0&0,10.0,193.0,1,11.0,18.0,14.5,3.5,W,W,O,"0
Dec","03,",2015,recap,Thu,2015,Trailblazers,Pacers,home,123-111,1&0,2.5,202.5,12,14.5,31.5,23.0,8.5,W,W,O,"0
Dec","03,",2015,recap,Thu,2015,Pacers,Trailblazers,away,111-123,0&1,-2.5,202.5,-12,-14.5,31.5,8.5,23.0,L,L,O,0
