Date,Link,Day,Season,Team,Opp,Site,Final,Rest,Line,Total,SUm,ATSm,OUm,DPS,DPA,SUr,ATSr,OUr,"ot
Apr","01,",2015,recap,Wed,2014,Bucks,Bulls,home,95-91,1&3,4.5,191.5,4,8.5,-5.5,1.5,-7.0,W,W,U,"0
Apr","01,",2015,recap,Wed,2014,Bulls,Bucks,away,91-95,3&1,-4.5,191.5,-4,-8.5,-5.5,-7.0,1.5,L,L,U,"0
Apr","01,",2015,recap,Wed,2014,Celtics,Pacers,home,100-87,1&0,-4.0,200.0,13,9.0,-13.0,-2.0,-11.0,W,W,U,"0
Apr","01,",2015,recap,Wed,2014,Pacers,Celtics,away,87-100,0&1,4.0,200.0,-13,-9.0,-13.0,-11.0,-2.0,L,L,U,"0
Apr","01,",2015,recap,Wed,2014,Hornets,Pistons,home,102-78,1&0,-5.5,195.5,24,18.5,-15.5,1.5,-17.0,W,W,U,"0
Apr","01,",2015,recap,Wed,2014,Pistons,Hornets,away,78-102,0&1,5.5,195.5,-24,-18.5,-15.5,-17.0,1.5,L,L,U,"0
Apr","01,",2015,recap,Wed,2014,Jazz,Nuggets,home,98-84,1&3,-5.0,193.5,14,9.0,-11.5,-1.2,-10.2,W,W,U,"0
Apr","01,",2015,recap,Wed,2014,Nuggets,Jazz,away,84-98,3&1,5.0,193.5,-14,-9.0,-11.5,-10.2,-1.2,L,L,U,"0
Apr","01,",2015,recap,Wed,2014,Knicks,Nets,home,98-100,3&0,9.5,194.5,-2,7.5,3.5,5.5,-2.0,L,W,O,"0
Apr","01,",2015,recap,Wed,2014,Nets,Knicks,away,100-98,0&3,-9.5,194.5,2,-7.5,3.5,-2.0,5.5,W,L,O,"0
Apr","01,",2015,recap,Wed,2014,Lakers,Pelicans,home,92-113,1&2,9.0,196.5,-21,-12.0,8.5,-1.8,10.2,L,L,O,"0
Apr","01,",2015,recap,Wed,2014,Pelicans,Lakers,away,113-92,2&1,-9.0,196.5,21,12.0,8.5,10.2,-1.8,W,W,O,"0
Apr","01,",2015,recap,Wed,2014,Magic,Spurs,home,91-103,4&0,9.5,198.0,-12,-2.5,-4.0,-3.2,-0.8,L,L,U,"0
Apr","01,",2015,recap,Wed,2014,Spurs,Magic,away,103-91,0&4,-9.5,198.0,12,2.5,-4.0,-0.8,-3.2,W,W,U,"0
Apr","01,",2015,recap,Wed,2014,Rockets,Kings,home,115-111,1&1,-11.0,211.0,4,-7.0,15.0,4.0,11.0,W,L,O,"0
Apr","01,",2015,recap,Wed,2014,Kings,Rockets,away,111-115,1&1,11.0,211.0,-4,7.0,15.0,11.0,4.0,L,W,O,"0
Apr","01,",2015,recap,Wed,2014,Thunder,Mavericks,home,131-135,2&2,-2.0,216.0,-4,-6.0,50.0,22.0,28.0,L,L,O,"0
Apr","01,",2015,recap,Wed,2014,Mavericks,Thunder,away,135-131,2&2,2.0,216.0,4,6.0,50.0,28.0,22.0,W,W,O,"0
Apr","01,",2015,recap,Wed,2014,Timberwolves,Raptors,home,99-113,1&1,9.5,204.0,-14,-4.5,8.0,1.8,6.2,L,L,O,"0
Apr","01,",2015,recap,Wed,2014,Raptors,Timberwolves,away,113-99,1&1,-9.5,204.0,14,4.5,8.0,6.2,1.8,W,W,O,"0
Apr","01,",2015,recap,Wed,2014,Trailblazers,Clippers,home,122-126,1&0,-3.0,208.5,-4,-7.0,39.5,16.2,23.2,L,L,O,"0
Apr","01,",2015,recap,Wed,2014,Clippers,Trailblazers,away,126-122,0&1,3.0,208.5,4,7.0,39.5,23.2,16.2,W,W,O,"0
Apr","01,",2015,recap,Wed,2014,Wizards,Seventysixers,home,106-93,2&1,-11.0,192.0,13,2.0,7.0,4.5,2.5,W,W,O,"0
Apr","01,",2015,recap,Wed,2014,Seventysixers,Wizards,away,93-106,1&2,11.0,192.0,-13,-2.0,7.0,2.5,4.5,L,L,O,0
