Date,Link,Day,Season,Team,Opp,Site,Final,Rest,Line,Total,SUm,ATSm,OUm,DPS,DPA,SUr,ATSr,OUr,"ot
Jan","23,",2015,recap,Fri,2014,Cavaliers,Hornets,home,129-90,1&1,-10.5,194.0,39,28.5,25.0,26.8,-1.8,W,W,O,"0
Jan","23,",2015,recap,Fri,2014,Hornets,Cavaliers,away,90-129,1&1,10.5,194.0,-39,-28.5,25.0,-1.8,26.8,L,L,O,"0
Jan","23,",2015,recap,Fri,2014,Hawks,Thunder,home,103-93,1&1,-4.0,207.0,10,6.0,-11.0,-2.5,-8.5,W,W,U,"0
Jan","23,",2015,recap,Fri,2014,Thunder,Hawks,away,93-103,1&1,4.0,207.0,-10,-6.0,-11.0,-8.5,-2.5,L,L,U,"0
Jan","23,",2015,recap,Fri,2014,Heat,Pacers,home,89-87,1&1,-3.0,183.5,2,-1.0,-7.5,-4.2,-3.2,W,L,U,"0
Jan","23,",2015,recap,Fri,2014,Pacers,Heat,away,87-89,1&1,3.0,183.5,-2,1.0,-7.5,-3.2,-4.2,L,W,U,"0
Jan","23,",2015,recap,Fri,2014,Knicks,Magic,home,113-106,1&1,2.0,206.5,7,9.0,12.5,10.8,1.8,W,W,O,"0
Jan","23,",2015,recap,Fri,2014,Magic,Knicks,away,106-113,1&1,-2.0,206.5,-7,-9.0,12.5,1.8,10.8,L,L,O,"0
Jan","23,",2015,recap,Fri,2014,Mavericks,Bulls,home,98-102,1&0,-6.0,204.0,-4,-10.0,-4.0,-7.0,3.0,L,L,U,"0
Jan","23,",2015,recap,Fri,2014,Bulls,Mavericks,away,102-98,0&1,6.0,204.0,4,10.0,-4.0,3.0,-7.0,W,W,U,"0
Jan","23,",2015,recap,Fri,2014,Nuggets,Celtics,home,99-100,2&0,-7.5,205.0,-1,-8.5,-6.0,-7.2,1.2,L,L,U,"0
Jan","23,",2015,recap,Fri,2014,Celtics,Nuggets,away,100-99,0&2,7.5,205.0,1,8.5,-6.0,1.2,-7.2,W,W,U,"0
Jan","23,",2015,recap,Fri,2014,Seventysixers,Raptors,home,86-91,1&1,12.0,195.5,-5,7.0,-18.5,-5.8,-12.8,L,W,U,"0
Jan","23,",2015,recap,Fri,2014,Raptors,Seventysixers,away,91-86,1&1,-12.0,195.5,5,-7.0,-18.5,-12.8,-5.8,W,L,U,"0
Jan","23,",2015,recap,Fri,2014,Spurs,Lakers,home,99-85,0&1,-13.5,196.5,14,0.5,-12.5,-6.0,-6.5,W,W,U,"0
Jan","23,",2015,recap,Fri,2014,Lakers,Spurs,away,85-99,1&0,13.5,196.5,-14,-0.5,-12.5,-6.5,-6.0,L,L,U,"0
Jan","23,",2015,recap,Fri,2014,Suns,Rockets,home,111-113,1&1,-2.0,220.0,-2,-4.0,4.0,0.0,4.0,L,L,O,"0
Jan","23,",2015,recap,Fri,2014,Rockets,Suns,away,113-111,1&1,2.0,220.0,2,4.0,4.0,4.0,0.0,W,W,O,"0
Jan","23,",2015,recap,Fri,2014,Timberwolves,Pelicans,home,84-92,1&1,7.0,199.0,-8,-1.0,-23.0,-12.0,-11.0,L,L,U,"0
Jan","23,",2015,recap,Fri,2014,Pelicans,Timberwolves,away,92-84,1&1,-7.0,199.0,8,1.0,-23.0,-11.0,-12.0,W,W,U,"0
Jan","23,",2015,recap,Fri,2014,Warriors,Kings,home,126-101,1&1,-15.5,219.0,25,9.5,8.0,8.8,-0.8,W,W,O,"0
Jan","23,",2015,recap,Fri,2014,Kings,Warriors,away,101-126,1&1,15.5,219.0,-25,-9.5,8.0,-0.8,8.8,L,L,O,0
