Date,Link,Day,Season,Team,Opp,Site,Final,Rest,Line,Total,SUm,ATSm,OUm,DPS,DPA,SUr,ATSr,OUr,"ot
Jan","03,",2015,recap,Sat,2014,Bulls,Celtics,home,109-104,1&0,-10.0,204.5,5,-5.0,8.5,1.8,6.8,W,L,O,"1
Jan","03,",2015,recap,Sat,2014,Celtics,Bulls,away,104-109,0&1,10.0,204.5,-5,5.0,8.5,6.8,1.8,L,W,O,"1
Jan","03,",2015,recap,Sat,2014,Clippers,Seventysixers,home,127-91,2&0,-19.0,206.0,36,17.0,12.0,14.5,-2.5,W,W,O,"0
Jan","03,",2015,recap,Sat,2014,Seventysixers,Clippers,away,91-127,0&2,19.0,206.0,-36,-17.0,12.0,-2.5,14.5,L,L,O,"0
Jan","03,",2015,recap,Sat,2014,Magic,Hornets,home,90-98,0&0,-4.0,188.0,-8,-12.0,0.0,-6.0,6.0,L,L,P,"0
Jan","03,",2015,recap,Sat,2014,Hornets,Magic,away,98-90,0&0,4.0,188.0,8,12.0,0.0,6.0,-6.0,W,W,P,"0
Jan","03,",2015,recap,Sat,2014,Nuggets,Grizzlies,home,114-85,1&0,-1.5,203.0,29,27.5,-4.0,11.8,-15.8,W,W,U,"0
Jan","03,",2015,recap,Sat,2014,Grizzlies,Nuggets,away,85-114,0&1,1.5,203.0,-29,-27.5,-4.0,-15.8,11.8,L,L,U,"0
Jan","03,",2015,recap,Sat,2014,Rockets,Heat,home,115-79,0&2,-7.5,197.0,36,28.5,-3.0,12.8,-15.8,W,W,U,"0
Jan","03,",2015,recap,Sat,2014,Heat,Rockets,away,79-115,2&0,7.5,197.0,-36,-28.5,-3.0,-15.8,12.8,L,L,U,"0
Jan","03,",2015,recap,Sat,2014,Spurs,Wizards,home,101-92,2&0,-5.5,194.5,9,3.5,-1.5,1.0,-2.5,W,W,U,"0
Jan","03,",2015,recap,Sat,2014,Wizards,Spurs,away,92-101,0&2,5.5,194.5,-9,-3.5,-1.5,-2.5,1.0,L,L,U,"0
Jan","03,",2015,recap,Sat,2014,Timberwolves,Jazz,home,89-101,1&0,-1.0,199.0,-12,-13.0,-9.0,-11.0,2.0,L,L,U,"0
Jan","03,",2015,recap,Sat,2014,Jazz,Timberwolves,away,101-89,0&1,1.0,199.0,12,13.0,-9.0,2.0,-11.0,W,W,U,"0
Jan","03,",2015,recap,Sat,2014,Trailblazers,Hawks,home,107-115,3&0,-5.5,202.0,-8,-13.5,20.0,3.2,16.8,L,L,O,"0
Jan","03,",2015,recap,Sat,2014,Hawks,Trailblazers,away,115-107,0&3,5.5,202.0,8,13.5,20.0,16.8,3.2,W,W,O,0
