Date,Link,Day,Season,Team,Opp,Site,Final,Rest,Line,Total,SUm,ATSm,OUm,DPS,DPA,SUr,ATSr,OUr,"ot
Jan","08,",2015,recap,Thu,2014,Knicks,Rockets,home,96-120,0&0,12.0,193.5,-24,-12.0,22.5,5.2,17.2,L,L,O,"0
Jan","08,",2015,recap,Thu,2014,Rockets,Knicks,away,120-96,0&0,-12.0,193.5,24,12.0,22.5,17.2,5.2,W,W,O,"0
Jan","08,",2015,recap,Thu,2014,Raptors,Hornets,home,95-103,3&0,-12.0,199.5,-8,-20.0,-1.5,-10.8,9.2,L,L,U,"0
Jan","08,",2015,recap,Thu,2014,Hornets,Raptors,away,103-95,0&3,12.0,199.5,8,20.0,-1.5,9.2,-10.8,W,W,U,"0
Jan","08,",2015,recap,Thu,2014,Trailblazers,Heat,home,99-83,2&3,-9.0,197.0,16,7.0,-15.0,-4.0,-11.0,W,W,U,"0
Jan","08,",2015,recap,Thu,2014,Heat,Trailblazers,away,83-99,3&2,9.0,197.0,-16,-7.0,-15.0,-11.0,-4.0,L,L,U,0
