Date,Link,Day,Season,Team,Opp,Site,Final,Rest,Line,Total,SUm,ATSm,OUm,DPS,DPA,SUr,ATSr,OUr,"ot
Jan","29,",2015,recap,Thu,2014,Grizzlies,Nuggets,home,99-69,1&0,-10.5,198.0,30,19.5,-30.0,-5.2,-24.8,W,W,U,"0
Jan","29,",2015,recap,Thu,2014,Nuggets,Grizzlies,away,69-99,0&1,10.5,198.0,-30,-19.5,-30.0,-24.8,-5.2,L,L,U,"0
Jan","29,",2015,recap,Thu,2014,Lakers,Bulls,home,123-118,1&1,9.0,195.0,5,14.0,46.0,30.0,16.0,W,W,O,"2
Jan","29,",2015,recap,Thu,2014,Bulls,Lakers,away,118-123,1&1,-9.0,195.0,-5,-14.0,46.0,16.0,30.0,L,L,O,"2
Jan","29,",2015,recap,Thu,2014,Magic,Bucks,home,100-115,2&1,4.5,205.5,-15,-10.5,9.5,-0.5,10.0,L,L,O,"0
Jan","29,",2015,recap,Thu,2014,Bucks,Magic,away,115-100,1&2,-4.5,205.5,15,10.5,9.5,10.0,-0.5,W,W,O,"0
Jan","29,",2015,recap,Thu,2014,Pacers,Knicks,home,103-82,1&0,-8.0,185.0,21,13.0,0.0,6.5,-6.5,W,W,P,"0
Jan","29,",2015,recap,Thu,2014,Knicks,Pacers,away,82-103,0&1,8.0,185.0,-21,-13.0,0.0,-6.5,6.5,L,L,P,0
