Date,Link,Day,Season,Team,Opp,Site,Final,Rest,Line,Total,SUm,ATSm,OUm,DPS,DPA,SUr,ATSr,OUr,"ot
Oct","31,",2015,recap,Sat,2015,Clippers,Kings,home,114-109,1&0,-10.5,214.5,5,-5.5,8.5,1.5,7.0,W,L,O,"0
Oct","31,",2015,recap,Sat,2015,Kings,Clippers,away,109-114,0&1,10.5,214.5,-5,5.5,8.5,7.0,1.5,L,W,O,"0
Oct","31,",2015,recap,Sat,2015,Grizzlies,Nets,home,101-91,1&0,-12.0,192.0,10,-2.0,0.0,-1.0,1.0,W,L,P,"0
Oct","31,",2015,recap,Sat,2015,Nets,Grizzlies,away,91-101,0&1,12.0,192.0,-10,2.0,0.0,1.0,-1.0,L,W,P,"0
Oct","31,",2015,recap,Sat,2015,Pacers,Jazz,home,76-97,1&0,-3.0,191.0,-21,-24.0,-18.0,-21.0,3.0,L,L,U,"0
Oct","31,",2015,recap,Sat,2015,Jazz,Pacers,away,97-76,0&1,3.0,191.0,21,24.0,-18.0,3.0,-21.0,W,W,U,"0
Oct","31,",2015,recap,Sat,2015,Pelicans,Warriors,home,120-134,2&0,5.5,212.5,-14,-8.5,41.5,16.5,25.0,L,L,O,"0
Oct","31,",2015,recap,Sat,2015,Warriors,Pelicans,away,134-120,0&2,-5.5,212.5,14,8.5,41.5,25.0,16.5,W,W,O,"0
Oct","31,",2015,recap,Sat,2015,Trailblazers,Suns,home,90-101,0&0,-3.0,204.5,-11,-14.0,-13.5,-13.8,0.2,L,L,U,"0
Oct","31,",2015,recap,Sat,2015,Suns,Trailblazers,away,101-90,0&0,3.0,204.5,11,14.0,-13.5,0.2,-13.8,W,W,U,"0
Oct","31,",2015,recap,Sat,2015,Wizards,Knicks,home,110-117,0&1,-7.0,205.0,-7,-14.0,22.0,4.0,18.0,L,L,O,"0
Oct","31,",2015,recap,Sat,2015,Knicks,Wizards,away,117-110,1&0,7.0,205.0,7,14.0,22.0,18.0,4.0,W,W,O,0
