Date,Link,Day,Season,Team,Opp,Site,Final,Rest,Line,Total,SUm,ATSm,OUm,DPS,DPA,SUr,ATSr,OUr,"ot
Feb","25,",2015,recap,Wed,2014,Bucks,Seventysixers,home,104-88,1&1,-10.5,188.5,16,5.5,3.5,4.5,-1.0,W,W,O,"0
Feb","25,",2015,recap,Wed,2014,Seventysixers,Bucks,away,88-104,1&1,10.5,188.5,-16,-5.5,3.5,-1.0,4.5,L,L,O,"0
Feb","25,",2015,recap,Wed,2014,Bulls,Hornets,home,86-98,1&2,-7.0,187.5,-12,-19.0,-3.5,-11.2,7.8,L,L,U,"0
Feb","25,",2015,recap,Wed,2014,Hornets,Bulls,away,98-86,2&1,7.0,187.5,12,19.0,-3.5,7.8,-11.2,W,W,U,"0
Feb","25,",2015,recap,Wed,2014,Celtics,Knicks,home,115-94,1&2,-11.5,198.0,21,9.5,11.0,10.2,0.8,W,W,O,"0
Feb","25,",2015,recap,Wed,2014,Knicks,Celtics,away,94-115,2&1,11.5,198.0,-21,-9.5,11.0,0.8,10.2,L,L,O,"0
Feb","25,",2015,recap,Wed,2014,Hawks,Mavericks,home,104-87,2&0,-8.0,202.5,17,9.0,-11.5,-1.2,-10.2,W,W,U,"0
Feb","25,",2015,recap,Wed,2014,Mavericks,Hawks,away,87-104,0&2,8.0,202.5,-17,-9.0,-11.5,-10.2,-1.2,L,L,U,"0
Feb","25,",2015,recap,Wed,2014,Jazz,Lakers,home,97-100,1&2,-9.5,191.5,-3,-12.5,5.5,-3.5,9.0,L,L,O,"0
Feb","25,",2015,recap,Wed,2014,Lakers,Jazz,away,100-97,2&1,9.5,191.5,3,12.5,5.5,9.0,-3.5,W,W,O,"0
Feb","25,",2015,recap,Wed,2014,Kings,Grizzlies,home,102-90,3&1,6.5,200.0,12,18.5,-8.0,5.2,-13.2,W,W,U,"0
Feb","25,",2015,recap,Wed,2014,Grizzlies,Kings,away,90-102,1&3,-6.5,200.0,-12,-18.5,-8.0,-13.2,5.2,L,L,U,"0
Feb","25,",2015,recap,Wed,2014,Magic,Heat,home,90-93,2&1,3.0,198.0,-3,0.0,-15.0,-7.5,-7.5,L,P,U,"1
Feb","25,",2015,recap,Wed,2014,Heat,Magic,away,93-90,1&2,-3.0,198.0,3,0.0,-15.0,-7.5,-7.5,W,P,U,"1
Feb","25,",2015,recap,Wed,2014,Nuggets,Suns,home,96-110,1&1,6.0,215.0,-14,-8.0,-9.0,-8.5,-0.5,L,L,U,"0
Feb","25,",2015,recap,Wed,2014,Suns,Nuggets,away,110-96,1&1,-6.0,215.0,14,8.0,-9.0,-0.5,-8.5,W,W,U,"0
Feb","25,",2015,recap,Wed,2014,Pelicans,Nets,home,102-96,1&1,2.5,193.0,6,8.5,5.0,6.8,-1.8,W,W,O,"0
Feb","25,",2015,recap,Wed,2014,Nets,Pelicans,away,96-102,1&1,-2.5,193.0,-6,-8.5,5.0,-1.8,6.8,L,L,O,"0
Feb","25,",2015,recap,Wed,2014,Rockets,Clippers,home,110-105,1&1,-3.5,217.0,5,1.5,-2.0,-0.2,-1.8,W,W,U,"0
Feb","25,",2015,recap,Wed,2014,Clippers,Rockets,away,105-110,1&1,3.5,217.0,-5,-1.5,-2.0,-1.8,-0.2,L,L,U,"0
Feb","25,",2015,recap,Wed,2014,Timberwolves,Wizards,home,97-77,1&0,-2.0,201.5,20,18.0,-27.5,-4.8,-22.8,W,W,U,"0
Feb","25,",2015,recap,Wed,2014,Wizards,Timberwolves,away,77-97,0&1,2.0,201.5,-20,-18.0,-27.5,-22.8,-4.8,L,L,U,"0
Feb","25,",2015,recap,Wed,2014,Trailblazers,Spurs,home,111-95,2&1,-2.5,195.0,16,13.5,11.0,12.2,-1.2,W,W,O,"0
Feb","25,",2015,recap,Wed,2014,Spurs,Trailblazers,away,95-111,1&2,2.5,195.0,-16,-13.5,11.0,-1.2,12.2,L,L,O,0
