Date,Link,Day,Season,Team,Opp,Site,Final,Rest,Line,Total,SUm,ATSm,OUm,DPS,DPA,SUr,ATSr,OUr,"ot
Jan","12,",2015,recap,Mon,2014,Bulls,Magic,home,114-121,1&1,-11.0,191.0,-7,-18.0,44.0,13.0,31.0,L,L,O,"0
Jan","12,",2015,recap,Mon,2014,Magic,Bulls,away,121-114,1&1,11.0,191.0,7,18.0,44.0,31.0,13.0,W,W,O,"0
Jan","12,",2015,recap,Mon,2014,Celtics,Pelicans,home,108-100,1&2,4.5,205.0,8,12.5,3.0,7.8,-4.8,W,W,O,"0
Jan","12,",2015,recap,Mon,2014,Pelicans,Celtics,away,100-108,2&1,-4.5,205.0,-8,-12.5,3.0,-4.8,7.8,L,L,O,"0
Jan","12,",2015,recap,Mon,2014,Nets,Rockets,home,99-113,1&1,6.5,195.0,-14,-7.5,17.0,4.8,12.2,L,L,O,"0
Jan","12,",2015,recap,Mon,2014,Rockets,Nets,away,113-99,1&1,-6.5,195.0,14,7.5,17.0,12.2,4.8,W,W,O,"0
Jan","12,",2015,recap,Mon,2014,Raptors,Pistons,home,111-114,1&1,-6.0,208.0,-3,-9.0,17.0,4.0,13.0,L,L,O,"0
Jan","12,",2015,recap,Mon,2014,Pistons,Raptors,away,114-111,1&1,6.0,208.0,3,9.0,17.0,13.0,4.0,W,W,O,0
