Date,Link,Day,Season,Team,Opp,Site,Final,Rest,Line,Total,SUm,ATSm,OUm,DPS,DPA,SUr,ATSr,OUr,"ot
Jan","21,",2015,recap,Wed,2014,Cavaliers,Jazz,home,106-92,1&2,-10.5,197.5,14,3.5,0.5,2.0,-1.5,W,W,O,"0
Jan","21,",2015,recap,Wed,2014,Jazz,Cavaliers,away,92-106,2&1,10.5,197.5,-14,-3.5,0.5,-1.5,2.0,L,L,O,"0
Jan","21,",2015,recap,Wed,2014,Grizzlies,Raptors,home,92-86,1&1,-5.5,200.0,6,0.5,-22.0,-10.8,-11.2,W,W,U,"0
Jan","21,",2015,recap,Wed,2014,Raptors,Grizzlies,away,86-92,1&1,5.5,200.0,-6,-0.5,-22.0,-11.2,-10.8,L,L,U,"0
Jan","21,",2015,recap,Wed,2014,Hawks,Pacers,home,110-91,1&1,-11.0,194.0,19,8.0,7.0,7.5,-0.5,W,W,O,"0
Jan","21,",2015,recap,Wed,2014,Pacers,Hawks,away,91-110,1&1,11.0,194.0,-19,-8.0,7.0,-0.5,7.5,L,L,O,"0
Jan","21,",2015,recap,Wed,2014,Hornets,Heat,home,78-76,1&0,-5.5,184.0,2,-3.5,-30.0,-16.8,-13.2,W,L,U,"0
Jan","21,",2015,recap,Wed,2014,Heat,Hornets,away,76-78,0&1,5.5,184.0,-2,3.5,-30.0,-13.2,-16.8,L,W,U,"0
Jan","21,",2015,recap,Wed,2014,Kings,Nets,home,100-103,1&3,-5.5,197.0,-3,-8.5,6.0,-1.2,7.2,L,L,O,"0
Jan","21,",2015,recap,Wed,2014,Nets,Kings,away,103-100,3&1,5.5,197.0,3,8.5,6.0,7.2,-1.2,W,W,O,"0
Jan","21,",2015,recap,Wed,2014,Pelicans,Lakers,home,96-80,1&1,-8.0,202.0,16,8.0,-26.0,-9.0,-17.0,W,W,U,"0
Jan","21,",2015,recap,Wed,2014,Lakers,Pelicans,away,80-96,1&1,8.0,202.0,-16,-8.0,-26.0,-17.0,-9.0,L,L,U,"0
Jan","21,",2015,recap,Wed,2014,Pistons,Magic,home,128-118,1&2,-8.5,208.0,10,1.5,38.0,19.8,18.2,W,W,O,"0
Jan","21,",2015,recap,Wed,2014,Magic,Pistons,away,118-128,2&1,8.5,208.0,-10,-1.5,38.0,18.2,19.8,L,L,O,"0
Jan","21,",2015,recap,Wed,2014,Seventysixers,Knicks,home,91-98,1&1,2.0,189.5,-7,-5.0,-0.5,-2.8,2.2,L,L,U,"0
Jan","21,",2015,recap,Wed,2014,Knicks,Seventysixers,away,98-91,1&1,-2.0,189.5,7,5.0,-0.5,2.2,-2.8,W,W,U,"0
Jan","21,",2015,recap,Wed,2014,Suns,Trailblazers,home,118-113,1&1,-7.0,211.0,5,-2.0,20.0,9.0,11.0,W,L,O,"0
Jan","21,",2015,recap,Wed,2014,Trailblazers,Suns,away,113-118,1&1,7.0,211.0,-5,2.0,20.0,11.0,9.0,L,W,O,"0
Jan","21,",2015,recap,Wed,2014,Timberwolves,Mavericks,home,75-98,1&1,9.0,213.0,-23,-14.0,-40.0,-27.0,-13.0,L,L,U,"0
Jan","21,",2015,recap,Wed,2014,Mavericks,Timberwolves,away,98-75,1&1,-9.0,213.0,23,14.0,-40.0,-13.0,-27.0,W,W,U,"0
Jan","21,",2015,recap,Wed,2014,Warriors,Rockets,home,126-113,1&1,-8.0,218.5,13,5.0,20.5,12.8,7.8,W,W,O,"0
Jan","21,",2015,recap,Wed,2014,Rockets,Warriors,away,113-126,1&1,8.0,218.5,-13,-5.0,20.5,7.8,12.8,L,L,O,"0
Jan","21,",2015,recap,Wed,2014,Wizards,Thunder,home,103-105,1&0,-1.0,206.5,-2,-3.0,1.5,-0.8,2.2,L,L,O,"1
Jan","21,",2015,recap,Wed,2014,Thunder,Wizards,away,105-103,0&1,1.0,206.5,2,3.0,1.5,2.2,-0.8,W,W,O,1
