Date,Link,Day,Season,Team,Opp,Site,Final,Rest,Line,Total,SUm,ATSm,OUm,DPS,DPA,SUr,ATSr,OUr,"ot
Apr","11,",2015,recap,Sat,2014,Bulls,Seventysixers,home,114-107,1&2,-14.5,195.0,7,-7.5,26.0,9.2,16.8,W,L,O,"0
Apr","11,",2015,recap,Sat,2014,Seventysixers,Bulls,away,107-114,2&1,14.5,195.0,-7,7.5,26.0,16.8,9.2,L,W,O,"0
Apr","11,",2015,recap,Sat,2014,Clippers,Grizzlies,home,94-86,3&0,-8.0,195.0,8,0.0,-15.0,-7.5,-7.5,W,P,U,"0
Apr","11,",2015,recap,Sat,2014,Grizzlies,Clippers,away,86-94,0&3,8.0,195.0,-8,0.0,-15.0,-7.5,-7.5,L,P,U,"0
Apr","11,",2015,recap,Sat,2014,Heat,Raptors,home,104-107,1&0,-3.5,198.5,-3,-6.5,12.5,3.0,9.5,L,L,O,"0
Apr","11,",2015,recap,Sat,2014,Raptors,Heat,away,107-104,0&1,3.5,198.5,3,6.5,12.5,9.5,3.0,W,W,O,"0
Apr","11,",2015,recap,Sat,2014,Magic,Knicks,home,79-80,0&0,-10.0,195.0,-1,-11.0,-36.0,-23.5,-12.5,L,L,U,"0
Apr","11,",2015,recap,Sat,2014,Knicks,Magic,away,80-79,0&0,10.0,195.0,1,11.0,-36.0,-12.5,-23.5,W,W,U,"0
Apr","11,",2015,recap,Sat,2014,Trailblazers,Jazz,home,105-111,1&0,-8.0,184.0,-6,-14.0,32.0,9.0,23.0,L,L,O,"0
Apr","11,",2015,recap,Sat,2014,Jazz,Trailblazers,away,111-105,0&1,8.0,184.0,6,14.0,32.0,23.0,9.0,W,W,O,"0
Apr","11,",2015,recap,Sat,2014,Warriors,Timberwolves,home,110-101,1&0,-20.0,213.5,9,-11.0,-2.5,-6.8,4.2,W,L,U,"0
Apr","11,",2015,recap,Sat,2014,Timberwolves,Warriors,away,101-110,0&1,20.0,213.5,-9,11.0,-2.5,4.2,-6.8,L,W,U,0
