Date,Link,Day,Season,Team,Opp,Site,Final,Rest,Line,Total,SUm,ATSm,OUm,DPS,DPA,SUr,ATSr,OUr,"ot
Feb","03,",2015,recap,Tue,2014,Kings,Warriors,home,96-121,2&2,10.5,217.5,-25,-14.5,-0.5,-7.5,7.0,L,L,U,"0
Feb","03,",2015,recap,Tue,2014,Warriors,Kings,away,121-96,2&2,-10.5,217.5,25,14.5,-0.5,7.0,-7.5,W,W,U,"0
Feb","03,",2015,recap,Tue,2014,Knicks,Celtics,home,97-108,1&1,0.0,193.0,-11,-11.0,12.0,0.5,11.5,L,L,O,"0
Feb","03,",2015,recap,Tue,2014,Celtics,Knicks,away,108-97,1&1,-0.0,193.0,11,11.0,12.0,11.5,0.5,W,W,O,"0
Feb","03,",2015,recap,Tue,2014,Pistons,Heat,home,108-91,2&1,-4.0,184.5,17,13.0,14.5,13.8,0.8,W,W,O,"0
Feb","03,",2015,recap,Tue,2014,Heat,Pistons,away,91-108,1&2,4.0,184.5,-17,-13.0,14.5,0.8,13.8,L,L,O,"0
Feb","03,",2015,recap,Tue,2014,Seventysixers,Nuggets,home,105-98,0&2,7.0,193.0,7,14.0,10.0,12.0,-2.0,W,W,O,"0
Feb","03,",2015,recap,Tue,2014,Nuggets,Seventysixers,away,98-105,2&0,-7.0,193.0,-7,-14.0,10.0,-2.0,12.0,L,L,O,"0
Feb","03,",2015,recap,Tue,2014,Trailblazers,Jazz,home,103-102,2&3,-8.5,194.5,1,-7.5,10.5,1.5,9.0,W,L,O,"0
Feb","03,",2015,recap,Tue,2014,Jazz,Trailblazers,away,102-103,3&2,8.5,194.5,-1,7.5,10.5,9.0,1.5,L,W,O,0
