Date,Link,Day,Season,Team,Opp,Site,Final,Rest,Line,Total,SUm,ATSm,OUm,DPS,DPA,SUr,ATSr,OUr,"ot
Dec","20,",2015,recap,Sun,2015,Cavaliers,Seventysixers,home,108-86,2&1,-16.5,197.0,22,5.5,-3.0,1.2,-4.2,W,W,U,"0
Dec","20,",2015,recap,Sun,2015,Seventysixers,Cavaliers,away,86-108,1&2,16.5,197.0,-22,-5.5,-3.0,-4.2,1.2,L,L,U,"0
Dec","20,",2015,recap,Sun,2015,Heat,Trailblazers,home,116-109,1&1,-5.0,194.0,7,2.0,31.0,16.5,14.5,W,W,O,"0
Dec","20,",2015,recap,Sun,2015,Trailblazers,Heat,away,109-116,1&1,5.0,194.0,-7,-2.0,31.0,14.5,16.5,L,L,O,"0
Dec","20,",2015,recap,Sun,2015,Magic,Hawks,home,100-103,1&1,1.0,201.5,-3,-2.0,1.5,-0.2,1.8,L,L,O,"0
Dec","20,",2015,recap,Sun,2015,Hawks,Magic,away,103-100,1&1,-1.0,201.5,3,2.0,1.5,1.8,-0.2,W,W,O,"0
Dec","20,",2015,recap,Sun,2015,Nets,Timberwolves,home,85-100,1&1,1.0,203.0,-15,-14.0,-18.0,-16.0,-2.0,L,L,U,"0
Dec","20,",2015,recap,Sun,2015,Timberwolves,Nets,away,100-85,1&1,-1.0,203.0,15,14.0,-18.0,-2.0,-16.0,W,W,U,"0
Dec","20,",2015,recap,Sun,2015,Nuggets,Pelicans,home,125-130,1&1,0.0,205.0,-5,-5.0,50.0,22.5,27.5,L,L,O,"0
Dec","20,",2015,recap,Sun,2015,Pelicans,Nuggets,away,130-125,1&1,0.0,205.0,5,5.0,50.0,27.5,22.5,W,W,O,"0
Dec","20,",2015,recap,Sun,2015,Raptors,Kings,home,94-104,1&1,-5.0,206.0,-10,-15.0,-8.0,-11.5,3.5,L,L,U,"0
Dec","20,",2015,recap,Sun,2015,Kings,Raptors,away,104-94,1&1,5.0,206.0,10,15.0,-8.0,3.5,-11.5,W,W,U,"0
Dec","20,",2015,recap,Sun,2015,Suns,Bucks,home,95-101,1&1,-6.5,203.5,-6,-12.5,-7.5,-10.0,2.5,L,L,U,"0
Dec","20,",2015,recap,Sun,2015,Bucks,Suns,away,101-95,1&1,6.5,203.5,6,12.5,-7.5,2.5,-10.0,W,W,U,0
