Date,Link,Day,Season,Team,Opp,Site,Final,Rest,Line,Total,SUm,ATSm,OUm,DPS,DPA,SUr,ATSr,OUr,"ot
Feb","05,",2015,recap,Thu,2014,Cavaliers,Clippers,home,105-94,2&2,-5.0,207.85,11,6.0,-8.85,-1.4,-7.4,W,W,U,"0
Feb","05,",2015,recap,Thu,2014,Clippers,Cavaliers,away,94-105,2&2,5.0,207.85,-11,-6.0,-8.85,-7.4,-1.4,L,L,U,"0
Feb","05,",2015,recap,Thu,2014,Hornets,Wizards,home,94-87,2&0,0.0,186.5,7,7.0,-5.5,0.8,-6.2,W,W,U,"0
Feb","05,",2015,recap,Thu,2014,Wizards,Hornets,away,87-94,0&2,0.0,186.5,-7,-7.0,-5.5,-6.2,0.8,L,L,U,"0
Feb","05,",2015,recap,Thu,2014,Kings,Mavericks,home,78-101,1&0,3.5,209.0,-23,-19.5,-30.0,-24.8,-5.2,L,L,U,"0
Feb","05,",2015,recap,Thu,2014,Mavericks,Kings,away,101-78,0&1,-3.5,209.0,23,19.5,-30.0,-5.2,-24.8,W,W,U,"0
Feb","05,",2015,recap,Thu,2014,Trailblazers,Suns,home,108-87,1&2,-4.5,211.5,21,16.5,-16.5,0.0,-16.5,W,W,U,"0
Feb","05,",2015,recap,Thu,2014,Suns,Trailblazers,away,87-108,2&1,4.5,211.5,-21,-16.5,-16.5,-16.5,0.0,L,L,U,0
