Date,Link,Day,Season,Team,Opp,Site,Final,Rest,Line,Total,SUm,ATSm,OUm,DPS,DPA,SUr,ATSr,OUr,"ot
Apr","07,",2015,recap,Tue,2014,Clippers,Lakers,home,105-100,1&1,-17.0,207.0,5,-12.0,-2.0,-7.0,5.0,W,L,U,"0
Apr","07,",2015,recap,Tue,2014,Lakers,Clippers,away,100-105,1&1,17.0,207.0,-5,12.0,-2.0,5.0,-7.0,L,W,U,"0
Apr","07,",2015,recap,Tue,2014,Hawks,Suns,home,96-69,2&2,-8.0,201.0,27,19.0,-36.0,-8.5,-27.5,W,W,U,"0
Apr","07,",2015,recap,Tue,2014,Suns,Hawks,away,69-96,2&2,8.0,201.0,-27,-19.0,-36.0,-27.5,-8.5,L,L,U,"0
Apr","07,",2015,recap,Tue,2014,Heat,Hornets,home,105-100,1&2,-5.0,190.0,5,0.0,15.0,7.5,7.5,W,P,O,"0
Apr","07,",2015,recap,Tue,2014,Hornets,Heat,away,100-105,2&1,5.0,190.0,-5,0.0,15.0,7.5,7.5,L,P,O,"0
Apr","07,",2015,recap,Tue,2014,Kings,Timberwolves,home,116-111,1&3,-9.0,212.5,5,-4.0,14.5,5.2,9.2,W,L,O,"0
Apr","07,",2015,recap,Tue,2014,Timberwolves,Kings,away,111-116,3&1,9.0,212.5,-5,4.0,14.5,9.2,5.2,L,W,O,"0
Apr","07,",2015,recap,Tue,2014,Pelicans,Warriors,home,103-100,2&1,4.0,205.0,3,7.0,-2.0,2.5,-4.5,W,W,U,"0
Apr","07,",2015,recap,Tue,2014,Warriors,Pelicans,away,100-103,1&2,-4.0,205.0,-3,-7.0,-2.0,-4.5,2.5,L,L,U,"0
Apr","07,",2015,recap,Tue,2014,Thunder,Spurs,home,88-113,1&1,6.5,215.5,-25,-18.5,-14.5,-16.5,2.0,L,L,U,"0
Apr","07,",2015,recap,Tue,2014,Spurs,Thunder,away,113-88,1&1,-6.5,215.5,25,18.5,-14.5,2.0,-16.5,W,W,U,0
