Date,Link,Day,Season,Team,Opp,Site,Final,Rest,Line,Total,SUm,ATSm,OUm,DPS,DPA,SUr,ATSr,OUr,"ot
Mar","12,",2015,recap,Thu,2014,Jazz,Rockets,home,109-91,1&0,2.0,189.5,18,20.0,10.5,15.2,-4.8,W,W,O,"0
Mar","12,",2015,recap,Thu,2014,Rockets,Jazz,away,91-109,0&1,-2.0,189.5,-18,-20.0,10.5,-4.8,15.2,L,L,O,"0
Mar","12,",2015,recap,Thu,2014,Lakers,Knicks,home,94-101,1&1,-6.5,191.0,-7,-13.5,4.0,-4.8,8.8,L,L,O,"0
Mar","12,",2015,recap,Thu,2014,Knicks,Lakers,away,101-94,1&1,6.5,191.0,7,13.5,4.0,8.8,-4.8,W,W,O,"0
Mar","12,",2015,recap,Thu,2014,Pacers,Bucks,home,109-103,1&0,-7.0,187.5,6,-1.0,24.5,11.8,12.8,W,L,O,"1
Mar","12,",2015,recap,Thu,2014,Bucks,Pacers,away,103-109,0&1,7.0,187.5,-6,1.0,24.5,12.8,11.8,L,W,O,"1
Mar","12,",2015,recap,Thu,2014,Spurs,Cavaliers,home,125-128,1&1,1.5,206.0,-3,-1.5,47.0,22.8,24.2,L,L,O,"1
Mar","12,",2015,recap,Thu,2014,Cavaliers,Spurs,away,128-125,1&1,-1.5,206.0,3,1.5,47.0,24.2,22.8,W,W,O,"1
Mar","12,",2015,recap,Thu,2014,Wizards,Grizzlies,home,107-87,2&0,-8.5,179.5,20,11.5,14.5,13.0,1.5,W,W,O,"0
Mar","12,",2015,recap,Thu,2014,Grizzlies,Wizards,away,87-107,0&2,8.5,179.5,-20,-11.5,14.5,1.5,13.0,L,L,O,0
