Date,Link,Day,Season,Team,Opp,Site,Final,Rest,Line,Total,SUm,ATSm,OUm,DPS,DPA,SUr,ATSr,OUr,"ot
Apr","12,",2015,recap,Sun,2014,Bucks,Nets,home,96-73,1&1,0.0,200.5,23,23.0,-31.5,-4.2,-27.2,W,W,U,"0
Apr","12,",2015,recap,Sun,2014,Nets,Bucks,away,73-96,1&1,-0.0,200.5,-23,-23.0,-31.5,-27.2,-4.2,L,L,U,"0
Apr","12,",2015,recap,Sun,2014,Celtics,Cavaliers,home,117-78,1&1,-9.0,197.5,39,30.0,-2.5,13.8,-16.2,W,W,U,"0
Apr","12,",2015,recap,Sun,2014,Cavaliers,Celtics,away,78-117,1&1,9.0,197.5,-39,-30.0,-2.5,-16.2,13.8,L,L,U,"0
Apr","12,",2015,recap,Sun,2014,Lakers,Mavericks,home,106-120,1&1,5.5,206.0,-14,-8.5,20.0,5.8,14.2,L,L,O,"0
Apr","12,",2015,recap,Sun,2014,Mavericks,Lakers,away,120-106,1&1,-5.5,206.0,14,8.5,20.0,14.2,5.8,W,W,O,"0
Apr","12,",2015,recap,Sun,2014,Nuggets,Kings,home,122-111,1&1,-9.5,218.5,11,1.5,14.5,8.0,6.5,W,W,O,"0
Apr","12,",2015,recap,Sun,2014,Kings,Nuggets,away,111-122,1&1,9.5,218.5,-11,-1.5,14.5,6.5,8.0,L,L,O,"0
Apr","12,",2015,recap,Sun,2014,Pacers,Thunder,home,116-104,1&1,-4.5,208.5,12,7.5,11.5,9.5,2.0,W,W,O,"0
Apr","12,",2015,recap,Sun,2014,Thunder,Pacers,away,104-116,1&1,4.5,208.5,-12,-7.5,11.5,2.0,9.5,L,L,O,"0
Apr","12,",2015,recap,Sun,2014,Pistons,Hornets,home,116-77,1&1,-8.5,193.0,39,30.5,0.0,15.2,-15.2,W,W,P,"0
Apr","12,",2015,recap,Sun,2014,Hornets,Pistons,away,77-116,1&1,8.5,193.0,-39,-30.5,0.0,-15.2,15.2,L,L,P,"0
Apr","12,",2015,recap,Sun,2014,Rockets,Pelicans,home,121-114,1&1,-5.5,200.0,7,1.5,35.0,18.2,16.8,W,W,O,"0
Apr","12,",2015,recap,Sun,2014,Pelicans,Rockets,away,114-121,1&1,5.5,200.0,-7,-1.5,35.0,16.8,18.2,L,L,O,"0
Apr","12,",2015,recap,Sun,2014,Spurs,Suns,home,107-91,1&1,-15.5,199.0,16,0.5,-1.0,-0.2,-0.8,W,W,U,"0
Apr","12,",2015,recap,Sun,2014,Suns,Spurs,away,91-107,1&1,15.5,199.0,-16,-0.5,-1.0,-0.8,-0.2,L,L,U,"0
Apr","12,",2015,recap,Sun,2014,Wizards,Hawks,home,108-99,1&1,-8.5,195.0,9,0.5,12.0,6.2,5.8,W,W,O,"0
Apr","12,",2015,recap,Sun,2014,Hawks,Wizards,away,99-108,1&1,8.5,195.0,-9,-0.5,12.0,5.8,6.2,L,L,O,0
