Date,Link,Day,Season,Team,Opp,Site,Final,Rest,Line,Total,SUm,ATSm,OUm,DPS,DPA,SUr,ATSr,OUr,"ot
Apr","10,",2015,recap,Fri,2014,Cavaliers,Celtics,home,90-99,1&1,-5.0,206.5,-9,-14.0,-17.5,-15.8,-1.8,L,L,U,"0
Apr","10,",2015,recap,Fri,2014,Celtics,Cavaliers,away,99-90,1&1,5.0,206.5,9,14.0,-17.5,-1.8,-15.8,W,W,U,"0
Apr","10,",2015,recap,Fri,2014,Hawks,Hornets,home,104-80,1&1,-10.0,192.5,24,14.0,-8.5,2.8,-11.2,W,W,U,"0
Apr","10,",2015,recap,Fri,2014,Hornets,Hawks,away,80-104,1&1,10.0,192.5,-24,-14.0,-8.5,-11.2,2.8,L,L,U,"0
Apr","10,",2015,recap,Fri,2014,Jazz,Grizzlies,home,88-89,1&1,3.0,177.0,-1,2.0,0.0,1.0,-1.0,L,W,P,"0
Apr","10,",2015,recap,Fri,2014,Grizzlies,Jazz,away,89-88,1&1,-3.0,177.0,1,-2.0,0.0,-1.0,1.0,W,L,P,"0
Apr","10,",2015,recap,Fri,2014,Knicks,Bucks,home,91-99,1&1,9.5,190.0,-8,1.5,0.0,0.8,-0.8,L,W,P,"0
Apr","10,",2015,recap,Fri,2014,Bucks,Knicks,away,99-91,1&1,-9.5,190.0,8,-1.5,0.0,-0.8,0.8,W,L,P,"0
Apr","10,",2015,recap,Fri,2014,Lakers,Timberwolves,home,106-98,1&1,-6.0,202.5,8,2.0,1.5,1.8,-0.2,W,W,O,"0
Apr","10,",2015,recap,Fri,2014,Timberwolves,Lakers,away,98-106,1&1,6.0,202.5,-8,-2.0,1.5,-0.2,1.8,L,L,O,"0
Apr","10,",2015,recap,Fri,2014,Magic,Raptors,home,99-101,1&1,5.0,202.5,-2,3.0,-2.5,0.2,-2.8,L,W,U,"0
Apr","10,",2015,recap,Fri,2014,Raptors,Magic,away,101-99,1&1,-5.0,202.5,2,-3.0,-2.5,-2.8,0.2,W,L,U,"0
Apr","10,",2015,recap,Fri,2014,Nets,Wizards,home,117-80,1&1,-5.0,197.5,37,32.0,-0.5,15.8,-16.2,W,W,U,"0
Apr","10,",2015,recap,Fri,2014,Wizards,Nets,away,80-117,1&1,5.0,197.5,-37,-32.0,-0.5,-16.2,15.8,L,L,U,"0
Apr","10,",2015,recap,Fri,2014,Nuggets,Mavericks,home,143-144,1&1,-2.0,212.0,-1,-3.0,75.0,36.0,39.0,L,L,O,"2
Apr","10,",2015,recap,Fri,2014,Mavericks,Nuggets,away,144-143,1&1,2.0,212.0,1,3.0,75.0,39.0,36.0,W,W,O,"2
Apr","10,",2015,recap,Fri,2014,Pelicans,Suns,home,90-75,1&1,-9.0,194.5,15,6.0,-29.5,-11.8,-17.8,W,W,U,"0
Apr","10,",2015,recap,Fri,2014,Suns,Pelicans,away,75-90,1&1,9.0,194.5,-15,-6.0,-29.5,-17.8,-11.8,L,L,U,"0
Apr","10,",2015,recap,Fri,2014,Pistons,Pacers,home,103-107,1&1,4.5,196.5,-4,0.5,13.5,7.0,6.5,L,W,O,"0
Apr","10,",2015,recap,Fri,2014,Pacers,Pistons,away,107-103,1&1,-4.5,196.5,4,-0.5,13.5,6.5,7.0,W,L,O,"0
Apr","10,",2015,recap,Fri,2014,Rockets,Spurs,home,103-104,1&1,3.0,206.0,-1,2.0,1.0,1.5,-0.5,L,W,O,"0
Apr","10,",2015,recap,Fri,2014,Spurs,Rockets,away,104-103,1&1,-3.0,206.0,1,-2.0,1.0,-0.5,1.5,W,L,O,"0
Apr","10,",2015,recap,Fri,2014,Thunder,Kings,home,116-103,2&1,-13.5,218.0,13,-0.5,1.0,0.2,0.8,W,L,O,"0
Apr","10,",2015,recap,Fri,2014,Kings,Thunder,away,103-116,1&2,13.5,218.0,-13,0.5,1.0,0.8,0.2,L,W,O,0
