Date,Link,Day,Season,Team,Opp,Site,Final,Rest,Line,Total,SUm,ATSm,OUm,DPS,DPA,SUr,ATSr,OUr,"ot
Mar","10,",2015,recap,Tue,2014,Jazz,Knicks,home,87-82,1&0,-13.5,179.5,5,-8.5,-10.5,-9.5,-1.0,W,L,U,"0
Mar","10,",2015,recap,Tue,2014,Knicks,Jazz,away,82-87,0&1,13.5,179.5,-5,8.5,-10.5,-1.0,-9.5,L,W,U,"0
Mar","10,",2015,recap,Tue,2014,Lakers,Pistons,home,93-85,1&1,3.0,201.0,8,11.0,-23.0,-6.0,-17.0,W,W,U,"0
Mar","10,",2015,recap,Tue,2014,Pistons,Lakers,away,85-93,1&1,-3.0,201.0,-8,-11.0,-23.0,-17.0,-6.0,L,L,U,"0
Mar","10,",2015,recap,Tue,2014,Mavericks,Cavaliers,home,94-127,1&2,4.5,201.0,-33,-28.5,20.0,-4.2,24.2,L,L,O,"0
Mar","10,",2015,recap,Tue,2014,Cavaliers,Mavericks,away,127-94,2&1,-4.5,201.0,33,28.5,20.0,24.2,-4.2,W,W,O,"0
Mar","10,",2015,recap,Tue,2014,Nets,Pelicans,home,91-111,1&0,-2.5,192.5,-20,-22.5,9.5,-6.5,16.0,L,L,O,"0
Mar","10,",2015,recap,Tue,2014,Pelicans,Nets,away,111-91,0&1,2.5,192.5,20,22.5,9.5,16.0,-6.5,W,W,O,"0
Mar","10,",2015,recap,Tue,2014,Pacers,Magic,home,118-86,2&1,-9.0,188.5,32,23.0,15.5,19.2,-3.8,W,W,O,"0
Mar","10,",2015,recap,Tue,2014,Magic,Pacers,away,86-118,1&2,9.0,188.5,-32,-23.0,15.5,-3.8,19.2,L,L,O,"0
Mar","10,",2015,recap,Tue,2014,Spurs,Raptors,home,117-107,1&1,-7.0,205.0,10,3.0,19.0,11.0,8.0,W,W,O,"0
Mar","10,",2015,recap,Tue,2014,Raptors,Spurs,away,107-117,1&1,7.0,205.0,-10,-3.0,19.0,8.0,11.0,L,L,O,0
