Date,Link,Day,Season,Team,Opp,Site,Final,Rest,Line,Total,SUm,ATSm,OUm,DPS,DPA,SUr,ATSr,OUr,"ot
Dec","18,",2015,recap,Fri,2015,Bulls,Pistons,home,144-147,1&1,-4.0,197.0,-3,-7.0,94.0,43.5,50.5,L,L,O,"4
Dec","18,",2015,recap,Fri,2015,Pistons,Bulls,away,147-144,1&1,4.0,197.0,3,7.0,94.0,50.5,43.5,W,W,O,"4
Dec","18,",2015,recap,Fri,2015,Celtics,Hawks,home,101-109,1&1,-3.5,206.5,-8,-11.5,3.5,-4.0,7.5,L,L,O,"0
Dec","18,",2015,recap,Fri,2015,Hawks,Celtics,away,109-101,1&1,3.5,206.5,8,11.5,3.5,7.5,-4.0,W,W,O,"0
Dec","18,",2015,recap,Fri,2015,Heat,Raptors,home,94-108,1&0,-4.0,187.5,-14,-18.0,14.5,-1.8,16.2,L,L,O,"0
Dec","18,",2015,recap,Fri,2015,Raptors,Heat,away,108-94,0&1,4.0,187.5,14,18.0,14.5,16.2,-1.8,W,W,O,"0
Dec","18,",2015,recap,Fri,2015,Jazz,Nuggets,home,97-88,1&2,-5.5,194.0,9,3.5,-9.0,-2.8,-6.2,W,W,U,"0
Dec","18,",2015,recap,Fri,2015,Nuggets,Jazz,away,88-97,2&1,5.5,194.0,-9,-3.5,-9.0,-6.2,-2.8,L,L,U,"0
Dec","18,",2015,recap,Fri,2015,Magic,Trailblazers,home,102-94,1&1,-4.5,202.0,8,3.5,-6.0,-1.2,-4.8,W,W,U,"0
Dec","18,",2015,recap,Fri,2015,Trailblazers,Magic,away,94-102,1&1,4.5,202.0,-8,-3.5,-6.0,-4.8,-1.2,L,L,U,"0
Dec","18,",2015,recap,Fri,2015,Mavericks,Grizzlies,home,97-88,1&1,-2.5,197.0,9,6.5,-12.0,-2.8,-9.2,W,W,U,"0
Dec","18,",2015,recap,Fri,2015,Grizzlies,Mavericks,away,88-97,1&1,2.5,197.0,-9,-6.5,-12.0,-9.2,-2.8,L,L,U,"0
Dec","18,",2015,recap,Fri,2015,Pacers,Nets,home,104-97,1&1,-10.0,205.5,7,-3.0,-4.5,-3.8,-0.8,W,L,U,"0
Dec","18,",2015,recap,Fri,2015,Nets,Pacers,away,97-104,1&1,10.0,205.5,-7,3.0,-4.5,-0.8,-3.8,L,W,U,"0
Dec","18,",2015,recap,Fri,2015,Seventysixers,Knicks,home,97-107,1&1,6.5,195.0,-10,-3.5,9.0,2.8,6.2,L,L,O,"0
Dec","18,",2015,recap,Fri,2015,Knicks,Seventysixers,away,107-97,1&1,-6.5,195.0,10,3.5,9.0,6.2,2.8,W,W,O,"0
Dec","18,",2015,recap,Fri,2015,Spurs,Clippers,home,115-107,1&1,-7.5,195.5,8,0.5,26.5,13.5,13.0,W,W,O,"0
Dec","18,",2015,recap,Fri,2015,Clippers,Spurs,away,107-115,1&1,7.5,195.5,-8,-0.5,26.5,13.0,13.5,L,L,O,"0
Dec","18,",2015,recap,Fri,2015,Suns,Pelicans,home,104-88,1&1,-3.5,213.5,16,12.5,-21.5,-4.5,-17.0,W,W,U,"0
Dec","18,",2015,recap,Fri,2015,Pelicans,Suns,away,88-104,1&1,3.5,213.5,-16,-12.5,-21.5,-17.0,-4.5,L,L,U,"0
Dec","18,",2015,recap,Fri,2015,Timberwolves,Kings,home,99-95,1&2,2.5,213.5,4,6.5,-19.5,-6.5,-13.0,W,W,U,"0
Dec","18,",2015,recap,Fri,2015,Kings,Timberwolves,away,95-99,2&1,-2.5,213.5,-4,-6.5,-19.5,-13.0,-6.5,L,L,U,"0
Dec","18,",2015,recap,Fri,2015,Warriors,Bucks,home,121-112,1&1,-19.0,209.5,9,-10.0,23.5,6.8,16.8,W,L,O,"0
Dec","18,",2015,recap,Fri,2015,Bucks,Warriors,away,112-121,1&1,19.0,209.5,-9,10.0,23.5,16.8,6.8,L,W,O,0
