Date,Link,Day,Season,Team,Opp,Site,Final,Rest,Line,Total,SUm,ATSm,OUm,DPS,DPA,SUr,ATSr,OUr,"ot
Dec","30,",2015,recap,Wed,2015,Bulls,Pacers,home,102-100,1&1,-3.0,201.5,2,-1.0,0.5,-0.2,0.8,W,L,O,"1
Dec","30,",2015,recap,Wed,2015,Pacers,Bulls,away,100-102,1&1,3.0,201.5,-2,1.0,0.5,0.8,-0.2,L,W,O,"1
Dec","30,",2015,recap,Wed,2015,Celtics,Lakers,home,104-112,2&1,-13.0,206.0,-8,-21.0,10.0,-5.5,15.5,L,L,O,"0
Dec","30,",2015,recap,Wed,2015,Lakers,Celtics,away,112-104,1&2,13.0,206.0,8,21.0,10.0,15.5,-5.5,W,W,O,"0
Dec","30,",2015,recap,Wed,2015,Hornets,Clippers,home,117-122,1&1,2.5,201.0,-5,-2.5,38.0,17.8,20.2,L,L,O,"0
Dec","30,",2015,recap,Wed,2015,Clippers,Hornets,away,122-117,1&1,-2.5,201.0,5,2.5,38.0,20.2,17.8,W,W,O,"0
Dec","30,",2015,recap,Wed,2015,Kings,Seventysixers,home,105-110,1&1,-10.5,214.0,-5,-15.5,1.0,-7.2,8.2,L,L,O,"0
Dec","30,",2015,recap,Wed,2015,Seventysixers,Kings,away,110-105,1&1,10.5,214.0,5,15.5,1.0,8.2,-7.2,W,W,O,"0
Dec","30,",2015,recap,Wed,2015,Magic,Nets,home,100-93,1&1,-7.5,199.0,7,-0.5,-6.0,-3.2,-2.8,W,L,U,"0
Dec","30,",2015,recap,Wed,2015,Nets,Magic,away,93-100,1&1,7.5,199.0,-7,0.5,-6.0,-2.8,-3.2,L,W,U,"0
Dec","30,",2015,recap,Wed,2015,Mavericks,Warriors,home,114-91,1&1,3.5,209.5,23,26.5,-4.5,11.0,-15.5,W,W,U,"0
Dec","30,",2015,recap,Wed,2015,Warriors,Mavericks,away,91-114,1&1,-3.5,209.5,-23,-26.5,-4.5,-15.5,11.0,L,L,U,"0
Dec","30,",2015,recap,Wed,2015,Raptors,Wizards,home,94-91,1&1,-7.0,202.5,3,-4.0,-17.5,-10.8,-6.8,W,L,U,"0
Dec","30,",2015,recap,Wed,2015,Wizards,Raptors,away,91-94,1&1,7.0,202.5,-3,4.0,-17.5,-6.8,-10.8,L,W,U,"0
Dec","30,",2015,recap,Wed,2015,Spurs,Suns,home,112-79,1&1,-15.0,197.5,33,18.0,-6.5,5.8,-12.2,W,W,U,"0
Dec","30,",2015,recap,Wed,2015,Suns,Spurs,away,79-112,1&1,15.0,197.5,-33,-18.0,-6.5,-12.2,5.8,L,L,U,"0
Dec","30,",2015,recap,Wed,2015,Timberwolves,Jazz,home,94-80,1&1,-3.5,191.0,14,10.5,-17.0,-3.2,-13.8,W,W,U,"0
Dec","30,",2015,recap,Wed,2015,Jazz,Timberwolves,away,80-94,1&1,3.5,191.0,-14,-10.5,-17.0,-13.8,-3.2,L,L,U,"0
Dec","30,",2015,recap,Wed,2015,Trailblazers,Nuggets,home,110-103,2&0,-6.5,201.0,7,0.5,12.0,6.2,5.8,W,W,O,"0
Dec","30,",2015,recap,Wed,2015,Nuggets,Trailblazers,away,103-110,0&2,6.5,201.0,-7,-0.5,12.0,5.8,6.2,L,L,O,0
