Date,Link,Day,Season,Team,Opp,Site,Final,Rest,Line,Total,SUm,ATSm,OUm,DPS,DPA,SUr,ATSr,OUr,"ot
Apr","13,",2015,recap,Mon,2014,Cavaliers,Pistons,home,109-97,0&0,-8.0,204.5,12,4.0,1.5,2.8,-1.2,W,W,O,"0
Apr","13,",2015,recap,Mon,2014,Pistons,Cavaliers,away,97-109,0&0,8.0,204.5,-12,-4.0,1.5,-1.2,2.8,L,L,O,"0
Apr","13,",2015,recap,Mon,2014,Clippers,Nuggets,home,110-103,1&0,-16.5,215.5,7,-9.5,-2.5,-6.0,3.5,W,L,U,"0
Apr","13,",2015,recap,Mon,2014,Nuggets,Clippers,away,103-110,0&1,16.5,215.5,-7,9.5,-2.5,3.5,-6.0,L,W,U,"0
Apr","13,",2015,recap,Mon,2014,Hawks,Knicks,home,108-112,0&1,-14.0,198.0,-4,-18.0,22.0,2.0,20.0,L,L,O,"0
Apr","13,",2015,recap,Mon,2014,Knicks,Hawks,away,112-108,1&0,14.0,198.0,4,18.0,22.0,20.0,2.0,W,W,O,"0
Apr","13,",2015,recap,Mon,2014,Heat,Magic,home,100-93,1&1,-7.0,196.5,7,0.0,-3.5,-1.8,-1.8,W,P,U,"0
Apr","13,",2015,recap,Mon,2014,Magic,Heat,away,93-100,1&1,7.0,196.5,-7,0.0,-3.5,-1.8,-1.8,L,P,U,"0
Apr","13,",2015,recap,Mon,2014,Hornets,Rockets,home,90-100,0&0,11.5,199.5,-10,1.5,-9.5,-4.0,-5.5,L,W,U,"0
Apr","13,",2015,recap,Mon,2014,Rockets,Hornets,away,100-90,0&0,-11.5,199.5,10,-1.5,-9.5,-5.5,-4.0,W,L,U,"0
Apr","13,",2015,recap,Mon,2014,Jazz,Mavericks,home,109-92,1&0,-9.0,189.0,17,8.0,12.0,10.0,2.0,W,W,O,"0
Apr","13,",2015,recap,Mon,2014,Mavericks,Jazz,away,92-109,0&1,9.0,189.0,-17,-8.0,12.0,2.0,10.0,L,L,O,"0
Apr","13,",2015,recap,Mon,2014,Kings,Lakers,home,102-92,0&0,-4.0,207.0,10,6.0,-13.0,-3.5,-9.5,W,W,U,"0
Apr","13,",2015,recap,Mon,2014,Lakers,Kings,away,92-102,0&0,4.0,207.0,-10,-6.0,-13.0,-9.5,-3.5,L,L,U,"0
Apr","13,",2015,recap,Mon,2014,Nets,Bulls,home,86-113,0&1,2.5,199.0,-27,-24.5,0.0,-12.2,12.2,L,L,P,"0
Apr","13,",2015,recap,Mon,2014,Bulls,Nets,away,113-86,1&0,-2.5,199.0,27,24.5,0.0,12.2,-12.2,W,W,P,"0
Apr","13,",2015,recap,Mon,2014,Seventysixers,Bucks,home,97-107,1&0,3.0,195.5,-10,-7.0,8.5,0.8,7.8,L,L,O,"0
Apr","13,",2015,recap,Mon,2014,Bucks,Seventysixers,away,107-97,0&1,-3.0,195.5,10,7.0,8.5,7.8,0.8,W,W,O,"0
Apr","13,",2015,recap,Mon,2014,Thunder,Trailblazers,home,101-90,0&1,-8.5,214.5,11,2.5,-23.5,-10.5,-13.0,W,W,U,"0
Apr","13,",2015,recap,Mon,2014,Trailblazers,Thunder,away,90-101,1&0,8.5,214.5,-11,-2.5,-23.5,-13.0,-10.5,L,L,U,"0
Apr","13,",2015,recap,Mon,2014,Timberwolves,Pelicans,home,88-100,1&0,12.0,198.0,-12,0.0,-10.0,-5.0,-5.0,L,P,U,"0
Apr","13,",2015,recap,Mon,2014,Pelicans,Timberwolves,away,100-88,0&1,-12.0,198.0,12,0.0,-10.0,-5.0,-5.0,W,P,U,"0
Apr","13,",2015,recap,Mon,2014,Warriors,Grizzlies,home,111-107,1&1,-8.0,197.0,4,-4.0,21.0,8.5,12.5,W,L,O,"0
Apr","13,",2015,recap,Mon,2014,Grizzlies,Warriors,away,107-111,1&1,8.0,197.0,-4,4.0,21.0,12.5,8.5,L,W,O,0
