Date,Link,Day,Season,Team,Opp,Site,Final,Rest,Line,Total,SUm,ATSm,OUm,DPS,DPA,SUr,ATSr,OUr,"ot
Nov","23,",2015,recap,Mon,2015,Bucks,Pistons,home,109-88,1&1,2.0,191.0,21,23.0,6.0,14.5,-8.5,W,W,O,"0
Nov","23,",2015,recap,Mon,2015,Pistons,Bucks,away,88-109,1&1,-2.0,191.0,-21,-23.0,6.0,-8.5,14.5,L,L,O,"0
Nov","23,",2015,recap,Mon,2015,Cavaliers,Magic,home,117-103,1&1,-9.0,199.0,14,5.0,21.0,13.0,8.0,W,W,O,"0
Nov","23,",2015,recap,Mon,2015,Magic,Cavaliers,away,103-117,1&1,9.0,199.0,-14,-5.0,21.0,8.0,13.0,L,L,O,"0
Nov","23,",2015,recap,Mon,2015,Heat,Knicks,home,95-78,1&1,-5.0,190.0,17,12.0,-17.0,-2.5,-14.5,W,W,U,"0
Nov","23,",2015,recap,Mon,2015,Knicks,Heat,away,78-95,1&1,5.0,190.0,-17,-12.0,-17.0,-14.5,-2.5,L,L,U,"0
Nov","23,",2015,recap,Mon,2015,Hornets,Kings,home,127-122,2&1,-4.5,211.5,5,0.5,37.5,19.0,18.5,W,W,O,"1
Nov","23,",2015,recap,Mon,2015,Kings,Hornets,away,122-127,1&2,4.5,211.5,-5,-0.5,37.5,18.5,19.0,L,L,O,"1
Nov","23,",2015,recap,Mon,2015,Jazz,Thunder,home,89-111,2&0,-2.5,198.5,-22,-24.5,1.5,-11.5,13.0,L,L,O,"0
Nov","23,",2015,recap,Mon,2015,Thunder,Jazz,away,111-89,0&2,2.5,198.5,22,24.5,1.5,13.0,-11.5,W,W,O,"0
Nov","23,",2015,recap,Mon,2015,Spurs,Suns,home,98-84,1&0,-9.5,196.5,14,4.5,-14.5,-5.0,-9.5,W,W,U,"0
Nov","23,",2015,recap,Mon,2015,Suns,Spurs,away,84-98,0&1,9.5,196.5,-14,-4.5,-14.5,-9.5,-5.0,L,L,U,"0
Nov","23,",2015,recap,Mon,2015,Timberwolves,Seventysixers,home,100-95,2&1,-7.5,200.0,5,-2.5,-5.0,-3.8,-1.2,W,L,U,"0
Nov","23,",2015,recap,Mon,2015,Seventysixers,Timberwolves,away,95-100,1&2,7.5,200.0,-5,2.5,-5.0,-1.2,-3.8,L,W,U,0
