Date,Link,Day,Season,Team,Opp,Site,Final,Rest,Line,Total,SUm,ATSm,OUm,DPS,DPA,SUr,ATSr,OUr,"ot
Mar","17,",2015,recap,Tue,2014,Clippers,Hornets,home,99-92,1&0,-10.0,200.0,7,-3.0,-9.0,-6.0,-3.0,W,L,U,"0
Mar","17,",2015,recap,Tue,2014,Hornets,Clippers,away,92-99,0&1,10.0,200.0,-7,3.0,-9.0,-3.0,-6.0,L,W,U,"0
Mar","17,",2015,recap,Tue,2014,Knicks,Spurs,home,104-100,1&1,13.0,196.0,4,17.0,8.0,12.5,-4.5,W,W,O,"1
Mar","17,",2015,recap,Tue,2014,Spurs,Knicks,away,100-104,1&1,-13.0,196.0,-4,-17.0,8.0,-4.5,12.5,L,L,O,"1
Mar","17,",2015,recap,Tue,2014,Pelicans,Bucks,home,85-84,1&2,-7.0,190.5,1,-6.0,-21.5,-13.8,-7.8,W,L,U,"0
Mar","17,",2015,recap,Tue,2014,Bucks,Pelicans,away,84-85,2&1,7.0,190.5,-1,6.0,-21.5,-7.8,-13.8,L,W,U,"0
Mar","17,",2015,recap,Tue,2014,Pistons,Grizzlies,home,105-95,2&0,4.5,187.0,10,14.5,13.0,13.8,-0.8,W,W,O,"0
Mar","17,",2015,recap,Tue,2014,Grizzlies,Pistons,away,95-105,0&2,-4.5,187.0,-10,-14.5,13.0,-0.8,13.8,L,L,O,"0
Mar","17,",2015,recap,Tue,2014,Rockets,Magic,home,107-94,1&1,-11.5,205.0,13,1.5,-4.0,-1.2,-2.8,W,W,U,"0
Mar","17,",2015,recap,Tue,2014,Magic,Rockets,away,94-107,1&1,11.5,205.0,-13,-1.5,-4.0,-2.8,-1.2,L,L,U,0
