Date,Link,Day,Season,Team,Opp,Site,Final,Rest,Line,Total,SUm,ATSm,OUm,DPS,DPA,SUr,ATSr,OUr,"ot
Jan","26,",2015,recap,Mon,2014,Clippers,Nuggets,home,102-98,0&0,-13.0,214.0,4,-9.0,-14.0,-11.5,-2.5,W,L,U,"0
Jan","26,",2015,recap,Mon,2014,Nuggets,Clippers,away,98-102,0&0,13.0,214.0,-4,9.0,-14.0,-2.5,-11.5,L,W,U,"0
Jan","26,",2015,recap,Mon,2014,Grizzlies,Magic,home,103-94,1&0,-12.0,205.0,9,-3.0,-8.0,-5.5,-2.5,W,L,U,"0
Jan","26,",2015,recap,Mon,2014,Magic,Grizzlies,away,94-103,0&1,12.0,205.0,-9,3.0,-8.0,-2.5,-5.5,L,W,U,"0
Jan","26,",2015,recap,Mon,2014,Jazz,Celtics,home,90-99,1&0,-7.5,194.0,-9,-16.5,-5.0,-10.8,5.8,L,L,U,"0
Jan","26,",2015,recap,Mon,2014,Celtics,Jazz,away,99-90,0&1,7.5,194.0,9,16.5,-5.0,5.8,-10.8,W,W,U,"0
Jan","26,",2015,recap,Mon,2014,Pelicans,Seventysixers,home,99-74,0&1,-14.0,188.0,25,11.0,-15.0,-2.0,-13.0,W,W,U,"0
Jan","26,",2015,recap,Mon,2014,Seventysixers,Pelicans,away,74-99,1&0,14.0,188.0,-25,-11.0,-15.0,-13.0,-2.0,L,L,U,"0
Jan","26,",2015,recap,Mon,2014,Thunder,Timberwolves,home,92-84,0&0,-14.0,206.0,8,-6.0,-30.0,-18.0,-12.0,W,L,U,"0
Jan","26,",2015,recap,Mon,2014,Timberwolves,Thunder,away,84-92,0&0,14.0,206.0,-8,6.0,-30.0,-12.0,-18.0,L,W,U,0
