Date,Link,Day,Season,Team,Opp,Site,Final,Rest,Line,Total,SUm,ATSm,OUm,DPS,DPA,SUr,ATSr,OUr,"ot
Mar","24,",2015,recap,Tue,2014,Bucks,Heat,home,89-88,1&1,1.0,192.5,1,2.0,-15.5,-6.8,-8.8,W,W,U,"0
Mar","24,",2015,recap,Tue,2014,Heat,Bucks,away,88-89,1&1,-1.0,192.5,-1,-2.0,-15.5,-8.8,-6.8,L,L,U,"0
Mar","24,",2015,recap,Tue,2014,Kings,Seventysixers,home,107-106,1&1,-8.0,206.5,1,-7.0,6.5,-0.2,6.8,W,L,O,"0
Mar","24,",2015,recap,Tue,2014,Seventysixers,Kings,away,106-107,1&1,8.0,206.5,-1,7.0,6.5,6.8,-0.2,L,W,O,"0
Mar","24,",2015,recap,Tue,2014,Mavericks,Spurs,home,101-94,1&1,2.5,206.0,7,9.5,-11.0,-0.8,-10.2,W,W,U,"0
Mar","24,",2015,recap,Tue,2014,Spurs,Mavericks,away,94-101,1&1,-2.5,206.0,-7,-9.5,-11.0,-10.2,-0.8,L,L,U,"0
Mar","24,",2015,recap,Tue,2014,Pistons,Raptors,home,108-104,1&1,3.0,203.5,4,7.0,8.5,7.8,0.8,W,W,O,"0
Mar","24,",2015,recap,Tue,2014,Raptors,Pistons,away,104-108,1&1,-3.0,203.5,-4,-7.0,8.5,0.8,7.8,L,L,O,"0
Mar","24,",2015,recap,Tue,2014,Thunder,Lakers,home,127-117,1&1,-10.0,213.0,10,0.0,31.0,15.5,15.5,W,P,O,"0
Mar","24,",2015,recap,Tue,2014,Lakers,Thunder,away,117-127,1&1,10.0,213.0,-10,0.0,31.0,15.5,15.5,L,P,O,"0
Mar","24,",2015,recap,Tue,2014,Trailblazers,Warriors,home,108-122,2&0,7.0,207.0,-14,-7.0,23.0,8.0,15.0,L,L,O,"0
Mar","24,",2015,recap,Tue,2014,Warriors,Trailblazers,away,122-108,0&2,-7.0,207.0,14,7.0,23.0,15.0,8.0,W,W,O,0
