Date,Link,Day,Season,Team,Opp,Site,Final,Rest,Line,Total,SUm,ATSm,OUm,DPS,DPA,SUr,ATSr,OUr,"ot
Jan","18,",2015,recap,Sun,2014,Magic,Thunder,home,99-127,1&1,9.5,212.5,-28,-18.5,13.5,-2.5,16.0,L,L,O,"0
Jan","18,",2015,recap,Sun,2014,Thunder,Magic,away,127-99,1&1,-9.5,212.5,28,18.5,13.5,16.0,-2.5,W,W,O,"0
Jan","18,",2015,recap,Sun,2014,Raptors,Pelicans,home,93-95,1&1,-9.5,203.5,-2,-11.5,-15.5,-13.5,-2.0,L,L,U,"0
Jan","18,",2015,recap,Sun,2014,Pelicans,Raptors,away,95-93,1&1,9.5,203.5,2,11.5,-15.5,-2.0,-13.5,W,W,U,"0
Jan","18,",2015,recap,Sun,2014,Spurs,Jazz,home,89-69,1&1,-12.5,193.5,20,7.5,-35.5,-14.0,-21.5,W,W,U,"0
Jan","18,",2015,recap,Sun,2014,Jazz,Spurs,away,69-89,1&1,12.5,193.5,-20,-7.5,-35.5,-21.5,-14.0,L,L,U,0
