Date,Link,Day,Season,Team,Opp,Site,Final,Rest,Line,Total,SUm,ATSm,OUm,DPS,DPA,SUr,ATSr,OUr,"ot
Nov","25,",2015,recap,Wed,2015,Bucks,Kings,home,118-129,1&1,-4.5,210.5,-11,-15.5,36.5,10.5,26.0,L,L,O,"0
Nov","25,",2015,recap,Wed,2015,Kings,Bucks,away,129-118,1&1,4.5,210.5,11,15.5,36.5,26.0,10.5,W,W,O,"0
Nov","25,",2015,recap,Wed,2015,Celtics,Seventysixers,home,84-80,0&1,-10.5,200.0,4,-6.5,-36.0,-21.2,-14.8,W,L,U,"0
Nov","25,",2015,recap,Wed,2015,Seventysixers,Celtics,away,80-84,1&0,10.5,200.0,-4,6.5,-36.0,-14.8,-21.2,L,W,U,"0
Nov","25,",2015,recap,Wed,2015,Clippers,Jazz,home,91-102,0&1,-4.5,196.5,-11,-15.5,-3.5,-9.5,6.0,L,L,U,"0
Nov","25,",2015,recap,Wed,2015,Jazz,Clippers,away,102-91,1&0,4.5,196.5,11,15.5,-3.5,6.0,-9.5,W,W,U,"0
Nov","25,",2015,recap,Wed,2015,Hornets,Wizards,home,101-87,1&0,-3.5,210.0,14,10.5,-22.0,-5.8,-16.2,W,W,U,"0
Nov","25,",2015,recap,Wed,2015,Wizards,Hornets,away,87-101,0&1,3.5,210.0,-14,-10.5,-22.0,-16.2,-5.8,L,L,U,"0
Nov","25,",2015,recap,Wed,2015,Magic,Knicks,home,100-91,1&1,-1.5,195.0,9,7.5,-4.0,1.8,-5.8,W,W,U,"0
Nov","25,",2015,recap,Wed,2015,Knicks,Magic,away,91-100,1&1,1.5,195.0,-9,-7.5,-4.0,-5.8,1.8,L,L,U,"0
Nov","25,",2015,recap,Wed,2015,Pistons,Heat,home,104-81,1&1,-1.5,186.5,23,21.5,-1.5,10.0,-11.5,W,W,U,"0
Nov","25,",2015,recap,Wed,2015,Heat,Pistons,away,81-104,1&1,1.5,186.5,-23,-21.5,-1.5,-11.5,10.0,L,L,U,"0
Nov","25,",2015,recap,Wed,2015,Raptors,Cavaliers,home,103-99,2&1,2.5,199.0,4,6.5,3.0,4.8,-1.8,W,W,O,"0
Nov","25,",2015,recap,Wed,2015,Cavaliers,Raptors,away,99-103,1&2,-2.5,199.0,-4,-6.5,3.0,-1.8,4.8,L,L,O,"0
Nov","25,",2015,recap,Wed,2015,Rockets,Grizzlies,home,93-102,3&0,-3.5,197.0,-9,-12.5,-2.0,-7.2,5.2,L,L,U,"0
Nov","25,",2015,recap,Wed,2015,Grizzlies,Rockets,away,102-93,0&3,3.5,197.0,9,12.5,-2.0,5.2,-7.2,W,W,U,"0
Nov","25,",2015,recap,Wed,2015,Spurs,Mavericks,home,88-83,1&0,-9.5,197.5,5,-4.5,-26.5,-15.5,-11.0,W,L,U,"0
Nov","25,",2015,recap,Wed,2015,Mavericks,Spurs,away,83-88,0&1,9.5,197.5,-5,4.5,-26.5,-11.0,-15.5,L,W,U,"0
Nov","25,",2015,recap,Wed,2015,Suns,Pelicans,home,114-120,1&2,-4.0,211.0,-6,-10.0,23.0,6.5,16.5,L,L,O,"0
Nov","25,",2015,recap,Wed,2015,Pelicans,Suns,away,120-114,2&1,4.0,211.0,6,10.0,23.0,16.5,6.5,W,W,O,"0
Nov","25,",2015,recap,Wed,2015,Thunder,Nets,home,110-99,1&2,-12.0,210.0,11,-1.0,-1.0,-1.0,0.0,W,L,U,"0
Nov","25,",2015,recap,Wed,2015,Nets,Thunder,away,99-110,2&1,12.0,210.0,-11,1.0,-1.0,0.0,-1.0,L,W,U,"0
Nov","25,",2015,recap,Wed,2015,Timberwolves,Hawks,home,99-95,1&0,3.0,205.5,4,7.0,-11.5,-2.2,-9.2,W,W,U,"0
Nov","25,",2015,recap,Wed,2015,Hawks,Timberwolves,away,95-99,0&1,-3.0,205.5,-4,-7.0,-11.5,-9.2,-2.2,L,L,U,0
