Date,Link,Day,Season,Team,Opp,Site,Final,Rest,Line,Total,SUm,ATSm,OUm,DPS,DPA,SUr,ATSr,OUr,"ot
Dec","07,",2015,recap,Mon,2015,Bucks,Trailblazers,home,90-88,1&1,1.0,199.0,2,3.0,-21.0,-9.0,-12.0,W,W,U,"0
Dec","07,",2015,recap,Mon,2015,Trailblazers,Bucks,away,88-90,1&1,-1.0,199.0,-2,-3.0,-21.0,-12.0,-9.0,L,L,U,"0
Dec","07,",2015,recap,Mon,2015,Bulls,Suns,home,101-103,1&0,-6.5,204.0,-2,-8.5,0.0,-4.2,4.2,L,L,P,"0
Dec","07,",2015,recap,Mon,2015,Suns,Bulls,away,103-101,0&1,6.5,204.0,2,8.5,0.0,4.2,-4.2,W,W,P,"0
Dec","07,",2015,recap,Mon,2015,Heat,Wizards,home,103-114,1&0,-8.0,197.0,-11,-19.0,20.0,0.5,19.5,L,L,O,"0
Dec","07,",2015,recap,Mon,2015,Wizards,Heat,away,114-103,0&1,8.0,197.0,11,19.0,20.0,19.5,0.5,W,W,O,"0
Dec","07,",2015,recap,Mon,2015,Hornets,Pistons,home,104-84,1&0,-3.0,196.0,20,17.0,-8.0,4.5,-12.5,W,W,U,"0
Dec","07,",2015,recap,Mon,2015,Pistons,Hornets,away,84-104,0&1,3.0,196.0,-20,-17.0,-8.0,-12.5,4.5,L,L,U,"0
Dec","07,",2015,recap,Mon,2015,Knicks,Mavericks,home,97-104,1&0,1.0,198.5,-7,-6.0,2.5,-1.8,4.2,L,L,O,"0
Dec","07,",2015,recap,Mon,2015,Mavericks,Knicks,away,104-97,0&1,-1.0,198.5,7,6.0,2.5,4.2,-1.8,W,W,O,"0
Dec","07,",2015,recap,Mon,2015,Pelicans,Celtics,home,93-111,2&1,1.5,210.5,-18,-16.5,-6.5,-11.5,5.0,L,L,U,"0
Dec","07,",2015,recap,Mon,2015,Celtics,Pelicans,away,111-93,1&2,-1.5,210.5,18,16.5,-6.5,5.0,-11.5,W,W,U,"0
Dec","07,",2015,recap,Mon,2015,Raptors,Lakers,home,102-93,1&0,-11.5,198.5,9,-2.5,-3.5,-3.0,-0.5,W,L,U,"0
Dec","07,",2015,recap,Mon,2015,Lakers,Raptors,away,93-102,0&1,11.5,198.5,-9,2.5,-3.5,-0.5,-3.0,L,W,U,"0
Dec","07,",2015,recap,Mon,2015,Seventysixers,Spurs,home,68-119,1&1,12.0,188.5,-51,-39.0,-1.5,-20.2,18.8,L,L,U,"0
Dec","07,",2015,recap,Mon,2015,Spurs,Seventysixers,away,119-68,1&1,-12.0,188.5,51,39.0,-1.5,18.8,-20.2,W,W,U,"0
Dec","07,",2015,recap,Mon,2015,Timberwolves,Clippers,home,106-110,1&1,3.0,205.0,-4,-1.0,11.0,5.0,6.0,L,L,O,"0
Dec","07,",2015,recap,Mon,2015,Clippers,Timberwolves,away,110-106,1&1,-3.0,205.0,4,1.0,11.0,6.0,5.0,W,W,O,0
