Date,Link,Day,Season,Team,Opp,Site,Final,Rest,Line,Total,SUm,ATSm,OUm,DPS,DPA,SUr,ATSr,OUr,"ot
Mar","21,",2015,recap,Sat,2014,Grizzlies,Trailblazers,home,97-86,0&0,-3.5,192.5,11,7.5,-9.5,-1.0,-8.5,W,W,U,"0
Mar","21,",2015,recap,Sat,2014,Trailblazers,Grizzlies,away,86-97,0&0,3.5,192.5,-11,-7.5,-9.5,-8.5,-1.0,L,L,U,"0
Mar","21,",2015,recap,Sat,2014,Pacers,Nets,home,111-123,0&0,-8.0,195.0,-12,-20.0,39.0,9.5,29.5,L,L,O,"0
Mar","21,",2015,recap,Sat,2014,Nets,Pacers,away,123-111,0&0,8.0,195.0,12,20.0,39.0,29.5,9.5,W,W,O,"0
Mar","21,",2015,recap,Sat,2014,Pistons,Bulls,home,107-91,2&0,3.0,193.5,16,19.0,4.5,11.8,-7.2,W,W,O,"0
Mar","21,",2015,recap,Sat,2014,Bulls,Pistons,away,91-107,0&2,-3.0,193.5,-16,-19.0,4.5,-7.2,11.8,L,L,O,"0
Mar","21,",2015,recap,Sat,2014,Rockets,Suns,home,102-117,1&1,-7.5,208.0,-15,-22.5,11.0,-5.8,16.8,L,L,O,"0
Mar","21,",2015,recap,Sat,2014,Suns,Rockets,away,117-102,1&1,7.5,208.0,15,22.5,11.0,16.8,-5.8,W,W,O,"0
Mar","21,",2015,recap,Sat,2014,Warriors,Jazz,home,106-91,0&1,-9.0,192.0,15,6.0,5.0,5.5,-0.5,W,W,O,"0
Mar","21,",2015,recap,Sat,2014,Jazz,Warriors,away,91-106,1&0,9.0,192.0,-15,-6.0,5.0,-0.5,5.5,L,L,O,0
