Date,Link,Day,Season,Team,Opp,Site,Final,Rest,Line,Total,SUm,ATSm,OUm,DPS,DPA,SUr,ATSr,OUr,"ot
Feb","02,",2015,recap,Mon,2014,Cavaliers,Seventysixers,home,97-84,1&1,-16.5,194.0,13,-3.5,-13.0,-8.2,-4.8,W,L,U,"0
Feb","02,",2015,recap,Mon,2014,Seventysixers,Cavaliers,away,84-97,1&1,16.5,194.0,-13,3.5,-13.0,-4.8,-8.2,L,W,U,"0
Feb","02,",2015,recap,Mon,2014,Mavericks,Timberwolves,home,100-94,1&1,-10.5,207.5,6,-4.5,-13.5,-9.0,-4.5,W,L,U,"0
Feb","02,",2015,recap,Mon,2014,Timberwolves,Mavericks,away,94-100,1&1,10.5,207.5,-6,4.5,-13.5,-4.5,-9.0,L,W,U,"0
Feb","02,",2015,recap,Mon,2014,Nets,Clippers,home,102-100,2&1,8.5,202.0,2,10.5,0.0,5.2,-5.2,W,W,P,"0
Feb","02,",2015,recap,Mon,2014,Clippers,Nets,away,100-102,1&2,-8.5,202.0,-2,-10.5,0.0,-5.2,5.2,L,L,P,"0
Feb","02,",2015,recap,Mon,2014,Pelicans,Hawks,home,115-100,2&1,3.5,196.0,15,18.5,19.0,18.8,0.2,W,W,O,"0
Feb","02,",2015,recap,Mon,2014,Hawks,Pelicans,away,100-115,1&2,-3.5,196.0,-15,-18.5,19.0,0.2,18.8,L,L,O,"0
Feb","02,",2015,recap,Mon,2014,Raptors,Bucks,home,75-82,1&1,-6.0,203.0,-7,-13.0,-46.0,-29.5,-16.5,L,L,U,"0
Feb","02,",2015,recap,Mon,2014,Bucks,Raptors,away,82-75,1&1,6.0,203.0,7,13.0,-46.0,-16.5,-29.5,W,W,U,"0
Feb","02,",2015,recap,Mon,2014,Suns,Grizzlies,home,101-102,1&1,2.0,203.5,-1,1.0,-0.5,0.2,-0.8,L,W,U,"0
Feb","02,",2015,recap,Mon,2014,Grizzlies,Suns,away,102-101,1&1,-2.0,203.5,1,-1.0,-0.5,-0.8,0.2,W,L,U,"0
Feb","02,",2015,recap,Mon,2014,Thunder,Magic,home,104-97,1&1,-11.0,207.0,7,-4.0,-6.0,-5.0,-1.0,W,L,U,"0
Feb","02,",2015,recap,Mon,2014,Magic,Thunder,away,97-104,1&1,11.0,207.0,-7,4.0,-6.0,-1.0,-5.0,L,W,U,"0
Feb","02,",2015,recap,Mon,2014,Wizards,Hornets,home,88-92,1&1,-7.5,187.0,-4,-11.5,-7.0,-9.2,2.2,L,L,U,"0
Feb","02,",2015,recap,Mon,2014,Hornets,Wizards,away,92-88,1&1,7.5,187.0,4,11.5,-7.0,2.2,-9.2,W,W,U,0
