Date,Link,Day,Season,Team,Opp,Site,Final,Rest,Line,Total,SUm,ATSm,OUm,DPS,DPA,SUr,ATSr,OUr,"ot
Dec","15,",2015,recap,Tue,2015,Celtics,Cavaliers,home,77-89,2&3,1.5,201.5,-12,-10.5,-35.5,-23.0,-12.5,L,L,U,"0
Dec","15,",2015,recap,Tue,2015,Cavaliers,Celtics,away,89-77,3&2,-1.5,201.5,12,10.5,-35.5,-12.5,-23.0,W,W,U,"0
Dec","15,",2015,recap,Tue,2015,Kings,Rockets,home,107-97,4&0,-2.5,219.0,10,7.5,-15.0,-3.8,-11.2,W,W,U,"0
Dec","15,",2015,recap,Tue,2015,Rockets,Kings,away,97-107,0&4,2.5,219.0,-10,-7.5,-15.0,-11.2,-3.8,L,L,U,"0
Dec","15,",2015,recap,Tue,2015,Lakers,Bucks,home,113-95,2&2,3.0,198.5,18,21.0,9.5,15.2,-5.8,W,W,O,"0
Dec","15,",2015,recap,Tue,2015,Bucks,Lakers,away,95-113,2&2,-3.0,198.5,-18,-21.0,9.5,-5.8,15.2,L,L,O,"0
Dec","15,",2015,recap,Tue,2015,Timberwolves,Nuggets,home,100-112,1&0,-5.5,204.5,-12,-17.5,7.5,-5.0,12.5,L,L,O,"0
Dec","15,",2015,recap,Tue,2015,Nuggets,Timberwolves,away,112-100,0&1,5.5,204.5,12,17.5,7.5,12.5,-5.0,W,W,O,0
