Date,Link,Day,Season,Team,Opp,Site,Final,Rest,Line,Total,SUm,ATSm,OUm,DPS,DPA,SUr,ATSr,OUr,"ot
Dec","28,",2016,recap,Wed,2016,Bulls,Nets,home,101-99,1&1,-9.0,212.5,2,-7.0,-12.5,-9.8,-2.8,W,L,U,"0
Dec","28,",2016,recap,Wed,2016,Nets,Bulls,away,99-101,1&1,9.0,212.5,-2,7.0,-12.5,-2.8,-9.8,L,W,U,"0
Dec","28,",2016,recap,Wed,2016,Hawks,Knicks,home,102-98,1&2,-4.0,211.0,4,0.0,-11.0,-5.5,-5.5,W,P,U,"1
Dec","28,",2016,recap,Wed,2016,Knicks,Hawks,away,98-102,2&1,4.0,211.0,-4,0.0,-11.0,-5.5,-5.5,L,P,U,"1
Dec","28,",2016,recap,Wed,2016,Magic,Hornets,home,101-120,1&1,4.0,205.5,-19,-15.0,15.5,0.2,15.2,L,L,O,"0
Dec","28,",2016,recap,Wed,2016,Hornets,Magic,away,120-101,1&1,-4.0,205.5,19,15.0,15.5,15.2,0.2,W,W,O,"0
Dec","28,",2016,recap,Wed,2016,Nuggets,Timberwolves,home,105-103,1&1,-4.5,217.0,2,-2.5,-9.0,-5.8,-3.2,W,L,U,"0
Dec","28,",2016,recap,Wed,2016,Timberwolves,Nuggets,away,103-105,1&1,4.5,217.0,-2,2.5,-9.0,-3.2,-5.8,L,W,U,"0
Dec","28,",2016,recap,Wed,2016,Pelicans,Clippers,home,102-98,1&1,-3.5,206.5,4,0.5,-6.5,-3.0,-3.5,W,W,U,"0
Dec","28,",2016,recap,Wed,2016,Clippers,Pelicans,away,98-102,1&1,3.5,206.5,-4,-0.5,-6.5,-3.5,-3.0,L,L,U,"0
Dec","28,",2016,recap,Wed,2016,Pistons,Bucks,home,94-119,1&1,-3.0,202.5,-25,-28.0,10.5,-8.8,19.2,L,L,O,"0
Dec","28,",2016,recap,Wed,2016,Bucks,Pistons,away,119-94,1&1,3.0,202.5,25,28.0,10.5,19.2,-8.8,W,W,O,"0
Dec","28,",2016,recap,Wed,2016,Spurs,Suns,home,119-98,2&1,-13.5,215.5,21,7.5,1.5,4.5,-3.0,W,W,O,"0
Dec","28,",2016,recap,Wed,2016,Suns,Spurs,away,98-119,1&2,13.5,215.5,-21,-7.5,1.5,-3.0,4.5,L,L,O,"0
Dec","28,",2016,recap,Wed,2016,Trailblazers,Kings,home,102-89,1&1,-1.5,206.5,13,11.5,-15.5,-2.0,-13.5,W,W,U,"0
Dec","28,",2016,recap,Wed,2016,Kings,Trailblazers,away,89-102,1&1,1.5,206.5,-13,-11.5,-15.5,-13.5,-2.0,L,L,U,"0
Dec","28,",2016,recap,Wed,2016,Warriors,Raptors,home,121-111,2&1,-9.5,227.0,10,0.5,5.0,2.8,2.2,W,W,O,"0
Dec","28,",2016,recap,Wed,2016,Raptors,Warriors,away,111-121,1&2,9.5,227.0,-10,-0.5,5.0,2.2,2.8,L,L,O,"0
Dec","28,",2016,recap,Wed,2016,Wizards,Pacers,home,111-105,1&1,-5.0,214.0,6,1.0,2.0,1.5,0.5,W,W,O,"0
Dec","28,",2016,recap,Wed,2016,Pacers,Wizards,away,105-111,1&1,5.0,214.0,-6,-1.0,2.0,0.5,1.5,L,L,O,0
