Date,Link,Day,Season,Team,Opp,Site,Final,Rest,Line,Total,SUm,ATSm,OUm,DPS,DPA,SUr,ATSr,OUr,"ot
Dec","18,",2016,recap,Sun,2016,Grizzlies,Jazz,home,73-82,1&1,-1.0,186.0,-9,-10.0,-31.0,-20.5,-10.5,L,L,U,"0
Dec","18,",2016,recap,Sun,2016,Jazz,Grizzlies,away,82-73,1&1,1.0,186.0,9,10.0,-31.0,-10.5,-20.5,W,W,U,"0
Dec","18,",2016,recap,Sun,2016,Heat,Celtics,home,95-105,1&1,4.5,200.5,-10,-5.5,-0.5,-3.0,2.5,L,L,U,"0
Dec","18,",2016,recap,Sun,2016,Celtics,Heat,away,105-95,1&1,-4.5,200.5,10,5.5,-0.5,2.5,-3.0,W,W,U,"0
Dec","18,",2016,recap,Sun,2016,Magic,Raptors,home,79-109,1&1,5.0,213.5,-30,-25.0,-25.5,-25.2,-0.2,L,L,U,"0
Dec","18,",2016,recap,Sun,2016,Raptors,Magic,away,109-79,1&1,-5.0,213.5,30,25.0,-25.5,-0.2,-25.2,W,W,U,"0
Dec","18,",2016,recap,Sun,2016,Mavericks,Kings,home,99-79,1&1,-1.0,193.5,20,19.0,-15.5,1.8,-17.2,W,W,U,"0
Dec","18,",2016,recap,Sun,2016,Kings,Mavericks,away,79-99,1&1,1.0,193.5,-20,-19.0,-15.5,-17.2,1.8,L,L,U,"0
Dec","18,",2016,recap,Sun,2016,Seventysixers,Nets,home,108-107,1&1,-2.0,215.0,1,-1.0,0.0,-0.5,0.5,W,L,P,"0
Dec","18,",2016,recap,Sun,2016,Nets,Seventysixers,away,107-108,1&1,2.0,215.0,-1,1.0,0.0,0.5,-0.5,L,W,P,"0
Dec","18,",2016,recap,Sun,2016,Spurs,Pelicans,home,113-100,2&1,-12.5,202.0,13,0.5,11.0,5.8,5.2,W,W,O,"0
Dec","18,",2016,recap,Sun,2016,Pelicans,Spurs,away,100-113,1&2,12.5,202.0,-13,-0.5,11.0,5.2,5.8,L,L,O,"0
Dec","18,",2016,recap,Sun,2016,Wizards,Clippers,home,117-110,1&1,4.5,215.0,7,11.5,12.0,11.8,0.2,W,W,O,"0
Dec","18,",2016,recap,Sun,2016,Clippers,Wizards,away,110-117,1&1,-4.5,215.0,-7,-11.5,12.0,0.2,11.8,L,L,O,0
