Date,Link,Day,Season,Team,Opp,Site,Final,Rest,Line,Total,SUm,ATSm,OUm,DPS,DPA,SUr,ATSr,OUr,"ot
Oct","26,",2016,recap,Wed,2016,Bucks,Hornets,home,96-107,&,-1.5,195.0,-11,-12.5,8.0,-2.2,10.2,L,L,O,"0
Oct","26,",2016,recap,Wed,2016,Hornets,Bucks,away,107-96,&,1.5,195.0,11,12.5,8.0,10.2,-2.2,W,W,O,"0
Oct","26,",2016,recap,Wed,2016,Celtics,Nets,home,122-117,&,-11.0,212.5,5,-6.0,26.5,10.2,16.2,W,L,O,"0
Oct","26,",2016,recap,Wed,2016,Nets,Celtics,away,117-122,&,11.0,212.5,-5,6.0,26.5,16.2,10.2,L,W,O,"0
Oct","26,",2016,recap,Wed,2016,Grizzlies,Timberwolves,home,102-98,&,1.0,199.5,4,5.0,0.5,2.8,-2.2,W,W,O,"0
Oct","26,",2016,recap,Wed,2016,Timberwolves,Grizzlies,away,98-102,&,-1.0,199.5,-4,-5.0,0.5,-2.2,2.8,L,L,O,"0
Oct","26,",2016,recap,Wed,2016,Lakers,Rockets,home,120-114,&,5.5,225.5,6,11.5,8.5,10.0,-1.5,W,W,O,"0
Oct","26,",2016,recap,Wed,2016,Rockets,Lakers,away,114-120,&,-5.5,225.5,-6,-11.5,8.5,-1.5,10.0,L,L,O,"0
Oct","26,",2016,recap,Wed,2016,Magic,Heat,home,96-108,&,-2.5,200.0,-12,-14.5,4.0,-5.2,9.2,L,L,O,"0
Oct","26,",2016,recap,Wed,2016,Heat,Magic,away,108-96,&,2.5,200.0,12,14.5,4.0,9.2,-5.2,W,W,O,"0
Oct","26,",2016,recap,Wed,2016,Pacers,Mavericks,home,130-121,&,-5.5,205.0,9,3.5,46.0,24.8,21.2,W,W,O,"1
Oct","26,",2016,recap,Wed,2016,Mavericks,Pacers,away,121-130,&,5.5,205.0,-9,-3.5,46.0,21.2,24.8,L,L,O,"1
Oct","26,",2016,recap,Wed,2016,Pelicans,Nuggets,home,102-107,&,-1.5,207.0,-5,-6.5,2.0,-2.2,4.2,L,L,O,"0
Oct","26,",2016,recap,Wed,2016,Nuggets,Pelicans,away,107-102,&,1.5,207.0,5,6.5,2.0,4.2,-2.2,W,W,O,"0
Oct","26,",2016,recap,Wed,2016,Raptors,Pistons,home,109-91,&,-7.0,197.0,18,11.0,3.0,7.0,-4.0,W,W,O,"0
Oct","26,",2016,recap,Wed,2016,Pistons,Raptors,away,91-109,&,7.0,197.0,-18,-11.0,3.0,-4.0,7.0,L,L,O,"0
Oct","26,",2016,recap,Wed,2016,Seventysixers,Thunder,home,97-103,&,8.5,208.0,-6,2.5,-8.0,-2.8,-5.2,L,W,U,"0
Oct","26,",2016,recap,Wed,2016,Thunder,Seventysixers,away,103-97,&,-8.5,208.0,6,-2.5,-8.0,-5.2,-2.8,W,L,U,"0
Oct","26,",2016,recap,Wed,2016,Suns,Kings,home,94-113,&,-2.5,212.0,-19,-21.5,-5.0,-13.2,8.2,L,L,U,"0
Oct","26,",2016,recap,Wed,2016,Kings,Suns,away,113-94,&,2.5,212.0,19,21.5,-5.0,8.2,-13.2,W,W,U,0
