Date,Link,Day,Season,Team,Opp,Site,Final,Rest,Line,Total,SUm,ATSm,OUm,DPS,DPA,SUr,ATSr,OUr,"ot
Mar","03,",2016,recap,Thu,2015,Heat,Suns,home,108-92,1&1,-14.0,209.0,16,2.0,-9.0,-3.5,-5.5,W,W,U,"0
Mar","03,",2016,recap,Thu,2015,Suns,Heat,away,92-108,1&1,14.0,209.0,-16,-2.0,-9.0,-5.5,-3.5,L,L,U,"0
Mar","03,",2016,recap,Thu,2015,Mavericks,Kings,home,101-104,1&0,-7.0,221.0,-3,-10.0,-16.0,-13.0,-3.0,L,L,U,"0
Mar","03,",2016,recap,Thu,2015,Kings,Mavericks,away,104-101,0&1,7.0,221.0,3,10.0,-16.0,-3.0,-13.0,W,W,U,"0
Mar","03,",2016,recap,Thu,2015,Pelicans,Spurs,home,86-94,0&0,8.5,207.0,-8,0.5,-27.0,-13.2,-13.8,L,W,U,"0
Mar","03,",2016,recap,Thu,2015,Spurs,Pelicans,away,94-86,0&0,-8.5,207.0,8,-0.5,-27.0,-13.8,-13.2,W,L,U,"0
Mar","03,",2016,recap,Thu,2015,Warriors,Thunder,home,121-106,1&0,-8.0,228.0,15,7.0,-1.0,3.0,-4.0,W,W,U,"0
Mar","03,",2016,recap,Thu,2015,Thunder,Warriors,away,106-121,0&1,8.0,228.0,-15,-7.0,-1.0,-4.0,3.0,L,L,U,0
