Date,Link,Day,Season,Team,Opp,Site,Final,Rest,Line,Total,SUm,ATSm,OUm,DPS,DPA,SUr,ATSr,OUr,"ot
Nov","11,",2016,recap,Fri,2016,Celtics,Knicks,home,115-87,1&1,-6.0,215.0,28,22.0,-13.0,4.5,-17.5,W,W,U,"0
Nov","11,",2016,recap,Fri,2016,Knicks,Celtics,away,87-115,1&1,6.0,215.0,-28,-22.0,-13.0,-17.5,4.5,L,L,U,"0
Nov","11,",2016,recap,Fri,2016,Hornets,Raptors,home,111-113,1&1,0.0,204.0,-2,-2.0,20.0,9.0,11.0,L,L,O,"0
Nov","11,",2016,recap,Fri,2016,Raptors,Hornets,away,113-111,1&1,-0.0,204.0,2,2.0,20.0,11.0,9.0,W,W,O,"0
Nov","11,",2016,recap,Fri,2016,Magic,Jazz,home,74-87,1&1,5.5,189.5,-13,-7.5,-28.5,-18.0,-10.5,L,L,U,"0
Nov","11,",2016,recap,Fri,2016,Jazz,Magic,away,87-74,1&1,-5.5,189.5,13,7.5,-28.5,-10.5,-18.0,W,W,U,"0
Nov","11,",2016,recap,Fri,2016,Seventysixers,Pacers,home,109-105,1&1,4.5,213.5,4,8.5,0.5,4.5,-4.0,W,W,O,"1
Nov","11,",2016,recap,Fri,2016,Pacers,Seventysixers,away,105-109,1&1,-4.5,213.5,-4,-8.5,0.5,-4.0,4.5,L,L,O,"1
Nov","11,",2016,recap,Fri,2016,Spurs,Pistons,home,96-86,1&1,-9.0,194.0,10,1.0,-12.0,-5.5,-6.5,W,W,U,"0
Nov","11,",2016,recap,Fri,2016,Pistons,Spurs,away,86-96,1&1,9.0,194.0,-10,-1.0,-12.0,-6.5,-5.5,L,L,U,"0
Nov","11,",2016,recap,Fri,2016,Thunder,Clippers,home,108-110,1&1,5.0,206.0,-2,3.0,12.0,7.5,4.5,L,W,O,"0
Nov","11,",2016,recap,Fri,2016,Clippers,Thunder,away,110-108,1&1,-5.0,206.0,2,-3.0,12.0,4.5,7.5,W,L,O,"0
Nov","11,",2016,recap,Fri,2016,Trailblazers,Kings,home,122-120,1&0,-6.5,210.0,2,-4.5,32.0,13.8,18.2,W,L,O,"1
Nov","11,",2016,recap,Fri,2016,Kings,Trailblazers,away,120-122,0&1,6.5,210.0,-2,4.5,32.0,18.2,13.8,L,W,O,"1
Nov","11,",2016,recap,Fri,2016,Wizards,Cavaliers,home,94-105,1&2,7.5,210.0,-11,-3.5,-11.0,-7.2,-3.8,L,L,U,"0
Nov","11,",2016,recap,Fri,2016,Cavaliers,Wizards,away,105-94,2&1,-7.5,210.0,11,3.5,-11.0,-3.8,-7.2,W,W,U,0
