Date,Link,Day,Season,Team,Opp,Site,Final,Rest,Line,Total,SUm,ATSm,OUm,DPS,DPA,SUr,ATSr,OUr,"ot
Oct","25,",2016,recap,Tue,2016,Cavaliers,Knicks,home,117-88,&,-10.0,206.0,29,19.0,-1.0,9.0,-10.0,W,W,U,"0
Oct","25,",2016,recap,Tue,2016,Knicks,Cavaliers,away,88-117,&,10.0,206.0,-29,-19.0,-1.0,-10.0,9.0,L,L,U,"0
Oct","25,",2016,recap,Tue,2016,Trailblazers,Jazz,home,113-104,&,-6.5,192.0,9,2.5,25.0,13.8,11.2,W,W,O,"0
Oct","25,",2016,recap,Tue,2016,Jazz,Trailblazers,away,104-113,&,6.5,192.0,-9,-2.5,25.0,11.2,13.8,L,L,O,"0
Oct","25,",2016,recap,Tue,2016,Warriors,Spurs,home,100-129,&,-8.0,211.5,-29,-37.0,17.5,-9.8,27.2,L,L,O,"0
Oct","25,",2016,recap,Tue,2016,Spurs,Warriors,away,129-100,&,8.0,211.5,29,37.0,17.5,27.2,-9.8,W,W,O,0
