Date,Link,Day,Season,Team,Opp,Site,Final,Rest,Line,Total,SUm,ATSm,OUm,DPS,DPA,SUr,ATSr,OUr,"ot
Feb","23,",2016,recap,Tue,2015,Jazz,Rockets,home,117-114,1&3,-4.5,204.0,3,-1.5,27.0,12.8,14.2,W,L,O,"1
Feb","23,",2016,recap,Tue,2015,Rockets,Jazz,away,114-117,3&1,4.5,204.0,-3,1.5,27.0,14.2,12.8,L,W,O,"1
Feb","23,",2016,recap,Tue,2015,Nuggets,Kings,home,110-114,1&3,-1.0,223.0,-4,-5.0,1.0,-2.0,3.0,L,L,O,"0
Feb","23,",2016,recap,Tue,2015,Kings,Nuggets,away,114-110,3&1,1.0,223.0,4,5.0,1.0,3.0,-2.0,W,W,O,"0
Feb","23,",2016,recap,Tue,2015,Seventysixers,Magic,home,115-124,1&1,5.5,208.0,-9,-3.5,31.0,13.8,17.2,L,L,O,"0
Feb","23,",2016,recap,Tue,2015,Magic,Seventysixers,away,124-115,1&1,-5.5,208.0,9,3.5,31.0,17.2,13.8,W,W,O,"0
Feb","23,",2016,recap,Tue,2015,Trailblazers,Nets,home,112-104,1&1,-11.5,212.0,8,-3.5,4.0,0.2,3.8,W,L,O,"0
Feb","23,",2016,recap,Tue,2015,Nets,Trailblazers,away,104-112,1&1,11.5,212.0,-8,3.5,4.0,3.8,0.2,L,W,O,"0
Feb","23,",2016,recap,Tue,2015,Wizards,Pelicans,home,109-89,2&1,-4.5,215.0,20,15.5,-17.0,-0.8,-16.2,W,W,U,"0
Feb","23,",2016,recap,Tue,2015,Pelicans,Wizards,away,89-109,1&2,4.5,215.0,-20,-15.5,-17.0,-16.2,-0.8,L,L,U,0
