Date,Link,Day,Season,Team,Opp,Site,Final,Rest,Line,Total,SUm,ATSm,OUm,DPS,DPA,SUr,ATSr,OUr,"ot
Jan","24,",2016,recap,Sun,2015,Nets,Thunder,home,116-106,1&1,14.0,208.5,10,24.0,13.5,18.8,-5.2,W,W,O,"0
Jan","24,",2016,recap,Sun,2015,Thunder,Nets,away,106-116,1&1,-14.0,208.5,-10,-24.0,13.5,-5.2,18.8,L,L,O,"0
Jan","24,",2016,recap,Sun,2015,Raptors,Clippers,home,112-94,1&1,-2.5,205.5,18,15.5,0.5,8.0,-7.5,W,W,O,"0
Jan","24,",2016,recap,Sun,2015,Clippers,Raptors,away,94-112,1&1,2.5,205.5,-18,-15.5,0.5,-7.5,8.0,L,L,O,"0
Jan","24,",2016,recap,Sun,2015,Rockets,Mavericks,home,115-104,1&1,-3.5,206.5,11,7.5,12.5,10.0,2.5,W,W,O,"0
Jan","24,",2016,recap,Sun,2015,Mavericks,Rockets,away,104-115,1&1,3.5,206.5,-11,-7.5,12.5,2.5,10.0,L,L,O,"0
Jan","24,",2016,recap,Sun,2015,Seventysixers,Celtics,home,92-112,3&1,8.5,206.0,-20,-11.5,-2.0,-6.8,4.8,L,L,U,"0
Jan","24,",2016,recap,Sun,2015,Celtics,Seventysixers,away,112-92,1&3,-8.5,206.0,20,11.5,-2.0,4.8,-6.8,W,W,U,0
