Date,Link,Day,Season,Team,Opp,Site,Final,Rest,Line,Total,SUm,ATSm,OUm,DPS,DPA,SUr,ATSr,OUr,"ot
Mar","11,",2016,recap,Fri,2015,Bulls,Heat,home,96-118,0&1,3.5,201.5,-22,-18.5,12.5,-3.0,15.5,L,L,O,"0
Mar","11,",2016,recap,Fri,2015,Heat,Bulls,away,118-96,1&0,-3.5,201.5,22,18.5,12.5,15.5,-3.0,W,W,O,"0
Mar","11,",2016,recap,Fri,2015,Celtics,Rockets,home,98-102,1&1,-5.0,222.0,-4,-9.0,-22.0,-15.5,-6.5,L,L,U,"0
Mar","11,",2016,recap,Fri,2015,Rockets,Celtics,away,102-98,1&1,5.0,222.0,4,9.0,-22.0,-6.5,-15.5,W,W,U,"0
Mar","11,",2016,recap,Fri,2015,Clippers,Knicks,home,101-94,1&1,-10.0,204.0,7,-3.0,-9.0,-6.0,-3.0,W,L,U,"0
Mar","11,",2016,recap,Fri,2015,Knicks,Clippers,away,94-101,1&1,10.0,204.0,-7,3.0,-9.0,-3.0,-6.0,L,W,U,"0
Mar","11,",2016,recap,Fri,2015,Grizzlies,Pelicans,home,121-114,1&1,1.5,204.5,7,8.5,30.5,19.5,11.0,W,W,O,"1
Mar","11,",2016,recap,Fri,2015,Pelicans,Grizzlies,away,114-121,1&1,-1.5,204.5,-7,-8.5,30.5,11.0,19.5,L,L,O,"1
Mar","11,",2016,recap,Fri,2015,Hornets,Pistons,home,118-103,1&1,-4.5,203.0,15,10.5,18.0,14.2,3.8,W,W,O,"0
Mar","11,",2016,recap,Fri,2015,Pistons,Hornets,away,103-118,1&1,4.5,203.0,-15,-10.5,18.0,3.8,14.2,L,L,O,"0
Mar","11,",2016,recap,Fri,2015,Jazz,Wizards,home,114-93,1&2,-4.5,198.5,21,16.5,8.5,12.5,-4.0,W,W,O,"0
Mar","11,",2016,recap,Fri,2015,Wizards,Jazz,away,93-114,2&1,4.5,198.5,-21,-16.5,8.5,-4.0,12.5,L,L,O,"0
Mar","11,",2016,recap,Fri,2015,Kings,Magic,home,100-107,1&2,-1.0,218.0,-7,-8.0,-11.0,-9.5,-1.5,L,L,U,"0
Mar","11,",2016,recap,Fri,2015,Magic,Kings,away,107-100,2&1,1.0,218.0,7,8.0,-11.0,-1.5,-9.5,W,W,U,"0
Mar","11,",2016,recap,Fri,2015,Seventysixers,Nets,home,95-89,1&2,2.0,210.0,6,8.0,-26.0,-9.0,-17.0,W,W,U,"0
Mar","11,",2016,recap,Fri,2015,Nets,Seventysixers,away,89-95,2&1,-2.0,210.0,-6,-8.0,-26.0,-17.0,-9.0,L,L,U,"0
Mar","11,",2016,recap,Fri,2015,Thunder,Timberwolves,home,96-99,1&2,-12.0,223.5,-3,-15.0,-28.5,-21.8,-6.8,L,L,U,"0
Mar","11,",2016,recap,Fri,2015,Timberwolves,Thunder,away,99-96,2&1,12.0,223.5,3,15.0,-28.5,-6.8,-21.8,W,W,U,"0
Mar","11,",2016,recap,Fri,2015,Warriors,Trailblazers,home,128-112,1&2,-13.5,227.5,16,2.5,12.5,7.5,5.0,W,W,O,"0
Mar","11,",2016,recap,Fri,2015,Trailblazers,Warriors,away,112-128,2&1,13.5,227.5,-16,-2.5,12.5,5.0,7.5,L,L,O,0
