Date,Link,Day,Season,Team,Opp,Site,Final,Rest,Line,Total,SUm,ATSm,OUm,DPS,DPA,SUr,ATSr,OUr,"ot
Jan","22,",2016,recap,Fri,2015,Celtics,Bulls,home,110-101,1&1,-4.0,209.0,9,5.0,2.0,3.5,-1.5,W,W,O,"0
Jan","22,",2016,recap,Fri,2015,Bulls,Celtics,away,101-110,1&1,4.0,209.0,-9,-5.0,2.0,-1.5,3.5,L,L,O,"0
Jan","22,",2016,recap,Fri,2015,Knicks,Clippers,home,88-116,1&0,2.0,205.0,-28,-26.0,-1.0,-13.5,12.5,L,L,U,"0
Jan","22,",2016,recap,Fri,2015,Clippers,Knicks,away,116-88,0&1,-2.0,205.0,28,26.0,-1.0,12.5,-13.5,W,W,U,"0
Jan","22,",2016,recap,Fri,2015,Lakers,Spurs,home,95-108,1&0,15.0,200.0,-13,2.0,3.0,2.5,0.5,L,W,O,"0
Jan","22,",2016,recap,Fri,2015,Spurs,Lakers,away,108-95,0&1,-15.0,200.0,13,-2.0,3.0,0.5,2.5,W,L,O,"0
Jan","22,",2016,recap,Fri,2015,Magic,Hornets,home,116-120,1&1,-4.0,196.0,-4,-8.0,40.0,16.0,24.0,L,L,O,"1
Jan","22,",2016,recap,Fri,2015,Hornets,Magic,away,120-116,1&1,4.0,196.0,4,8.0,40.0,24.0,16.0,W,W,O,"1
Jan","22,",2016,recap,Fri,2015,Mavericks,Thunder,home,106-109,1&1,6.0,207.0,-3,3.0,8.0,5.5,2.5,L,W,O,"0
Jan","22,",2016,recap,Fri,2015,Thunder,Mavericks,away,109-106,1&1,-6.0,207.0,3,-3.0,8.0,2.5,5.5,W,L,O,"0
Jan","22,",2016,recap,Fri,2015,Nets,Jazz,home,86-108,1&1,6.0,189.0,-22,-16.0,5.0,-5.5,10.5,L,L,O,"0
Jan","22,",2016,recap,Fri,2015,Jazz,Nets,away,108-86,1&1,-6.0,189.0,22,16.0,5.0,10.5,-5.5,W,W,O,"0
Jan","22,",2016,recap,Fri,2015,Raptors,Heat,home,101-81,1&1,-11.0,187.0,20,9.0,-5.0,2.0,-7.0,W,W,U,"0
Jan","22,",2016,recap,Fri,2015,Heat,Raptors,away,81-101,1&1,11.0,187.0,-20,-9.0,-5.0,-7.0,2.0,L,L,U,"0
Jan","22,",2016,recap,Fri,2015,Rockets,Bucks,home,102-98,1&2,-3.0,209.0,4,1.0,-9.0,-4.0,-5.0,W,W,U,"0
Jan","22,",2016,recap,Fri,2015,Bucks,Rockets,away,98-102,2&1,3.0,209.0,-4,-1.0,-9.0,-5.0,-4.0,L,L,U,"0
Jan","22,",2016,recap,Fri,2015,Warriors,Pacers,home,122-110,1&2,-12.5,216.5,12,-0.5,15.5,7.5,8.0,W,L,O,"0
Jan","22,",2016,recap,Fri,2015,Pacers,Warriors,away,110-122,2&1,12.5,216.5,-12,0.5,15.5,8.0,7.5,L,W,O,0
