Date,Link,Day,Season,Team,Opp,Site,Final,Rest,Line,Total,SUm,ATSm,OUm,DPS,DPA,SUr,ATSr,OUr,"ot
Dec","20,",2016,recap,Tue,2016,Bucks,Cavaliers,home,108-114,3&2,3.5,212.5,-6,-2.5,9.5,3.5,6.0,L,L,O,"1
Dec","20,",2016,recap,Tue,2016,Cavaliers,Bucks,away,114-108,2&3,-3.5,212.5,6,2.5,9.5,6.0,3.5,W,W,O,"1
Dec","20,",2016,recap,Tue,2016,Clippers,Nuggets,home,119-102,1&0,-9.0,218.0,17,8.0,3.0,5.5,-2.5,W,W,O,"0
Dec","20,",2016,recap,Tue,2016,Nuggets,Clippers,away,102-119,0&1,9.0,218.0,-17,-8.0,3.0,-2.5,5.5,L,L,O,"0
Dec","20,",2016,recap,Tue,2016,Grizzlies,Celtics,home,109-112,1&1,2.5,194.5,-3,-0.5,26.5,13.0,13.5,L,L,O,"1
Dec","20,",2016,recap,Tue,2016,Celtics,Grizzlies,away,112-109,1&1,-2.5,194.5,3,0.5,26.5,13.5,13.0,W,W,O,"1
Dec","20,",2016,recap,Tue,2016,Heat,Magic,home,130-136,1&1,-3.0,199.0,-6,-9.0,67.0,29.0,38.0,L,L,O,"2
Dec","20,",2016,recap,Tue,2016,Magic,Heat,away,136-130,1&1,3.0,199.0,6,9.0,67.0,38.0,29.0,W,W,O,"2
Dec","20,",2016,recap,Tue,2016,Hornets,Lakers,home,117-113,2&2,-8.5,214.0,4,-4.5,16.0,5.8,10.2,W,L,O,"0
Dec","20,",2016,recap,Tue,2016,Lakers,Hornets,away,113-117,2&2,8.5,214.0,-4,4.5,16.0,10.2,5.8,L,W,O,"0
Dec","20,",2016,recap,Tue,2016,Kings,Trailblazers,home,126-121,1&2,0.0,217.5,5,5.0,29.5,17.2,12.2,W,W,O,"0
Dec","20,",2016,recap,Tue,2016,Trailblazers,Kings,away,121-126,2&1,0.0,217.5,-5,-5.0,29.5,12.2,17.2,L,L,O,"0
Dec","20,",2016,recap,Tue,2016,Knicks,Pacers,home,118-111,2&0,-5.5,211.0,7,1.5,18.0,9.8,8.2,W,W,O,"0
Dec","20,",2016,recap,Tue,2016,Pacers,Knicks,away,111-118,0&2,5.5,211.0,-7,-1.5,18.0,8.2,9.8,L,L,O,"0
Dec","20,",2016,recap,Tue,2016,Raptors,Nets,home,116-104,1&1,-15.0,224.0,12,-3.0,-4.0,-3.5,-0.5,W,L,U,"0
Dec","20,",2016,recap,Tue,2016,Nets,Raptors,away,104-116,1&1,15.0,224.0,-12,3.0,-4.0,-0.5,-3.5,L,W,U,"0
Dec","20,",2016,recap,Tue,2016,Rockets,Spurs,home,100-102,2&1,0.0,213.5,-2,-2.0,-11.5,-6.8,-4.8,L,L,U,"0
Dec","20,",2016,recap,Tue,2016,Spurs,Rockets,away,102-100,1&2,-0.0,213.5,2,2.0,-11.5,-4.8,-6.8,W,W,U,"0
Dec","20,",2016,recap,Tue,2016,Seventysixers,Pelicans,home,93-108,1&1,3.5,208.0,-15,-11.5,-7.0,-9.2,2.2,L,L,U,"0
Dec","20,",2016,recap,Tue,2016,Pelicans,Seventysixers,away,108-93,1&1,-3.5,208.0,15,11.5,-7.0,2.2,-9.2,W,W,U,"0
Dec","20,",2016,recap,Tue,2016,Warriors,Jazz,home,104-74,2&1,-12.5,209.5,30,17.5,-31.5,-7.0,-24.5,W,W,U,"0
Dec","20,",2016,recap,Tue,2016,Jazz,Warriors,away,74-104,1&2,12.5,209.5,-30,-17.5,-31.5,-24.5,-7.0,L,L,U,0
