Date,Link,Day,Season,Team,Opp,Site,Final,Rest,Line,Total,SUm,ATSm,OUm,DPS,DPA,SUr,ATSr,OUr,"ot
Dec","17,",2016,recap,Sat,2016,Cavaliers,Lakers,home,119-108,2&0,-15.0,219.5,11,-4.0,7.5,1.8,5.8,W,L,O,"0
Dec","17,",2016,recap,Sat,2016,Lakers,Cavaliers,away,108-119,0&2,15.0,219.5,-11,4.0,7.5,5.8,1.8,L,W,O,"0
Dec","17,",2016,recap,Sat,2016,Hawks,Hornets,home,99-107,0&0,-2.0,207.0,-8,-10.0,-1.0,-5.5,4.5,L,L,U,"0
Dec","17,",2016,recap,Sat,2016,Hornets,Hawks,away,107-99,0&0,2.0,207.0,8,10.0,-1.0,4.5,-5.5,W,W,U,"0
Dec","17,",2016,recap,Sat,2016,Nuggets,Knicks,home,127-114,1&1,-4.0,215.5,13,9.0,25.5,17.2,8.2,W,W,O,"0
Dec","17,",2016,recap,Sat,2016,Knicks,Nuggets,away,114-127,1&1,4.0,215.5,-13,-9.0,25.5,8.2,17.2,L,L,O,"0
Dec","17,",2016,recap,Sat,2016,Pistons,Pacers,home,90-105,0&1,-4.0,200.0,-15,-19.0,-5.0,-12.0,7.0,L,L,U,"0
Dec","17,",2016,recap,Sat,2016,Pacers,Pistons,away,105-90,1&0,4.0,200.0,15,19.0,-5.0,7.0,-12.0,W,W,U,"0
Dec","17,",2016,recap,Sat,2016,Thunder,Suns,home,114-101,2&1,-7.0,215.0,13,6.0,0.0,3.0,-3.0,W,W,P,"0
Dec","17,",2016,recap,Sat,2016,Suns,Thunder,away,101-114,1&2,7.0,215.0,-13,-6.0,0.0,-3.0,3.0,L,L,P,"0
Dec","17,",2016,recap,Sat,2016,Timberwolves,Rockets,home,109-111,3&0,2.5,220.0,-2,0.5,0.0,0.2,-0.2,L,W,P,"1
Dec","17,",2016,recap,Sat,2016,Rockets,Timberwolves,away,111-109,0&3,-2.5,220.0,2,-0.5,0.0,-0.2,0.2,W,L,P,"1
Dec","17,",2016,recap,Sat,2016,Warriors,Trailblazers,home,135-90,1&1,-14.5,231.0,45,30.5,-6.0,12.2,-18.2,W,W,U,"0
Dec","17,",2016,recap,Sat,2016,Trailblazers,Warriors,away,90-135,1&1,14.5,231.0,-45,-30.5,-6.0,-18.2,12.2,L,L,U,0
