Date,Link,Day,Season,Team,Opp,Site,Final,Rest,Line,Total,SUm,ATSm,OUm,DPS,DPA,SUr,ATSr,OUr,"ot
Jan","08,",2016,recap,Fri,2015,Bucks,Mavericks,home,96-95,2&1,0.0,203.5,1,1.0,-12.5,-5.8,-6.8,W,W,U,"0
Jan","08,",2016,recap,Fri,2015,Mavericks,Bucks,away,95-96,1&2,-0.0,203.5,-1,-1.0,-12.5,-6.8,-5.8,L,L,U,"0
Jan","08,",2016,recap,Fri,2015,Grizzlies,Nuggets,home,91-84,1&1,-6.0,190.5,7,1.0,-15.5,-7.2,-8.2,W,W,U,"0
Jan","08,",2016,recap,Fri,2015,Nuggets,Grizzlies,away,84-91,1&1,6.0,190.5,-7,-1.0,-15.5,-8.2,-7.2,L,L,U,"0
Jan","08,",2016,recap,Fri,2015,Lakers,Thunder,home,113-117,0&1,14.0,211.0,-4,10.0,19.0,14.5,4.5,L,W,O,"0
Jan","08,",2016,recap,Fri,2015,Thunder,Lakers,away,117-113,1&0,-14.0,211.0,4,-10.0,19.0,4.5,14.5,W,L,O,"0
Jan","08,",2016,recap,Fri,2015,Nets,Magic,home,77-83,1&1,4.5,192.0,-6,-1.5,-32.0,-16.8,-15.2,L,L,U,"0
Jan","08,",2016,recap,Fri,2015,Magic,Nets,away,83-77,1&1,-4.5,192.0,6,1.5,-32.0,-15.2,-16.8,W,W,U,"0
Jan","08,",2016,recap,Fri,2015,Pelicans,Pacers,home,86-91,1&1,2.0,204.0,-5,-3.0,-27.0,-15.0,-12.0,L,L,U,"0
Jan","08,",2016,recap,Fri,2015,Pacers,Pelicans,away,91-86,1&1,-2.0,204.0,5,3.0,-27.0,-12.0,-15.0,W,W,U,"0
Jan","08,",2016,recap,Fri,2015,Spurs,Knicks,home,100-99,1&1,-14.0,196.5,1,-13.0,2.5,-5.2,7.8,W,L,O,"0
Jan","08,",2016,recap,Fri,2015,Knicks,Spurs,away,99-100,1&1,14.0,196.5,-1,13.0,2.5,7.8,-5.2,L,W,O,"0
Jan","08,",2016,recap,Fri,2015,Suns,Heat,home,95-103,1&1,5.0,197.0,-8,-3.0,1.0,-1.0,2.0,L,L,O,"0
Jan","08,",2016,recap,Fri,2015,Heat,Suns,away,103-95,1&1,-5.0,197.0,8,3.0,1.0,2.0,-1.0,W,W,O,"0
Jan","08,",2016,recap,Fri,2015,Timberwolves,Cavaliers,home,99-125,1&1,10.5,197.5,-26,-15.5,26.5,5.5,21.0,L,L,O,"0
Jan","08,",2016,recap,Fri,2015,Cavaliers,Timberwolves,away,125-99,1&1,-10.5,197.5,26,15.5,26.5,21.0,5.5,W,W,O,"0
Jan","08,",2016,recap,Fri,2015,Trailblazers,Warriors,home,108-128,1&2,9.5,213.0,-20,-10.5,23.0,6.2,16.8,L,L,O,"0
Jan","08,",2016,recap,Fri,2015,Warriors,Trailblazers,away,128-108,2&1,-9.5,213.0,20,10.5,23.0,16.8,6.2,W,W,O,"0
Jan","08,",2016,recap,Fri,2015,Wizards,Raptors,home,88-97,1&1,2.0,202.5,-9,-7.0,-17.5,-12.2,-5.2,L,L,U,"0
Jan","08,",2016,recap,Fri,2015,Raptors,Wizards,away,97-88,1&1,-2.0,202.5,9,7.0,-17.5,-5.2,-12.2,W,W,U,0
