Date,Link,Day,Season,Team,Opp,Site,Final,Rest,Line,Total,SUm,ATSm,OUm,DPS,DPA,SUr,ATSr,OUr,"ot
Mar","23,",2016,recap,Wed,2015,Bulls,Knicks,home,107-115,1&2,-8.5,203.5,-8,-16.5,18.5,1.0,17.5,L,L,O,"0
Mar","23,",2016,recap,Wed,2015,Knicks,Bulls,away,115-107,2&1,8.5,203.5,8,16.5,18.5,17.5,1.0,W,W,O,"0
Mar","23,",2016,recap,Wed,2015,Cavaliers,Bucks,home,113-104,1&1,-11.0,208.0,9,-2.0,9.0,3.5,5.5,W,L,O,"0
Mar","23,",2016,recap,Wed,2015,Bucks,Cavaliers,away,104-113,1&1,11.0,208.0,-9,2.0,9.0,5.5,3.5,L,W,O,"0
Mar","23,",2016,recap,Wed,2015,Celtics,Raptors,home,91-79,1&2,-3.0,206.5,12,9.0,-36.5,-13.8,-22.8,W,W,U,"0
Mar","23,",2016,recap,Wed,2015,Raptors,Celtics,away,79-91,2&1,3.0,206.5,-12,-9.0,-36.5,-22.8,-13.8,L,L,U,"0
Mar","23,",2016,recap,Wed,2015,Nuggets,Seventysixers,home,104-103,1&1,-8.5,213.0,1,-7.5,-6.0,-6.8,0.8,W,L,U,"0
Mar","23,",2016,recap,Wed,2015,Seventysixers,Nuggets,away,103-104,1&1,8.5,213.0,-1,7.5,-6.0,0.8,-6.8,L,W,U,"0
Mar","23,",2016,recap,Wed,2015,Pistons,Magic,home,118-102,1&1,-6.5,208.0,16,9.5,12.0,10.8,1.2,W,W,O,"0
Mar","23,",2016,recap,Wed,2015,Magic,Pistons,away,102-118,1&1,6.5,208.0,-16,-9.5,12.0,1.2,10.8,L,L,O,"0
Mar","23,",2016,recap,Wed,2015,Rockets,Jazz,home,87-89,0&2,-2.0,200.0,-2,-4.0,-24.0,-14.0,-10.0,L,L,U,"0
Mar","23,",2016,recap,Wed,2015,Jazz,Rockets,away,89-87,2&0,2.0,200.0,2,4.0,-24.0,-10.0,-14.0,W,W,U,"0
Mar","23,",2016,recap,Wed,2015,Spurs,Heat,home,112-88,1&0,-11.5,197.0,24,12.5,3.0,7.8,-4.8,W,W,O,"0
Mar","23,",2016,recap,Wed,2015,Heat,Spurs,away,88-112,0&1,11.5,197.0,-24,-12.5,3.0,-4.8,7.8,L,L,O,"0
Mar","23,",2016,recap,Wed,2015,Suns,Lakers,home,119-107,1&0,-5.0,212.0,12,7.0,14.0,10.5,3.5,W,W,O,"0
Mar","23,",2016,recap,Wed,2015,Lakers,Suns,away,107-119,0&1,5.0,212.0,-12,-7.0,14.0,3.5,10.5,L,L,O,"0
Mar","23,",2016,recap,Wed,2015,Timberwolves,Kings,home,113-104,1&1,-4.5,222.0,9,4.5,-5.0,-0.2,-4.8,W,W,U,"0
Mar","23,",2016,recap,Wed,2015,Kings,Timberwolves,away,104-113,1&1,4.5,222.0,-9,-4.5,-5.0,-4.8,-0.2,L,L,U,"0
Mar","23,",2016,recap,Wed,2015,Trailblazers,Mavericks,home,109-103,2&2,-6.0,212.5,6,0.0,-0.5,-0.2,-0.2,W,P,U,"0
Mar","23,",2016,recap,Wed,2015,Mavericks,Trailblazers,away,103-109,2&2,6.0,212.5,-6,0.0,-0.5,-0.2,-0.2,L,P,U,"0
Mar","23,",2016,recap,Wed,2015,Warriors,Clippers,home,114-98,1&2,-10.0,223.5,16,6.0,-11.5,-2.8,-8.8,W,W,U,"0
Mar","23,",2016,recap,Wed,2015,Clippers,Warriors,away,98-114,2&1,10.0,223.5,-16,-6.0,-11.5,-8.8,-2.8,L,L,U,"0
Mar","23,",2016,recap,Wed,2015,Wizards,Hawks,home,101-122,1&1,-1.0,209.0,-21,-22.0,14.0,-4.0,18.0,L,L,O,"0
Mar","23,",2016,recap,Wed,2015,Hawks,Wizards,away,122-101,1&1,1.0,209.0,21,22.0,14.0,18.0,-4.0,W,W,O,0
