Date,Link,Day,Season,Team,Opp,Site,Final,Rest,Line,Total,SUm,ATSm,OUm,DPS,DPA,SUr,ATSr,OUr,"ot
Mar","07,",2016,recap,Mon,2015,Bulls,Bucks,home,100-90,1&0,-6.0,210.5,10,4.0,-20.5,-8.2,-12.2,W,W,U,"0
Mar","07,",2016,recap,Mon,2015,Bucks,Bulls,away,90-100,0&1,6.0,210.5,-10,-4.0,-20.5,-12.2,-8.2,L,L,U,"0
Mar","07,",2016,recap,Mon,2015,Cavaliers,Grizzlies,home,103-106,1&0,-13.0,203.0,-3,-16.0,6.0,-5.0,11.0,L,L,O,"0
Mar","07,",2016,recap,Mon,2015,Grizzlies,Cavaliers,away,106-103,0&1,13.0,203.0,3,16.0,6.0,11.0,-5.0,W,W,O,"0
Mar","07,",2016,recap,Mon,2015,Hornets,Timberwolves,home,108-103,2&1,-9.5,213.5,5,-4.5,-2.5,-3.5,1.0,W,L,U,"0
Mar","07,",2016,recap,Mon,2015,Timberwolves,Hornets,away,103-108,1&2,9.5,213.5,-5,4.5,-2.5,1.0,-3.5,L,W,U,"0
Mar","07,",2016,recap,Mon,2015,Mavericks,Clippers,home,90-109,0&1,5.5,210.0,-19,-13.5,-11.0,-12.2,1.2,L,L,U,"0
Mar","07,",2016,recap,Mon,2015,Clippers,Mavericks,away,109-90,1&0,-5.5,210.0,19,13.5,-11.0,1.2,-12.2,W,W,U,"0
Mar","07,",2016,recap,Mon,2015,Pacers,Spurs,home,99-91,1&1,6.5,196.0,8,14.5,-6.0,4.2,-10.2,W,W,U,"0
Mar","07,",2016,recap,Mon,2015,Spurs,Pacers,away,91-99,1&1,-6.5,196.0,-8,-14.5,-6.0,-10.2,4.2,L,L,U,"0
Mar","07,",2016,recap,Mon,2015,Pelicans,Kings,home,115-112,1&1,0.0,220.0,3,3.0,7.0,5.0,2.0,W,W,O,"0
Mar","07,",2016,recap,Mon,2015,Kings,Pelicans,away,112-115,1&1,-0.0,220.0,-3,-3.0,7.0,2.0,5.0,L,L,O,"0
Mar","07,",2016,recap,Mon,2015,Warriors,Magic,home,119-113,0&2,-14.0,225.5,6,-8.0,6.5,-0.8,7.2,W,L,O,"0
Mar","07,",2016,recap,Mon,2015,Magic,Warriors,away,113-119,2&0,14.0,225.5,-6,8.0,6.5,7.2,-0.8,L,W,O,0
