Date,Link,Day,Season,Team,Opp,Site,Final,Rest,Line,Total,SUm,ATSm,OUm,DPS,DPA,SUr,ATSr,OUr,"ot
Nov","12,",2016,recap,Sat,2016,Bucks,Grizzlies,home,106-96,1&3,-3.0,201.5,10,7.0,0.5,3.8,-3.2,W,W,O,"0
Nov","12,",2016,recap,Sat,2016,Grizzlies,Bucks,away,96-106,3&1,3.0,201.5,-10,-7.0,0.5,-3.2,3.8,L,L,O,"0
Nov","12,",2016,recap,Sat,2016,Bulls,Wizards,home,106-95,1&0,-10.0,201.0,11,1.0,0.0,0.5,-0.5,W,W,P,"0
Nov","12,",2016,recap,Sat,2016,Wizards,Bulls,away,95-106,0&1,10.0,201.0,-11,-1.0,0.0,-0.5,0.5,L,L,P,"0
Nov","12,",2016,recap,Sat,2016,Hawks,Seventysixers,home,117-96,2&0,-15.0,206.5,21,6.0,6.5,6.2,0.2,W,W,O,"0
Nov","12,",2016,recap,Sat,2016,Seventysixers,Hawks,away,96-117,0&2,15.0,206.5,-21,-6.0,6.5,0.2,6.2,L,L,O,"0
Nov","12,",2016,recap,Sat,2016,Heat,Jazz,home,91-102,1&0,2.5,186.5,-11,-8.5,6.5,-1.0,7.5,L,L,O,"0
Nov","12,",2016,recap,Sat,2016,Jazz,Heat,away,102-91,0&1,-2.5,186.5,11,8.5,6.5,7.5,-1.0,W,W,O,"0
Nov","12,",2016,recap,Sat,2016,Nuggets,Pistons,home,95-106,1&0,-5.0,202.5,-11,-16.0,-1.5,-8.8,7.2,L,L,U,"0
Nov","12,",2016,recap,Sat,2016,Pistons,Nuggets,away,106-95,0&1,5.0,202.5,11,16.0,-1.5,7.2,-8.8,W,W,U,"0
Nov","12,",2016,recap,Sat,2016,Pacers,Celtics,home,99-105,0&0,0.0,212.5,-6,-6.0,-8.5,-7.2,-1.2,L,L,U,"0
Nov","12,",2016,recap,Sat,2016,Celtics,Pacers,away,105-99,0&0,0.0,212.5,6,6.0,-8.5,-1.2,-7.2,W,W,U,"0
Nov","12,",2016,recap,Sat,2016,Pelicans,Lakers,home,99-126,1&1,1.0,215.5,-27,-26.0,9.5,-8.2,17.8,L,L,O,"0
Nov","12,",2016,recap,Sat,2016,Lakers,Pelicans,away,126-99,1&1,-1.0,215.5,27,26.0,9.5,17.8,-8.2,W,W,O,"0
Nov","12,",2016,recap,Sat,2016,Raptors,Knicks,home,118-107,0&0,-8.0,210.0,11,3.0,15.0,9.0,6.0,W,W,O,"0
Nov","12,",2016,recap,Sat,2016,Knicks,Raptors,away,107-118,0&0,8.0,210.0,-11,-3.0,15.0,6.0,9.0,L,L,O,"0
Nov","12,",2016,recap,Sat,2016,Rockets,Spurs,home,100-106,2&0,1.5,206.5,-6,-4.5,-0.5,-2.5,2.0,L,L,U,"0
Nov","12,",2016,recap,Sat,2016,Spurs,Rockets,away,106-100,0&2,-1.5,206.5,6,4.5,-0.5,2.0,-2.5,W,W,U,"0
Nov","12,",2016,recap,Sat,2016,Suns,Nets,home,104-122,2&2,-4.5,218.5,-18,-22.5,7.5,-7.5,15.0,L,L,O,"0
Nov","12,",2016,recap,Sat,2016,Nets,Suns,away,122-104,2&2,4.5,218.5,18,22.5,7.5,15.0,-7.5,W,W,O,"0
Nov","12,",2016,recap,Sat,2016,Timberwolves,Clippers,home,105-119,2&0,5.5,208.0,-14,-8.5,16.0,3.8,12.2,L,L,O,"0
Nov","12,",2016,recap,Sat,2016,Clippers,Timberwolves,away,119-105,0&2,-5.5,208.0,14,8.5,16.0,12.2,3.8,W,W,O,0
