Date,Link,Day,Season,Team,Opp,Site,Final,Rest,Line,Total,SUm,ATSm,OUm,DPS,DPA,SUr,ATSr,OUr,"ot
Nov","19,",2016,recap,Sat,2016,Bucks,Warriors,home,121-124,1&0,8.0,220.0,-3,5.0,25.0,15.0,10.0,L,W,O,"0
Nov","19,",2016,recap,Sat,2016,Warriors,Bucks,away,124-121,0&1,-8.0,220.0,3,-5.0,25.0,10.0,15.0,W,L,O,"0
Nov","19,",2016,recap,Sat,2016,Clippers,Bulls,home,102-95,0&1,-7.0,202.5,7,0.0,-5.5,-2.8,-2.8,W,P,U,"0
Nov","19,",2016,recap,Sat,2016,Bulls,Clippers,away,95-102,1&0,7.0,202.5,-7,0.0,-5.5,-2.8,-2.8,L,P,U,"0
Nov","19,",2016,recap,Sat,2016,Grizzlies,Timberwolves,home,93-71,0&1,1.0,200.0,22,23.0,-36.0,-6.5,-29.5,W,W,U,"0
Nov","19,",2016,recap,Sat,2016,Timberwolves,Grizzlies,away,71-93,1&0,-1.0,200.0,-22,-23.0,-36.0,-29.5,-6.5,L,L,U,"0
Nov","19,",2016,recap,Sat,2016,Magic,Mavericks,home,95-87,2&0,-8.0,180.0,8,0.0,2.0,1.0,1.0,W,P,O,"0
Nov","19,",2016,recap,Sat,2016,Mavericks,Magic,away,87-95,0&2,8.0,180.0,-8,0.0,2.0,1.0,1.0,L,P,O,"0
Nov","19,",2016,recap,Sat,2016,Pelicans,Hornets,home,121-116,0&0,2.5,207.5,5,7.5,29.5,18.5,11.0,W,W,O,"1
Nov","19,",2016,recap,Sat,2016,Hornets,Pelicans,away,116-121,0&0,-2.5,207.5,-5,-7.5,29.5,11.0,18.5,L,L,O,"1
Nov","19,",2016,recap,Sat,2016,Pistons,Celtics,home,92-94,0&0,-2.5,198.0,-2,-4.5,-12.0,-8.2,-3.8,L,L,U,"0
Nov","19,",2016,recap,Sat,2016,Celtics,Pistons,away,94-92,0&0,2.5,198.0,2,4.5,-12.0,-3.8,-8.2,W,W,U,"0
Nov","19,",2016,recap,Sat,2016,Rockets,Jazz,home,111-102,1&1,-7.0,201.0,9,2.0,12.0,7.0,5.0,W,W,O,"0
Nov","19,",2016,recap,Sat,2016,Jazz,Rockets,away,102-111,1&1,7.0,201.0,-9,-2.0,12.0,5.0,7.0,L,L,O,"0
Nov","19,",2016,recap,Sat,2016,Seventysixers,Suns,home,120-105,1&0,2.0,213.0,15,17.0,12.0,14.5,-2.5,W,W,O,"0
Nov","19,",2016,recap,Sat,2016,Suns,Seventysixers,away,105-120,0&1,-2.0,213.0,-15,-17.0,12.0,-2.5,14.5,L,L,O,"0
Nov","19,",2016,recap,Sat,2016,Wizards,Heat,home,111-114,1&1,-5.0,199.0,-3,-8.0,26.0,9.0,17.0,L,L,O,"0
Nov","19,",2016,recap,Sat,2016,Heat,Wizards,away,114-111,1&1,5.0,199.0,3,8.0,26.0,17.0,9.0,W,W,O,0
