Date,Link,Day,Season,Team,Opp,Site,Final,Rest,Line,Total,SUm,ATSm,OUm,DPS,DPA,SUr,ATSr,OUr,"ot
Nov","21,",2016,recap,Mon,2016,Bucks,Magic,home,93-89,1&1,-6.0,202.0,4,-2.0,-20.0,-11.0,-9.0,W,L,U,"0
Nov","21,",2016,recap,Mon,2016,Magic,Bucks,away,89-93,1&1,6.0,202.0,-4,2.0,-20.0,-9.0,-11.0,L,W,U,"0
Nov","21,",2016,recap,Mon,2016,Clippers,Raptors,home,123-115,1&0,-8.5,210.0,8,-0.5,28.0,13.8,14.2,W,L,O,"0
Nov","21,",2016,recap,Mon,2016,Raptors,Clippers,away,115-123,0&1,8.5,210.0,-8,0.5,28.0,14.2,13.8,L,W,O,"0
Nov","21,",2016,recap,Mon,2016,Hornets,Grizzlies,home,90-105,1&1,-5.0,196.5,-15,-20.0,-1.5,-10.8,9.2,L,L,U,"0
Nov","21,",2016,recap,Mon,2016,Grizzlies,Hornets,away,105-90,1&1,5.0,196.5,15,20.0,-1.5,9.2,-10.8,W,W,U,"0
Nov","21,",2016,recap,Mon,2016,Pacers,Warriors,home,83-120,0&1,14.5,218.0,-37,-22.5,-15.0,-18.8,3.8,L,L,U,"0
Nov","21,",2016,recap,Mon,2016,Warriors,Pacers,away,120-83,1&0,-14.5,218.0,37,22.5,-15.0,3.8,-18.8,W,W,U,"0
Nov","21,",2016,recap,Mon,2016,Pistons,Rockets,home,96-99,1&1,2.5,206.0,-3,-0.5,-11.0,-5.8,-5.2,L,L,U,"0
Nov","21,",2016,recap,Mon,2016,Rockets,Pistons,away,99-96,1&1,-2.5,206.0,3,0.5,-11.0,-5.2,-5.8,W,W,U,"0
Nov","21,",2016,recap,Mon,2016,Seventysixers,Heat,home,101-94,1&1,4.5,199.0,7,11.5,-4.0,3.8,-7.8,W,W,U,"0
Nov","21,",2016,recap,Mon,2016,Heat,Seventysixers,away,94-101,1&1,-4.5,199.0,-7,-11.5,-4.0,-7.8,3.8,L,L,U,"0
Nov","21,",2016,recap,Mon,2016,Spurs,Mavericks,home,96-91,2&1,-15.0,186.5,5,-10.0,0.5,-4.8,5.2,W,L,O,"0
Nov","21,",2016,recap,Mon,2016,Mavericks,Spurs,away,91-96,1&2,15.0,186.5,-5,10.0,0.5,5.2,-4.8,L,W,O,"0
Nov","21,",2016,recap,Mon,2016,Timberwolves,Celtics,home,93-99,1&1,2.0,207.0,-6,-4.0,-15.0,-9.5,-5.5,L,L,U,"0
Nov","21,",2016,recap,Mon,2016,Celtics,Timberwolves,away,99-93,1&1,-2.0,207.0,6,4.0,-15.0,-5.5,-9.5,W,W,U,"0
Nov","21,",2016,recap,Mon,2016,Wizards,Suns,home,106-101,1&1,-7.5,218.0,5,-2.5,-11.0,-6.8,-4.2,W,L,U,"0
Nov","21,",2016,recap,Mon,2016,Suns,Wizards,away,101-106,1&1,7.5,218.0,-5,2.5,-11.0,-4.2,-6.8,L,W,U,0
