Date,Link,Day,Season,Team,Opp,Site,Final,Rest,Line,Total,SUm,ATSm,OUm,DPS,DPA,SUr,ATSr,OUr,"ot
Apr","02,",2016,recap,Sat,2015,Bulls,Pistons,home,90-94,1&0,-2.5,205.5,-4,-6.5,-21.5,-14.0,-7.5,L,L,U,"0
Apr","02,",2016,recap,Sat,2015,Pistons,Bulls,away,94-90,0&1,2.5,205.5,4,6.5,-21.5,-7.5,-14.0,W,W,U,"0
Apr","02,",2016,recap,Sat,2015,Nuggets,Kings,home,106-115,1&0,-9.0,217.5,-9,-18.0,3.5,-7.2,10.8,L,L,O,"0
Apr","02,",2016,recap,Sat,2015,Kings,Nuggets,away,115-106,0&1,9.0,217.5,9,18.0,3.5,10.8,-7.2,W,W,O,"0
Apr","02,",2016,recap,Sat,2015,Seventysixers,Pacers,home,102-115,0&1,10.5,203.5,-13,-2.5,13.5,5.5,8.0,L,L,O,"0
Apr","02,",2016,recap,Sat,2015,Pacers,Seventysixers,away,115-102,1&0,-10.5,203.5,13,2.5,13.5,8.0,5.5,W,W,O,"0
Apr","02,",2016,recap,Sat,2015,Spurs,Raptors,home,102-95,2&0,-12.0,196.5,7,-5.0,0.5,-2.2,2.8,W,L,O,"0
Apr","02,",2016,recap,Sat,2015,Raptors,Spurs,away,95-102,0&2,12.0,196.5,-7,5.0,0.5,2.8,-2.2,L,W,O,"0
Apr","02,",2016,recap,Sat,2015,Trailblazers,Heat,home,110-93,1&0,-6.0,209.0,17,11.0,-6.0,2.5,-8.5,W,W,U,"0
Apr","02,",2016,recap,Sat,2015,Heat,Trailblazers,away,93-110,0&1,6.0,209.0,-17,-11.0,-6.0,-8.5,2.5,L,L,U,0
