Date,Link,Day,Season,Team,Opp,Site,Final,Rest,Line,Total,SUm,ATSm,OUm,DPS,DPA,SUr,ATSr,OUr,"ot
Jan","12,",2016,recap,Tue,2015,Bucks,Bulls,home,106-101,1&0,3.0,203.0,5,8.0,4.0,6.0,-2.0,W,W,O,"0
Jan","12,",2016,recap,Tue,2015,Bulls,Bucks,away,101-106,0&1,-3.0,203.0,-5,-8.0,4.0,-2.0,6.0,L,L,O,"0
Jan","12,",2016,recap,Tue,2015,Grizzlies,Rockets,home,91-107,1&1,1.5,197.0,-16,-14.5,1.0,-6.8,7.8,L,L,O,"0
Jan","12,",2016,recap,Tue,2015,Rockets,Grizzlies,away,107-91,1&1,-1.5,197.0,16,14.5,1.0,7.8,-6.8,W,W,O,"0
Jan","12,",2016,recap,Tue,2015,Knicks,Celtics,home,120-114,1&1,0.0,200.5,6,6.0,33.5,19.8,13.8,W,W,O,"0
Jan","12,",2016,recap,Tue,2015,Celtics,Knicks,away,114-120,1&1,-0.0,200.5,-6,-6.0,33.5,13.8,19.8,L,L,O,"0
Jan","12,",2016,recap,Tue,2015,Lakers,Pelicans,home,95-91,1&1,2.0,203.5,4,6.0,-17.5,-5.8,-11.8,W,W,U,"0
Jan","12,",2016,recap,Tue,2015,Pelicans,Lakers,away,91-95,1&1,-2.0,203.5,-4,-6.0,-17.5,-11.8,-5.8,L,L,U,"0
Jan","12,",2016,recap,Tue,2015,Mavericks,Cavaliers,home,107-110,1&1,5.5,198.5,-3,2.5,18.5,10.5,8.0,L,W,O,"1
Jan","12,",2016,recap,Tue,2015,Cavaliers,Mavericks,away,110-107,1&1,-5.5,198.5,3,-2.5,18.5,8.0,10.5,W,L,O,"1
Jan","12,",2016,recap,Tue,2015,Pacers,Suns,home,116-97,1&3,-11.5,206.0,19,7.5,7.0,7.2,-0.2,W,W,O,"0
Jan","12,",2016,recap,Tue,2015,Suns,Pacers,away,97-116,3&1,11.5,206.0,-19,-7.5,7.0,-0.2,7.2,L,L,O,"0
Jan","12,",2016,recap,Tue,2015,Pistons,Spurs,home,99-109,2&0,7.0,196.0,-10,-3.0,12.0,4.5,7.5,L,L,O,"0
Jan","12,",2016,recap,Tue,2015,Spurs,Pistons,away,109-99,0&2,-7.0,196.0,10,3.0,12.0,7.5,4.5,W,W,O,"0
Jan","12,",2016,recap,Tue,2015,Timberwolves,Thunder,home,96-101,1&1,10.5,209.0,-5,5.5,-12.0,-3.2,-8.8,L,W,U,"0
Jan","12,",2016,recap,Tue,2015,Thunder,Timberwolves,away,101-96,1&1,-10.5,209.0,5,-5.5,-12.0,-8.8,-3.2,W,L,U,0
