Date,Link,Day,Season,Team,Opp,Site,Final,Rest,Line,Total,SUm,ATSm,OUm,DPS,DPA,SUr,ATSr,OUr,"ot
Jan","06,",2016,recap,Wed,2015,Celtics,Pistons,home,94-99,1&1,-3.5,202.0,-5,-8.5,-9.0,-8.8,-0.2,L,L,U,"0
Jan","06,",2016,recap,Wed,2015,Pistons,Celtics,away,99-94,1&1,3.5,202.0,5,8.5,-9.0,-0.2,-8.8,W,W,U,"0
Jan","06,",2016,recap,Wed,2015,Heat,Knicks,home,90-98,1&0,-7.5,193.0,-8,-15.5,-5.0,-10.2,5.2,L,L,U,"0
Jan","06,",2016,recap,Wed,2015,Knicks,Heat,away,98-90,0&1,7.5,193.0,8,15.5,-5.0,5.2,-10.2,W,W,U,"0
Jan","06,",2016,recap,Wed,2015,Magic,Pacers,home,86-95,1&1,3.0,198.5,-9,-6.0,-17.5,-11.8,-5.8,L,L,U,"0
Jan","06,",2016,recap,Wed,2015,Pacers,Magic,away,95-86,1&1,-3.0,198.5,9,6.0,-17.5,-5.8,-11.8,W,W,U,"0
Jan","06,",2016,recap,Wed,2015,Nets,Raptors,home,74-91,1&1,7.0,195.5,-17,-10.0,-30.5,-20.2,-10.2,L,L,U,"0
Jan","06,",2016,recap,Wed,2015,Raptors,Nets,away,91-74,1&1,-7.0,195.5,17,10.0,-30.5,-10.2,-20.2,W,W,U,"0
Jan","06,",2016,recap,Wed,2015,Pelicans,Mavericks,home,91-100,3&0,-6.0,202.5,-9,-15.0,-11.5,-13.2,1.8,L,L,U,"0
Jan","06,",2016,recap,Wed,2015,Mavericks,Pelicans,away,100-91,0&3,6.0,202.5,9,15.0,-11.5,1.8,-13.2,W,W,U,"0
Jan","06,",2016,recap,Wed,2015,Spurs,Jazz,home,123-98,1&1,-15.5,185.0,25,9.5,36.0,22.8,13.2,W,W,O,"0
Jan","06,",2016,recap,Wed,2015,Jazz,Spurs,away,98-123,1&1,15.5,185.0,-25,-9.5,36.0,13.2,22.8,L,L,O,"0
Jan","06,",2016,recap,Wed,2015,Suns,Hornets,home,111-102,2&1,2.0,204.5,9,11.0,8.5,9.8,-1.2,W,W,O,"0
Jan","06,",2016,recap,Wed,2015,Hornets,Suns,away,102-111,1&2,-2.0,204.5,-9,-11.0,8.5,-1.2,9.8,L,L,O,"0
Jan","06,",2016,recap,Wed,2015,Thunder,Grizzlies,home,112-94,1&1,-8.0,199.0,18,10.0,7.0,8.5,-1.5,W,W,O,"0
Jan","06,",2016,recap,Wed,2015,Grizzlies,Thunder,away,94-112,1&1,8.0,199.0,-18,-10.0,7.0,-1.5,8.5,L,L,O,"0
Jan","06,",2016,recap,Wed,2015,Timberwolves,Nuggets,home,74-78,1&2,-3.0,202.5,-4,-7.0,-50.5,-28.8,-21.8,L,L,U,"0
Jan","06,",2016,recap,Wed,2015,Nuggets,Timberwolves,away,78-74,2&1,3.0,202.5,4,7.0,-50.5,-21.8,-28.8,W,W,U,"0
Jan","06,",2016,recap,Wed,2015,Trailblazers,Clippers,home,98-109,1&3,4.0,205.5,-11,-7.0,1.5,-2.8,4.2,L,L,O,"0
Jan","06,",2016,recap,Wed,2015,Clippers,Trailblazers,away,109-98,3&1,-4.0,205.5,11,7.0,1.5,4.2,-2.8,W,W,O,"0
Jan","06,",2016,recap,Wed,2015,Wizards,Cavaliers,home,115-121,2&1,7.5,202.0,-6,1.5,34.0,17.8,16.2,L,W,O,"0
Jan","06,",2016,recap,Wed,2015,Cavaliers,Wizards,away,121-115,1&2,-7.5,202.0,6,-1.5,34.0,16.2,17.8,W,L,O,0
