Date,Link,Day,Season,Team,Opp,Site,Final,Rest,Line,Total,SUm,ATSm,OUm,DPS,DPA,SUr,ATSr,OUr,"ot
Jan","19,",2016,recap,Tue,2015,Heat,Bucks,home,79-91,1&2,-4.5,195.0,-12,-16.5,-25.0,-20.8,-4.2,L,L,U,"0
Jan","19,",2016,recap,Tue,2015,Bucks,Heat,away,91-79,2&1,4.5,195.0,12,16.5,-25.0,-4.2,-20.8,W,W,U,"0
Jan","19,",2016,recap,Tue,2015,Nuggets,Thunder,home,104-110,1&1,8.5,213.5,-6,2.5,0.5,1.5,-1.0,L,W,O,"0
Jan","19,",2016,recap,Tue,2015,Thunder,Nuggets,away,110-104,1&1,-8.5,213.5,6,-2.5,0.5,-1.0,1.5,W,L,O,"0
Jan","19,",2016,recap,Tue,2015,Pelicans,Timberwolves,home,114-99,0&1,-5.5,204.0,15,9.5,9.0,9.2,-0.2,W,W,O,"0
Jan","19,",2016,recap,Tue,2015,Timberwolves,Pelicans,away,99-114,1&0,5.5,204.0,-15,-9.5,9.0,-0.2,9.2,L,L,O,"0
Jan","19,",2016,recap,Tue,2015,Suns,Pacers,home,94-97,1&1,6.5,207.5,-3,3.5,-16.5,-6.5,-10.0,L,W,U,"0
Jan","19,",2016,recap,Tue,2015,Pacers,Suns,away,97-94,1&1,-6.5,207.5,3,-3.5,-16.5,-10.0,-6.5,W,L,U,0
