Date,Link,Day,Season,Team,Opp,Site,Final,Rest,Line,Total,SUm,ATSm,OUm,DPS,DPA,SUr,ATSr,OUr,"ot
Dec","03,",2016,recap,Sat,2016,Bucks,Nets,home,112-103,1&1,-8.5,214.5,9,0.5,0.5,0.5,0.0,W,W,O,"0
Dec","03,",2016,recap,Sat,2016,Nets,Bucks,away,103-112,1&1,8.5,214.5,-9,-0.5,0.5,0.0,0.5,L,L,O,"0
Dec","03,",2016,recap,Sat,2016,Grizzlies,Lakers,home,103-100,1&0,-2.5,200.5,3,0.5,2.5,1.5,1.0,W,W,O,"0
Dec","03,",2016,recap,Sat,2016,Lakers,Grizzlies,away,100-103,0&1,2.5,200.5,-3,-0.5,2.5,1.0,1.5,L,L,O,"0
Dec","03,",2016,recap,Sat,2016,Hornets,Timberwolves,home,120-125,1&0,-5.5,210.5,-5,-10.5,34.5,12.0,22.5,L,L,O,"1
Dec","03,",2016,recap,Sat,2016,Timberwolves,Hornets,away,125-120,0&1,5.5,210.5,5,10.5,34.5,22.5,12.0,W,W,O,"1
Dec","03,",2016,recap,Sat,2016,Jazz,Nuggets,home,105-98,1&0,-7.0,201.5,7,0.0,1.5,0.8,0.8,W,P,O,"0
Dec","03,",2016,recap,Sat,2016,Nuggets,Jazz,away,98-105,0&1,7.0,201.5,-7,0.0,1.5,0.8,0.8,L,P,O,"0
Dec","03,",2016,recap,Sat,2016,Mavericks,Bulls,home,107-82,1&0,3.0,189.5,25,28.0,-0.5,13.8,-14.2,W,W,U,"0
Dec","03,",2016,recap,Sat,2016,Bulls,Mavericks,away,82-107,0&1,-3.0,189.5,-25,-28.0,-0.5,-14.2,13.8,L,L,U,"0
Dec","03,",2016,recap,Sat,2016,Raptors,Hawks,home,128-84,0&0,-9.0,207.5,44,35.0,4.5,19.8,-15.2,W,W,O,"0
Dec","03,",2016,recap,Sat,2016,Hawks,Raptors,away,84-128,0&0,9.0,207.5,-44,-35.0,4.5,-15.2,19.8,L,L,O,"0
Dec","03,",2016,recap,Sat,2016,Seventysixers,Celtics,home,106-107,0&0,9.0,208.0,-1,8.0,5.0,6.5,-1.5,L,W,O,"0
Dec","03,",2016,recap,Sat,2016,Celtics,Seventysixers,away,107-106,0&0,-9.0,208.0,1,-8.0,5.0,-1.5,6.5,W,L,O,"0
Dec","03,",2016,recap,Sat,2016,Trailblazers,Heat,home,99-92,2&1,-6.5,213.5,7,0.5,-22.5,-11.0,-11.5,W,W,U,"0
Dec","03,",2016,recap,Sat,2016,Heat,Trailblazers,away,92-99,1&2,6.5,213.5,-7,-0.5,-22.5,-11.5,-11.0,L,L,U,"0
Dec","03,",2016,recap,Sat,2016,Warriors,Suns,home,138-109,1&2,-16.5,229.0,29,12.5,18.0,15.2,2.8,W,W,O,"0
Dec","03,",2016,recap,Sat,2016,Suns,Warriors,away,109-138,2&1,16.5,229.0,-29,-12.5,18.0,2.8,15.2,L,L,O,0
