Date,Link,Day,Season,Team,Opp,Site,Final,Rest,Line,Total,SUm,ATSm,OUm,DPS,DPA,SUr,ATSr,OUr,"ot
Jan","07,",2016,recap,Thu,2015,Bulls,Celtics,home,101-92,1&0,-6.0,203.5,9,3.0,-10.5,-3.8,-6.8,W,W,U,"0
Jan","07,",2016,recap,Thu,2015,Celtics,Bulls,away,92-101,0&1,6.0,203.5,-9,-3.0,-10.5,-6.8,-3.8,L,L,U,"0
Jan","07,",2016,recap,Thu,2015,Kings,Lakers,home,118-115,1&1,-8.5,214.0,3,-5.5,19.0,6.8,12.2,W,L,O,"0
Jan","07,",2016,recap,Thu,2015,Lakers,Kings,away,115-118,1&1,8.5,214.0,-3,5.5,19.0,12.2,6.8,L,W,O,"0
Jan","07,",2016,recap,Thu,2015,Rockets,Jazz,home,103-94,2&0,-8.5,197.5,9,0.5,-0.5,0.0,-0.5,W,W,U,"0
Jan","07,",2016,recap,Thu,2015,Jazz,Rockets,away,94-103,0&2,8.5,197.5,-9,-0.5,-0.5,-0.5,0.0,L,L,U,"0
Jan","07,",2016,recap,Thu,2015,Seventysixers,Hawks,home,98-126,2&1,9.5,207.5,-28,-18.5,16.5,-1.0,17.5,L,L,O,"0
Jan","07,",2016,recap,Thu,2015,Hawks,Seventysixers,away,126-98,1&2,-9.5,207.5,28,18.5,16.5,17.5,-1.0,W,W,O,0
