Date,Link,Day,Season,Team,Opp,Site,Final,Rest,Line,Total,SUm,ATSm,OUm,DPS,DPA,SUr,ATSr,OUr,"ot
Feb","02,",2016,recap,Tue,2015,Knicks,Celtics,home,89-97,1&1,4.0,208.5,-8,-4.0,-22.5,-13.2,-9.2,L,L,U,"0
Feb","02,",2016,recap,Tue,2015,Celtics,Knicks,away,97-89,1&1,-4.0,208.5,8,4.0,-22.5,-9.2,-13.2,W,W,U,"0
Feb","02,",2016,recap,Tue,2015,Lakers,Timberwolves,home,119-115,1&1,4.5,205.0,4,8.5,29.0,18.8,10.2,W,W,O,"0
Feb","02,",2016,recap,Tue,2015,Timberwolves,Lakers,away,115-119,1&1,-4.5,205.0,-4,-8.5,29.0,10.2,18.8,L,L,O,"0
Feb","02,",2016,recap,Tue,2015,Rockets,Heat,home,115-102,2&1,-5.0,209.5,13,8.0,7.5,7.8,-0.2,W,W,O,"0
Feb","02,",2016,recap,Tue,2015,Heat,Rockets,away,102-115,1&2,5.0,209.5,-13,-8.0,7.5,-0.2,7.8,L,L,O,"0
Feb","02,",2016,recap,Tue,2015,Suns,Raptors,home,97-104,1&0,9.0,200.0,-7,2.0,1.0,1.5,-0.5,L,W,O,"0
Feb","02,",2016,recap,Tue,2015,Raptors,Suns,away,104-97,0&1,-9.0,200.0,7,-2.0,1.0,-0.5,1.5,W,L,O,"0
Feb","02,",2016,recap,Tue,2015,Trailblazers,Bucks,home,107-95,1&0,-7.0,205.0,12,5.0,-3.0,1.0,-4.0,W,W,U,"0
Feb","02,",2016,recap,Tue,2015,Bucks,Trailblazers,away,95-107,0&1,7.0,205.0,-12,-5.0,-3.0,-4.0,1.0,L,L,U,0
