Date,Link,Day,Season,Team,Opp,Site,Final,Rest,Line,Total,SUm,ATSm,OUm,DPS,DPA,SUr,ATSr,OUr,"ot
Mar","01,",2016,recap,Tue,2015,Heat,Bulls,home,129-111,1&2,-6.5,201.0,18,11.5,39.0,25.2,13.8,W,W,O,"0
Mar","01,",2016,recap,Tue,2015,Bulls,Heat,away,111-129,2&1,6.5,201.0,-18,-11.5,39.0,13.8,25.2,L,L,O,"0
Mar","01,",2016,recap,Tue,2015,Hornets,Suns,home,126-92,1&2,-13.0,209.5,34,21.0,8.5,14.8,-6.2,W,W,O,"0
Mar","01,",2016,recap,Tue,2015,Suns,Hornets,away,92-126,2&1,13.0,209.5,-34,-21.0,8.5,-6.2,14.8,L,L,O,"0
Mar","01,",2016,recap,Tue,2015,Knicks,Trailblazers,home,85-104,1&1,5.0,208.0,-19,-14.0,-19.0,-16.5,-2.5,L,L,U,"0
Mar","01,",2016,recap,Tue,2015,Trailblazers,Knicks,away,104-85,1&1,-5.0,208.0,19,14.0,-19.0,-2.5,-16.5,W,W,U,"0
Mar","01,",2016,recap,Tue,2015,Lakers,Nets,home,107-101,3&0,-1.0,212.0,6,5.0,-4.0,0.5,-4.5,W,W,U,"0
Mar","01,",2016,recap,Tue,2015,Nets,Lakers,away,101-107,0&3,1.0,212.0,-6,-5.0,-4.0,-4.5,0.5,L,L,U,"0
Mar","01,",2016,recap,Tue,2015,Mavericks,Magic,home,121-108,1&1,-5.5,214.0,13,7.5,15.0,11.2,3.8,W,W,O,"0
Mar","01,",2016,recap,Tue,2015,Magic,Mavericks,away,108-121,1&1,5.5,214.0,-13,-7.5,15.0,3.8,11.2,L,L,O,"0
Mar","01,",2016,recap,Tue,2015,Warriors,Hawks,home,109-105,2&1,-6.0,215.0,4,-2.0,-1.0,-1.5,0.5,W,L,U,"1
Mar","01,",2016,recap,Tue,2015,Hawks,Warriors,away,105-109,1&2,6.0,215.0,-4,2.0,-1.0,0.5,-1.5,L,W,U,1
