Date,Link,Day,Season,Team,Opp,Site,Final,Rest,Line,Total,SUm,ATSm,OUm,DPS,DPA,SUr,ATSr,OUr,"ot
Jan","17,",2016,recap,Sun,2015,Lakers,Rockets,home,95-112,0&1,9.5,207.0,-17,-7.5,0.0,-3.8,3.8,L,L,P,"0
Jan","17,",2016,recap,Sun,2015,Rockets,Lakers,away,112-95,1&0,-9.5,207.0,17,7.5,0.0,3.8,-3.8,W,W,P,"0
Jan","17,",2016,recap,Sun,2015,Nuggets,Pacers,home,129-126,1&1,3.0,201.5,3,6.0,53.5,29.8,23.8,W,W,O,"0
Jan","17,",2016,recap,Sun,2015,Pacers,Nuggets,away,126-129,1&1,-3.0,201.5,-3,-6.0,53.5,23.8,29.8,L,L,O,"0
Jan","17,",2016,recap,Sun,2015,Spurs,Mavericks,home,112-83,2&1,-12.5,195.5,29,16.5,-0.5,8.0,-8.5,W,W,U,"0
Jan","17,",2016,recap,Sun,2015,Mavericks,Spurs,away,83-112,1&2,12.5,195.5,-29,-16.5,-0.5,-8.5,8.0,L,L,U,"0
Jan","17,",2016,recap,Sun,2015,Thunder,Heat,home,99-74,1&1,-10.0,200.0,25,15.0,-27.0,-6.0,-21.0,W,W,U,"0
Jan","17,",2016,recap,Sun,2015,Heat,Thunder,away,74-99,1&1,10.0,200.0,-25,-15.0,-27.0,-21.0,-6.0,L,L,U,"0
Jan","17,",2016,recap,Sun,2015,Timberwolves,Suns,home,117-87,1&1,-4.0,205.5,30,26.0,-1.5,12.2,-13.8,W,W,U,"0
Jan","17,",2016,recap,Sun,2015,Suns,Timberwolves,away,87-117,1&1,4.0,205.5,-30,-26.0,-1.5,-13.8,12.2,L,L,U,0
