Date,Link,Day,Season,Team,Opp,Site,Final,Rest,Line,Total,SUm,ATSm,OUm,DPS,DPA,SUr,ATSr,OUr,"ot
Jan","11,",2016,recap,Mon,2015,Bulls,Wizards,home,100-114,1&1,-8.5,207.0,-14,-22.5,7.0,-7.8,14.8,L,L,O,"0
Jan","11,",2016,recap,Mon,2015,Wizards,Bulls,away,114-100,1&1,8.5,207.0,14,22.5,7.0,14.8,-7.8,W,W,O,"0
Jan","11,",2016,recap,Mon,2015,Nets,Spurs,home,79-106,1&2,14.5,194.5,-27,-12.5,-9.5,-11.0,1.5,L,L,U,"0
Jan","11,",2016,recap,Mon,2015,Spurs,Nets,away,106-79,2&1,-14.5,194.5,27,12.5,-9.5,1.5,-11.0,W,W,U,"0
Jan","11,",2016,recap,Mon,2015,Warriors,Heat,home,111-103,1&1,-13.0,207.0,8,-5.0,7.0,1.0,6.0,W,L,O,"0
Jan","11,",2016,recap,Mon,2015,Heat,Warriors,away,103-111,1&1,13.0,207.0,-8,5.0,7.0,6.0,1.0,L,W,O,0
