Date,Link,Day,Season,Team,Opp,Site,Final,Rest,Line,Total,SUm,ATSm,OUm,DPS,DPA,SUr,ATSr,OUr,"ot
Feb","07,",2016,recap,Sun,2015,Celtics,Kings,home,128-119,1&1,-8.0,218.5,9,1.0,28.5,14.8,13.8,W,W,O,"0
Feb","07,",2016,recap,Sun,2015,Kings,Celtics,away,119-128,1&1,8.0,218.5,-9,-1.0,28.5,13.8,14.8,L,L,O,"0
Feb","07,",2016,recap,Sun,2015,Heat,Clippers,home,93-100,1&1,1.0,194.5,-7,-6.0,-1.5,-3.8,2.2,L,L,U,"0
Feb","07,",2016,recap,Sun,2015,Clippers,Heat,away,100-93,1&1,-1.0,194.5,7,6.0,-1.5,2.2,-3.8,W,W,U,"0
Feb","07,",2016,recap,Sun,2015,Knicks,Nuggets,home,96-101,1&1,-4.0,202.0,-5,-9.0,-5.0,-7.0,2.0,L,L,U,"0
Feb","07,",2016,recap,Sun,2015,Nuggets,Knicks,away,101-96,1&1,4.0,202.0,5,9.0,-5.0,2.0,-7.0,W,W,U,"0
Feb","07,",2016,recap,Sun,2015,Magic,Hawks,home,96-94,1&1,3.0,201.5,2,5.0,-11.5,-3.2,-8.2,W,W,U,"0
Feb","07,",2016,recap,Sun,2015,Hawks,Magic,away,94-96,1&1,-3.0,201.5,-2,-5.0,-11.5,-8.2,-3.2,L,L,U,0
