Date,Link,Day,Season,Team,Opp,Site,Final,Rest,Line,Total,SUm,ATSm,OUm,DPS,DPA,SUr,ATSr,OUr,"ot
Jan","25,",2016,recap,Mon,2015,Bulls,Heat,home,84-89,1&2,-6.5,191.0,-5,-11.5,-18.0,-14.8,-3.2,L,L,U,"0
Jan","25,",2016,recap,Mon,2015,Heat,Bulls,away,89-84,2&1,6.5,191.0,5,11.5,-18.0,-3.2,-14.8,W,W,U,"0
Jan","25,",2016,recap,Mon,2015,Cavaliers,Timberwolves,home,114-107,1&1,-12.5,204.5,7,-5.5,16.5,5.5,11.0,W,L,O,"0
Jan","25,",2016,recap,Mon,2015,Timberwolves,Cavaliers,away,107-114,1&1,12.5,204.5,-7,5.5,16.5,11.0,5.5,L,W,O,"0
Jan","25,",2016,recap,Mon,2015,Grizzlies,Magic,home,108-102,1&2,-5.5,191.0,6,0.5,19.0,9.8,9.2,W,W,O,"1
Jan","25,",2016,recap,Mon,2015,Magic,Grizzlies,away,102-108,2&1,5.5,191.0,-6,-0.5,19.0,9.2,9.8,L,L,O,"1
Jan","25,",2016,recap,Mon,2015,Jazz,Pistons,home,92-95,2&1,-2.0,193.0,-3,-5.0,-6.0,-5.5,-0.5,L,L,U,"0
Jan","25,",2016,recap,Mon,2015,Pistons,Jazz,away,95-92,1&2,2.0,193.0,3,5.0,-6.0,-0.5,-5.5,W,W,U,"0
Jan","25,",2016,recap,Mon,2015,Kings,Hornets,home,128-129,1&1,-7.0,213.5,-1,-8.0,43.5,17.8,25.8,L,L,O,"2
Jan","25,",2016,recap,Mon,2015,Hornets,Kings,away,129-128,1&1,7.0,213.5,1,8.0,43.5,25.8,17.8,W,W,O,"2
Jan","25,",2016,recap,Mon,2015,Nuggets,Hawks,home,105-119,1&1,5.0,207.5,-14,-9.0,16.5,3.8,12.8,L,L,O,"0
Jan","25,",2016,recap,Mon,2015,Hawks,Nuggets,away,119-105,1&1,-5.0,207.5,14,9.0,16.5,12.8,3.8,W,W,O,"0
Jan","25,",2016,recap,Mon,2015,Pelicans,Rockets,home,111-112,1&0,-4.0,216.5,-1,-5.0,6.5,0.8,5.8,L,L,O,"0
Jan","25,",2016,recap,Mon,2015,Rockets,Pelicans,away,112-111,0&1,4.0,216.5,1,5.0,6.5,5.8,0.8,W,W,O,"0
Jan","25,",2016,recap,Mon,2015,Warriors,Spurs,home,120-90,2&2,-5.0,210.5,30,25.0,-0.5,12.2,-12.8,W,W,U,"0
Jan","25,",2016,recap,Mon,2015,Spurs,Warriors,away,90-120,2&2,5.0,210.5,-30,-25.0,-0.5,-12.8,12.2,L,L,U,"0
Jan","25,",2016,recap,Mon,2015,Wizards,Celtics,home,91-116,4&0,-2.5,212.5,-25,-27.5,-5.5,-16.5,11.0,L,L,U,"0
Jan","25,",2016,recap,Mon,2015,Celtics,Wizards,away,116-91,0&4,2.5,212.5,25,27.5,-5.5,11.0,-16.5,W,W,U,0
