Date,Link,Day,Season,Team,Opp,Site,Final,Rest,Line,Total,SUm,ATSm,OUm,DPS,DPA,SUr,ATSr,OUr,"ot
Jan","21,",2016,recap,Thu,2015,Cavaliers,Clippers,home,115-102,0&2,-6.5,202.5,13,6.5,14.5,10.5,4.0,W,W,O,"0
Jan","21,",2016,recap,Thu,2015,Clippers,Cavaliers,away,102-115,2&0,6.5,202.5,-13,-6.5,14.5,4.0,10.5,L,L,O,"0
Jan","21,",2016,recap,Thu,2015,Kings,Hawks,home,91-88,0&0,-1.5,215.5,3,1.5,-36.5,-17.5,-19.0,W,W,U,"0
Jan","21,",2016,recap,Thu,2015,Hawks,Kings,away,88-91,0&0,1.5,215.5,-3,-1.5,-36.5,-19.0,-17.5,L,L,U,"0
Jan","21,",2016,recap,Thu,2015,Nuggets,Grizzlies,home,101-102,1&2,2.0,195.0,-1,1.0,8.0,4.5,3.5,L,W,O,"0
Jan","21,",2016,recap,Thu,2015,Grizzlies,Nuggets,away,102-101,2&1,-2.0,195.0,1,-1.0,8.0,3.5,4.5,W,L,O,"0
Jan","21,",2016,recap,Thu,2015,Pelicans,Pistons,home,115-99,1&0,-2.5,206.0,16,13.5,8.0,10.8,-2.8,W,W,O,"0
Jan","21,",2016,recap,Thu,2015,Pistons,Pelicans,away,99-115,0&1,2.5,206.0,-16,-13.5,8.0,-2.8,10.8,L,L,O,"0
Jan","21,",2016,recap,Thu,2015,Suns,Spurs,home,89-117,1&3,15.5,201.5,-28,-12.5,4.5,-4.0,8.5,L,L,O,"0
Jan","21,",2016,recap,Thu,2015,Spurs,Suns,away,117-89,3&1,-15.5,201.5,28,12.5,4.5,8.5,-4.0,W,W,O,0
