Date,Link,Day,Season,Team,Opp,Site,Final,Rest,Line,Total,SUm,ATSm,OUm,DPS,DPA,SUr,ATSr,OUr,"ot
Nov","05,",2016,recap,Sat,2016,Bucks,Kings,home,117-91,1&1,-3.0,204.0,26,23.0,4.0,13.5,-9.5,W,W,O,"0
Nov","05,",2016,recap,Sat,2016,Kings,Bucks,away,91-117,1&1,3.0,204.0,-26,-23.0,4.0,-9.5,13.5,L,L,O,"0
Nov","05,",2016,recap,Sat,2016,Hawks,Rockets,home,112-97,0&2,-3.5,215.5,15,11.5,-6.5,2.5,-9.0,W,W,U,"0
Nov","05,",2016,recap,Sat,2016,Rockets,Hawks,away,97-112,2&0,3.5,215.5,-15,-11.5,-6.5,-9.0,2.5,L,L,U,"0
Nov","05,",2016,recap,Sat,2016,Magic,Wizards,home,88-86,1&0,-5.5,201.0,2,-3.5,-27.0,-15.2,-11.8,W,L,U,"0
Nov","05,",2016,recap,Sat,2016,Wizards,Magic,away,86-88,0&1,5.5,201.0,-2,3.5,-27.0,-11.8,-15.2,L,W,U,"0
Nov","05,",2016,recap,Sat,2016,Pacers,Bulls,home,111-94,1&0,-3.5,209.5,17,13.5,-4.5,4.5,-9.0,W,W,U,"0
Nov","05,",2016,recap,Sat,2016,Bulls,Pacers,away,94-111,0&1,3.5,209.5,-17,-13.5,-4.5,-9.0,4.5,L,L,U,"0
Nov","05,",2016,recap,Sat,2016,Pistons,Nuggets,home,103-86,2&1,-4.5,201.0,17,12.5,-12.0,0.2,-12.2,W,W,U,"0
Nov","05,",2016,recap,Sat,2016,Nuggets,Pistons,away,86-103,1&2,4.5,201.0,-17,-12.5,-12.0,-12.2,0.2,L,L,U,"0
Nov","05,",2016,recap,Sat,2016,Seventysixers,Cavaliers,home,101-102,2&1,12.0,205.5,-1,11.0,-2.5,4.2,-6.8,L,W,U,"0
Nov","05,",2016,recap,Sat,2016,Cavaliers,Seventysixers,away,102-101,1&2,-12.0,205.5,1,-11.0,-2.5,-6.8,4.2,W,L,U,"0
Nov","05,",2016,recap,Sat,2016,Spurs,Clippers,home,92-116,0&0,-4.5,197.5,-24,-28.5,10.5,-9.0,19.5,L,L,O,"0
Nov","05,",2016,recap,Sat,2016,Clippers,Spurs,away,116-92,0&0,4.5,197.5,24,28.5,10.5,19.5,-9.0,W,W,O,"0
Nov","05,",2016,recap,Sat,2016,Thunder,Timberwolves,home,112-92,1&1,-5.5,208.5,20,14.5,-4.5,5.0,-9.5,W,W,U,"0
Nov","05,",2016,recap,Sat,2016,Timberwolves,Thunder,away,92-112,1&1,5.5,208.5,-20,-14.5,-4.5,-9.5,5.0,L,L,U,0
