Date,Link,Day,Season,Team,Opp,Site,Final,Rest,Line,Total,SUm,ATSm,OUm,DPS,DPA,SUr,ATSr,OUr,"ot
Dec","06,",2016,recap,Tue,2016,Grizzlies,Seventysixers,home,96-91,0&0,-7.5,194.5,5,-2.5,-7.5,-5.0,-2.5,W,L,U,"0
Dec","06,",2016,recap,Tue,2016,Seventysixers,Grizzlies,away,91-96,0&0,7.5,194.5,-5,2.5,-7.5,-2.5,-5.0,L,W,U,"0
Dec","06,",2016,recap,Tue,2016,Heat,Knicks,home,103-114,2&1,-1.5,205.5,-11,-12.5,11.5,-0.5,12.0,L,L,O,"0
Dec","06,",2016,recap,Tue,2016,Knicks,Heat,away,114-103,1&2,1.5,205.5,11,12.5,11.5,12.0,-0.5,W,W,O,"0
Dec","06,",2016,recap,Tue,2016,Jazz,Suns,home,112-105,0&2,-7.0,204.0,7,0.0,13.0,6.5,6.5,W,P,O,"0
Dec","06,",2016,recap,Tue,2016,Suns,Jazz,away,105-112,2&0,7.0,204.0,-7,0.0,13.0,6.5,6.5,L,P,O,"0
Dec","06,",2016,recap,Tue,2016,Pistons,Bulls,home,102-91,1&0,-6.5,198.0,11,4.5,-5.0,-0.2,-4.8,W,W,U,"0
Dec","06,",2016,recap,Tue,2016,Bulls,Pistons,away,91-102,0&1,6.5,198.0,-11,-4.5,-5.0,-4.8,-0.2,L,L,U,"0
Dec","06,",2016,recap,Tue,2016,Timberwolves,Spurs,home,91-105,2&0,4.5,205.5,-14,-9.5,-9.5,-9.5,0.0,L,L,U,"0
Dec","06,",2016,recap,Tue,2016,Spurs,Timberwolves,away,105-91,0&2,-4.5,205.5,14,9.5,-9.5,0.0,-9.5,W,W,U,"0
Dec","06,",2016,recap,Tue,2016,Wizards,Magic,home,116-124,0&1,-2.5,200.0,-8,-10.5,40.0,14.8,25.2,L,L,O,"0
Dec","06,",2016,recap,Tue,2016,Magic,Wizards,away,124-116,1&0,2.5,200.0,8,10.5,40.0,25.2,14.8,W,W,O,0
