Date,Link,Day,Season,Team,Opp,Site,Final,Rest,Line,Total,SUm,ATSm,OUm,DPS,DPA,SUr,ATSr,OUr,"ot
Oct","27,",2016,recap,Thu,2016,Bulls,Celtics,home,105-99,&0,-1.0,209.0,6,5.0,-5.0,0.0,-5.0,W,W,U,"0
Oct","27,",2016,recap,Thu,2016,Celtics,Bulls,away,99-105,0&,1.0,209.0,-6,-5.0,-5.0,-5.0,0.0,L,L,U,"0
Oct","27,",2016,recap,Thu,2016,Hawks,Wizards,home,114-99,&,-4.5,203.5,15,10.5,9.5,10.0,-0.5,W,W,O,"0
Oct","27,",2016,recap,Thu,2016,Wizards,Hawks,away,99-114,&,4.5,203.5,-15,-10.5,9.5,-0.5,10.0,L,L,O,"0
Oct","27,",2016,recap,Thu,2016,Kings,Spurs,home,94-102,0&1,8.0,203.5,-8,0.0,-7.5,-3.8,-3.8,L,P,U,"0
Oct","27,",2016,recap,Thu,2016,Spurs,Kings,away,102-94,1&0,-8.0,203.5,8,0.0,-7.5,-3.8,-3.8,W,P,U,"0
Oct","27,",2016,recap,Thu,2016,Trailblazers,Clippers,home,106-114,1&,2.5,210.0,-8,-5.5,10.0,2.2,7.8,L,L,O,"0
Oct","27,",2016,recap,Thu,2016,Clippers,Trailblazers,away,114-106,&1,-2.5,210.0,8,5.5,10.0,7.8,2.2,W,W,O,0
