Date,Link,Day,Season,Team,Opp,Site,Final,Rest,Line,Total,SUm,ATSm,OUm,DPS,DPA,SUr,ATSr,OUr,"ot
Dec","11,",2016,recap,Sun,2016,Lakers,Knicks,home,112-118,1&1,2.0,217.0,-6,-4.0,13.0,4.5,8.5,L,L,O,"0
Dec","11,",2016,recap,Sun,2016,Knicks,Lakers,away,118-112,1&1,-2.0,217.0,6,4.0,13.0,8.5,4.5,W,W,O,"0
Dec","11,",2016,recap,Sun,2016,Pistons,Seventysixers,home,79-97,1&2,-11.5,197.0,-18,-29.5,-21.0,-25.2,4.2,L,L,U,"0
Dec","11,",2016,recap,Sun,2016,Seventysixers,Pistons,away,97-79,2&1,11.5,197.0,18,29.5,-21.0,4.2,-25.2,W,W,U,"0
Dec","11,",2016,recap,Sun,2016,Suns,Pelicans,home,119-120,1&0,-2.5,215.5,-1,-3.5,23.5,10.0,13.5,L,L,O,"1
Dec","11,",2016,recap,Sun,2016,Pelicans,Suns,away,120-119,0&1,2.5,215.5,1,3.5,23.5,13.5,10.0,W,W,O,"1
Dec","11,",2016,recap,Sun,2016,Thunder,Celtics,home,99-96,1&1,-3.5,207.5,3,-0.5,-12.5,-6.5,-6.0,W,L,U,"0
Dec","11,",2016,recap,Sun,2016,Celtics,Thunder,away,96-99,1&1,3.5,207.5,-3,0.5,-12.5,-6.0,-6.5,L,W,U,"0
Dec","11,",2016,recap,Sun,2016,Timberwolves,Warriors,home,108-116,1&0,10.0,224.5,-8,2.0,-0.5,0.8,-1.2,L,W,U,"0
Dec","11,",2016,recap,Sun,2016,Warriors,Timberwolves,away,116-108,0&1,-10.0,224.5,8,-2.0,-0.5,-1.2,0.8,W,L,U,0
