Date,Link,Day,Season,Team,Opp,Site,Final,Rest,Line,Total,SUm,ATSm,OUm,DPS,DPA,SUr,ATSr,OUr,"ot
Dec","19,",2016,recap,Mon,2016,Bulls,Pistons,home,113-82,2&1,-3.0,196.0,31,28.0,-1.0,13.5,-14.5,W,W,U,"0
Dec","19,",2016,recap,Mon,2016,Pistons,Bulls,away,82-113,1&2,3.0,196.0,-31,-28.0,-1.0,-14.5,13.5,L,L,U,"0
Dec","19,",2016,recap,Mon,2016,Nuggets,Mavericks,home,117-107,1&0,-8.5,207.0,10,1.5,17.0,9.2,7.8,W,W,O,"0
Dec","19,",2016,recap,Mon,2016,Mavericks,Nuggets,away,107-117,0&1,8.5,207.0,-10,-1.5,17.0,7.8,9.2,L,L,O,"0
Dec","19,",2016,recap,Mon,2016,Pacers,Wizards,home,107-105,1&0,-5.0,211.5,2,-3.0,0.5,-1.2,1.8,W,L,O,"0
Dec","19,",2016,recap,Mon,2016,Wizards,Pacers,away,105-107,0&1,5.0,211.5,-2,3.0,0.5,1.8,-1.2,L,W,O,"0
Dec","19,",2016,recap,Mon,2016,Thunder,Hawks,home,108-110,1&1,-2.0,210.0,-2,-4.0,8.0,2.0,6.0,L,L,O,"0
Dec","19,",2016,recap,Mon,2016,Hawks,Thunder,away,110-108,1&1,2.0,210.0,2,4.0,8.0,6.0,2.0,W,W,O,"0
Dec","19,",2016,recap,Mon,2016,Timberwolves,Suns,home,115-108,1&1,-6.0,215.0,7,1.0,8.0,4.5,3.5,W,W,O,"0
Dec","19,",2016,recap,Mon,2016,Suns,Timberwolves,away,108-115,1&1,6.0,215.0,-7,-1.0,8.0,3.5,4.5,L,L,O,0
