Date,Link,Day,Season,Team,Opp,Site,Final,Rest,Line,Total,SUm,ATSm,OUm,DPS,DPA,SUr,ATSr,OUr,"ot
Mar","17,",2016,recap,Thu,2015,Bucks,Grizzlies,home,96-86,1&0,-10.5,201.0,10,-0.5,-19.0,-9.8,-9.2,W,L,U,"0
Mar","17,",2016,recap,Thu,2015,Grizzlies,Bucks,away,86-96,0&1,10.5,201.0,-10,0.5,-19.0,-9.2,-9.8,L,W,U,"0
Mar","17,",2016,recap,Thu,2015,Bulls,Nets,home,118-102,0&1,-6.5,213.0,16,9.5,7.0,8.2,-1.2,W,W,O,"0
Mar","17,",2016,recap,Thu,2015,Nets,Bulls,away,102-118,1&0,6.5,213.0,-16,-9.5,7.0,-1.2,8.2,L,L,O,"0
Mar","17,",2016,recap,Thu,2015,Hawks,Nuggets,home,116-98,0&1,-8.0,210.0,18,10.0,4.0,7.0,-3.0,W,W,O,"0
Mar","17,",2016,recap,Thu,2015,Nuggets,Hawks,away,98-116,1&0,8.0,210.0,-18,-10.0,4.0,-3.0,7.0,L,L,O,"0
Mar","17,",2016,recap,Thu,2015,Heat,Hornets,home,106-109,2&0,-4.0,209.0,-3,-7.0,6.0,-0.5,6.5,L,L,O,"0
Mar","17,",2016,recap,Thu,2015,Hornets,Heat,away,109-106,0&2,4.0,209.0,3,7.0,6.0,6.5,-0.5,W,W,O,"0
Mar","17,",2016,recap,Thu,2015,Jazz,Suns,home,103-69,2&2,-9.5,198.5,34,24.5,-26.5,-1.0,-25.5,W,W,U,"0
Mar","17,",2016,recap,Thu,2015,Suns,Jazz,away,69-103,2&2,9.5,198.5,-34,-24.5,-26.5,-25.5,-1.0,L,L,U,"0
Mar","17,",2016,recap,Thu,2015,Pacers,Raptors,home,94-101,1&1,-1.5,203.0,-7,-8.5,-8.0,-8.2,0.2,L,L,U,"1
Mar","17,",2016,recap,Thu,2015,Raptors,Pacers,away,101-94,1&1,1.5,203.0,7,8.5,-8.0,0.2,-8.2,W,W,U,"1
Mar","17,",2016,recap,Thu,2015,Seventysixers,Wizards,home,94-99,1&0,9.0,215.0,-5,4.0,-22.0,-9.0,-13.0,L,W,U,"0
Mar","17,",2016,recap,Thu,2015,Wizards,Seventysixers,away,99-94,0&1,-9.0,215.0,5,-4.0,-22.0,-13.0,-9.0,W,L,U,"0
Mar","17,",2016,recap,Thu,2015,Spurs,Trailblazers,home,118-110,1&2,-11.5,204.5,8,-3.5,23.5,10.0,13.5,W,L,O,"0
Mar","17,",2016,recap,Thu,2015,Trailblazers,Spurs,away,110-118,2&1,11.5,204.5,-8,3.5,23.5,13.5,10.0,L,W,O,0
