Date,Link,Day,Season,Team,Opp,Site,Final,Rest,Line,Total,SUm,ATSm,OUm,DPS,DPA,SUr,ATSr,OUr,"ot
Jan","01,",2016,recap,Fri,2015,Bulls,Knicks,home,108-81,1&2,-7.0,197.5,27,20.0,-8.5,5.8,-14.2,W,W,U,"0
Jan","01,",2016,recap,Fri,2015,Knicks,Bulls,away,81-108,2&1,7.0,197.5,-27,-20.0,-8.5,-14.2,5.8,L,L,U,"0
Jan","01,",2016,recap,Fri,2015,Heat,Mavericks,home,106-82,2&1,-3.5,196.5,24,20.5,-8.5,6.0,-14.5,W,W,U,"0
Jan","01,",2016,recap,Fri,2015,Mavericks,Heat,away,82-106,1&2,3.5,196.5,-24,-20.5,-8.5,-14.5,6.0,L,L,U,"0
Jan","01,",2016,recap,Fri,2015,Lakers,Seventysixers,home,93-84,1&1,-3.0,207.0,9,6.0,-30.0,-12.0,-18.0,W,W,U,"0
Jan","01,",2016,recap,Fri,2015,Seventysixers,Lakers,away,84-93,1&1,3.0,207.0,-9,-6.0,-30.0,-18.0,-12.0,L,L,U,"0
Jan","01,",2016,recap,Fri,2015,Raptors,Hornets,home,104-94,1&1,-7.0,197.0,10,3.0,1.0,2.0,-1.0,W,W,O,"0
Jan","01,",2016,recap,Fri,2015,Hornets,Raptors,away,94-104,1&1,7.0,197.0,-10,-3.0,1.0,-1.0,2.0,L,L,O,"0
Jan","01,",2016,recap,Fri,2015,Wizards,Magic,home,103-91,1&1,-2.0,203.0,12,10.0,-9.0,0.5,-9.5,W,W,U,"0
Jan","01,",2016,recap,Fri,2015,Magic,Wizards,away,91-103,1&1,2.0,203.0,-12,-10.0,-9.0,-9.5,0.5,L,L,U,0
