Date,Link,Day,Season,Team,Opp,Site,Final,Rest,Line,Total,SUm,ATSm,OUm,DPS,DPA,SUr,ATSr,OUr,"ot
Nov","15,",2016,recap,Tue,2016,Cavaliers,Raptors,home,121-117,1&2,-6.0,209.5,4,-2.0,28.5,13.2,15.2,W,L,O,"0
Nov","15,",2016,recap,Tue,2016,Raptors,Cavaliers,away,117-121,2&1,6.0,209.5,-4,2.0,28.5,15.2,13.2,L,W,O,"0
Nov","15,",2016,recap,Tue,2016,Heat,Hawks,home,90-93,0&2,6.5,199.0,-3,3.5,-16.0,-6.2,-9.8,L,W,U,"0
Nov","15,",2016,recap,Tue,2016,Hawks,Heat,away,93-90,2&0,-6.5,199.0,3,-3.5,-16.0,-9.8,-6.2,W,L,U,"0
Nov","15,",2016,recap,Tue,2016,Lakers,Nets,home,125-118,1&0,-6.5,220.0,7,0.5,23.0,11.8,11.2,W,W,O,"0
Nov","15,",2016,recap,Tue,2016,Nets,Lakers,away,118-125,0&1,6.5,220.0,-7,-0.5,23.0,11.2,11.8,L,L,O,"0
Nov","15,",2016,recap,Tue,2016,Timberwolves,Hornets,home,108-115,1&1,1.0,206.5,-7,-6.0,16.5,5.2,11.2,L,L,O,"0
Nov","15,",2016,recap,Tue,2016,Hornets,Timberwolves,away,115-108,1&1,-1.0,206.5,7,6.0,16.5,11.2,5.2,W,W,O,"0
Nov","15,",2016,recap,Tue,2016,Trailblazers,Bulls,home,88-113,1&2,-3.5,210.5,-25,-28.5,-9.5,-19.0,9.5,L,L,U,"0
Nov","15,",2016,recap,Tue,2016,Bulls,Trailblazers,away,113-88,2&1,3.5,210.5,25,28.5,-9.5,9.5,-19.0,W,W,U,0
