Date,Link,Day,Season,Team,Opp,Site,Final,Rest,Line,Total,SUm,ATSm,OUm,DPS,DPA,SUr,ATSr,OUr,"ot
Mar","22,",2016,recap,Tue,2015,Lakers,Grizzlies,home,107-100,3&0,3.0,202.0,7,10.0,5.0,7.5,-2.5,W,W,O,"0
Mar","22,",2016,recap,Tue,2015,Grizzlies,Lakers,away,100-107,0&3,-3.0,202.0,-7,-10.0,5.0,-2.5,7.5,L,L,O,"0
Mar","22,",2016,recap,Tue,2015,Nets,Hornets,home,100-105,2&0,6.5,207.5,-5,1.5,-2.5,-0.5,-2.0,L,W,U,"0
Mar","22,",2016,recap,Tue,2015,Hornets,Nets,away,105-100,0&2,-6.5,207.5,5,-1.5,-2.5,-2.0,-0.5,W,L,U,"0
Mar","22,",2016,recap,Tue,2015,Pelicans,Heat,home,99-113,1&2,9.5,209.0,-14,-4.5,3.0,-0.8,3.8,L,L,O,"0
Mar","22,",2016,recap,Tue,2015,Heat,Pelicans,away,113-99,2&1,-9.5,209.0,14,4.5,3.0,3.8,-0.8,W,W,O,"0
Mar","22,",2016,recap,Tue,2015,Thunder,Rockets,home,111-107,2&2,-9.0,224.0,4,-5.0,-6.0,-5.5,-0.5,W,L,U,"0
Mar","22,",2016,recap,Tue,2015,Rockets,Thunder,away,107-111,2&2,9.0,224.0,-4,5.0,-6.0,-0.5,-5.5,L,W,U,0
