Date,Link,Day,Season,Team,Opp,Site,Final,Rest,Line,Total,SUm,ATSm,OUm,DPS,DPA,SUr,ATSr,OUr,"ot
Mar","19,",2016,recap,Sat,2015,Bulls,Jazz,home,92-85,1&1,-2.0,195.0,7,5.0,-18.0,-6.5,-11.5,W,W,U,"0
Mar","19,",2016,recap,Sat,2015,Jazz,Bulls,away,85-92,1&1,2.0,195.0,-7,-5.0,-18.0,-11.5,-6.5,L,L,U,"0
Mar","19,",2016,recap,Sat,2015,Grizzlies,Clippers,home,113-102,1&2,9.0,200.0,11,20.0,15.0,17.5,-2.5,W,W,O,"0
Mar","19,",2016,recap,Sat,2015,Clippers,Grizzlies,away,102-113,2&1,-9.0,200.0,-11,-20.0,15.0,-2.5,17.5,L,L,O,"0
Mar","19,",2016,recap,Sat,2015,Hawks,Rockets,home,109-97,1&0,-7.0,214.0,12,5.0,-8.0,-1.5,-6.5,W,W,U,"0
Mar","19,",2016,recap,Sat,2015,Rockets,Hawks,away,97-109,0&1,7.0,214.0,-12,-5.0,-8.0,-6.5,-1.5,L,L,U,"0
Mar","19,",2016,recap,Sat,2015,Heat,Cavaliers,home,122-101,1&0,3.5,207.0,21,24.5,16.0,20.2,-4.2,W,W,O,"0
Mar","19,",2016,recap,Sat,2015,Cavaliers,Heat,away,101-122,0&1,-3.5,207.0,-21,-24.5,16.0,-4.2,20.2,L,L,O,"0
Mar","19,",2016,recap,Sat,2015,Hornets,Nuggets,home,93-101,1&1,-9.0,215.5,-8,-17.0,-21.5,-19.2,-2.2,L,L,U,"0
Mar","19,",2016,recap,Sat,2015,Nuggets,Hornets,away,101-93,1&1,9.0,215.5,8,17.0,-21.5,-2.2,-19.2,W,W,U,"0
Mar","19,",2016,recap,Sat,2015,Pacers,Thunder,home,111-115,1&0,3.5,211.0,-4,-0.5,15.0,7.2,7.8,L,L,O,"0
Mar","19,",2016,recap,Sat,2015,Thunder,Pacers,away,115-111,0&1,-3.5,211.0,4,0.5,15.0,7.8,7.2,W,W,O,"0
Mar","19,",2016,recap,Sat,2015,Pistons,Nets,home,115-103,0&1,-9.0,211.0,12,3.0,7.0,5.0,2.0,W,W,O,"0
Mar","19,",2016,recap,Sat,2015,Nets,Pistons,away,103-115,1&0,9.0,211.0,-12,-3.0,7.0,2.0,5.0,L,L,O,"0
Mar","19,",2016,recap,Sat,2015,Spurs,Warriors,home,87-79,1&0,-4.5,219.0,8,3.5,-53.0,-24.8,-28.2,W,W,U,"0
Mar","19,",2016,recap,Sat,2015,Warriors,Spurs,away,79-87,0&1,4.5,219.0,-8,-3.5,-53.0,-28.2,-24.8,L,L,U,"0
Mar","19,",2016,recap,Sat,2015,Wizards,Knicks,home,99-89,1&2,-8.0,206.5,10,2.0,-18.5,-8.2,-10.2,W,W,U,"0
Mar","19,",2016,recap,Sat,2015,Knicks,Wizards,away,89-99,2&1,8.0,206.5,-10,-2.0,-18.5,-10.2,-8.2,L,L,U,0
