Date,Link,Day,Season,Team,Opp,Site,Final,Rest,Line,Total,SUm,ATSm,OUm,DPS,DPA,SUr,ATSr,OUr,"ot
Mar","29,",2016,recap,Tue,2015,Cavaliers,Rockets,home,100-106,2&1,-1.5,212.0,-6,-7.5,-6.0,-6.8,0.8,L,L,U,"0
Mar","29,",2016,recap,Tue,2015,Rockets,Cavaliers,away,106-100,1&2,1.5,212.0,6,7.5,-6.0,0.8,-6.8,W,W,U,"0
Mar","29,",2016,recap,Tue,2015,Magic,Nets,home,139-105,2&0,-8.0,213.0,34,26.0,31.0,28.5,2.5,W,W,O,"0
Mar","29,",2016,recap,Tue,2015,Nets,Magic,away,105-139,0&2,8.0,213.0,-34,-26.0,31.0,2.5,28.5,L,L,O,"0
Mar","29,",2016,recap,Tue,2015,Pacers,Bulls,home,96-98,1&0,-6.5,202.0,-2,-8.5,-8.0,-8.2,0.2,L,L,U,"0
Mar","29,",2016,recap,Tue,2015,Bulls,Pacers,away,98-96,0&1,6.5,202.0,2,8.5,-8.0,0.2,-8.2,W,W,U,"0
Mar","29,",2016,recap,Tue,2015,Pistons,Thunder,home,88-82,2&0,0.0,212.5,6,6.0,-42.5,-18.2,-24.2,W,W,U,"0
Mar","29,",2016,recap,Tue,2015,Thunder,Pistons,away,82-88,0&2,0.0,212.5,-6,-6.0,-42.5,-24.2,-18.2,L,L,U,"0
Mar","29,",2016,recap,Tue,2015,Seventysixers,Hornets,home,85-100,1&2,11.5,209.0,-15,-3.5,-24.0,-13.8,-10.2,L,L,U,"0
Mar","29,",2016,recap,Tue,2015,Hornets,Seventysixers,away,100-85,2&1,-11.5,209.0,15,3.5,-24.0,-10.2,-13.8,W,W,U,"0
Mar","29,",2016,recap,Tue,2015,Warriors,Wizards,home,102-94,1&1,-12.5,226.5,8,-4.5,-30.5,-17.5,-13.0,W,L,U,"0
Mar","29,",2016,recap,Tue,2015,Wizards,Warriors,away,94-102,1&1,12.5,226.5,-8,4.5,-30.5,-13.0,-17.5,L,W,U,0
