Date,Link,Day,Season,Team,Opp,Site,Final,Rest,Line,Total,SUm,ATSm,OUm,DPS,DPA,SUr,ATSr,OUr,"ot
Apr","09,",2016,recap,Sat,2015,Bulls,Cavaliers,home,105-102,1&2,7.0,205.0,3,10.0,2.0,6.0,-4.0,W,W,O,"0
Apr","09,",2016,recap,Sat,2015,Cavaliers,Bulls,away,102-105,2&1,-7.0,205.0,-3,-10.0,2.0,-4.0,6.0,L,L,O,"0
Apr","09,",2016,recap,Sat,2015,Grizzlies,Warriors,home,99-100,0&1,12.5,212.0,-1,11.5,-13.0,-0.8,-12.2,L,W,U,"0
Apr","09,",2016,recap,Sat,2015,Warriors,Grizzlies,away,100-99,1&0,-12.5,212.0,1,-11.5,-13.0,-12.2,-0.8,W,L,U,"0
Apr","09,",2016,recap,Sat,2015,Hawks,Celtics,home,118-107,1&0,-5.5,207.0,11,5.5,18.0,11.8,6.2,W,W,O,"0
Apr","09,",2016,recap,Sat,2015,Celtics,Hawks,away,107-118,0&1,5.5,207.0,-11,-5.5,18.0,6.2,11.8,L,L,O,"0
Apr","09,",2016,recap,Sat,2015,Kings,Thunder,home,114-112,1&2,7.0,226.0,2,9.0,0.0,4.5,-4.5,W,W,P,"0
Apr","09,",2016,recap,Sat,2015,Thunder,Kings,away,112-114,2&1,-7.0,226.0,-2,-9.0,0.0,-4.5,4.5,L,L,P,"0
Apr","09,",2016,recap,Sat,2015,Pelicans,Suns,home,100-121,0&1,3.0,209.0,-21,-18.0,12.0,-3.0,15.0,L,L,O,"0
Apr","09,",2016,recap,Sat,2015,Suns,Pelicans,away,121-100,1&0,-3.0,209.0,21,18.0,12.0,15.0,-3.0,W,W,O,"0
Apr","09,",2016,recap,Sat,2015,Trailblazers,Timberwolves,home,105-106,2&1,-8.5,215.0,-1,-9.5,-4.0,-6.8,2.8,L,L,U,"0
Apr","09,",2016,recap,Sat,2015,Timberwolves,Trailblazers,away,106-105,1&2,8.5,215.0,1,9.5,-4.0,2.8,-6.8,W,W,U,0
