Date,Link,Day,Season,Team,Opp,Site,Final,Rest,Line,Total,SUm,ATSm,OUm,DPS,DPA,SUr,ATSr,OUr,"ot
Nov","17,",2016,recap,Thu,2016,Heat,Bucks,home,96-73,1&0,-4.0,200.0,23,19.0,-31.0,-6.0,-25.0,W,W,U,"0
Nov","17,",2016,recap,Thu,2016,Bucks,Heat,away,73-96,0&1,4.0,200.0,-23,-19.0,-31.0,-25.0,-6.0,L,L,U,"0
Nov","17,",2016,recap,Thu,2016,Jazz,Bulls,home,77-85,2&1,-3.0,192.0,-8,-11.0,-30.0,-20.5,-9.5,L,L,U,"0
Nov","17,",2016,recap,Thu,2016,Bulls,Jazz,away,85-77,1&2,3.0,192.0,8,11.0,-30.0,-9.5,-20.5,W,W,U,"0
Nov","17,",2016,recap,Thu,2016,Rockets,Trailblazers,home,126-109,0&1,-5.0,220.0,17,12.0,15.0,13.5,1.5,W,W,O,"0
Nov","17,",2016,recap,Thu,2016,Trailblazers,Rockets,away,109-126,1&0,5.0,220.0,-17,-12.0,15.0,1.5,13.5,L,L,O,"0
Nov","17,",2016,recap,Thu,2016,Timberwolves,Seventysixers,home,110-86,1&0,-11.5,211.0,24,12.5,-15.0,-1.2,-13.8,W,W,U,"0
Nov","17,",2016,recap,Thu,2016,Seventysixers,Timberwolves,away,86-110,0&1,11.5,211.0,-24,-12.5,-15.0,-13.8,-1.2,L,L,U,"0
Nov","17,",2016,recap,Thu,2016,Wizards,Knicks,home,119-112,0&0,-5.0,209.0,7,2.0,22.0,12.0,10.0,W,W,O,"0
Nov","17,",2016,recap,Thu,2016,Knicks,Wizards,away,112-119,0&0,5.0,209.0,-7,-2.0,22.0,10.0,12.0,L,L,O,0
