Date,Link,Day,Season,Team,Opp,Site,Final,Rest,Line,Total,SUm,ATSm,OUm,DPS,DPA,SUr,ATSr,OUr,"ot
Apr","06,",2016,recap,Wed,2015,Celtics,Pelicans,home,104-97,2&0,-14.5,207.5,7,-7.5,-6.5,-7.0,0.5,W,L,U,"0
Apr","06,",2016,recap,Wed,2015,Pelicans,Celtics,away,97-104,0&2,14.5,207.5,-7,7.5,-6.5,0.5,-7.0,L,W,U,"0
Apr","06,",2016,recap,Wed,2015,Knicks,Hornets,home,97-111,2&0,5.0,196.5,-14,-9.0,11.5,1.2,10.2,L,L,O,"0
Apr","06,",2016,recap,Wed,2015,Hornets,Knicks,away,111-97,0&2,-5.0,196.5,14,9.0,11.5,10.2,1.2,W,W,O,"0
Apr","06,",2016,recap,Wed,2015,Lakers,Clippers,home,81-91,0&0,10.5,203.5,-10,0.5,-31.5,-15.5,-16.0,L,W,U,"0
Apr","06,",2016,recap,Wed,2015,Clippers,Lakers,away,91-81,0&0,-10.5,203.5,10,-0.5,-31.5,-16.0,-15.5,W,L,U,"0
Apr","06,",2016,recap,Wed,2015,Magic,Pistons,home,104-108,2&0,-3.0,208.5,-4,-7.0,3.5,-1.8,5.2,L,L,O,"0
Apr","06,",2016,recap,Wed,2015,Pistons,Magic,away,108-104,0&2,3.0,208.5,4,7.0,3.5,5.2,-1.8,W,W,O,"0
Apr","06,",2016,recap,Wed,2015,Mavericks,Rockets,home,88-86,2&2,1.5,206.0,2,3.5,-32.0,-14.2,-17.8,W,W,U,"0
Apr","06,",2016,recap,Wed,2015,Rockets,Mavericks,away,86-88,2&2,-1.5,206.0,-2,-3.5,-32.0,-17.8,-14.2,L,L,U,"0
Apr","06,",2016,recap,Wed,2015,Pacers,Cavaliers,home,123-109,2&0,-3.5,198.0,14,10.5,34.0,22.2,11.8,W,W,O,"0
Apr","06,",2016,recap,Wed,2015,Cavaliers,Pacers,away,109-123,0&2,3.5,198.0,-14,-10.5,34.0,11.8,22.2,L,L,O,"0
Apr","06,",2016,recap,Wed,2015,Trailblazers,Thunder,home,120-115,0&0,-5.0,218.0,5,0.0,17.0,8.5,8.5,W,P,O,"0
Apr","06,",2016,recap,Wed,2015,Thunder,Trailblazers,away,115-120,0&0,5.0,218.0,-5,0.0,17.0,8.5,8.5,L,P,O,"0
Apr","06,",2016,recap,Wed,2015,Wizards,Nets,home,121-103,2&2,-13.5,210.5,18,4.5,13.5,9.0,4.5,W,W,O,"0
Apr","06,",2016,recap,Wed,2015,Nets,Wizards,away,103-121,2&2,13.5,210.5,-18,-4.5,13.5,4.5,9.0,L,L,O,0
