Date,Link,Day,Season,Team,Opp,Site,Final,Rest,Line,Total,SUm,ATSm,OUm,DPS,DPA,SUr,ATSr,OUr,"ot
Nov","30,",2016,recap,Wed,2016,Bulls,Lakers,home,90-96,4&0,-9.5,209.5,-6,-15.5,-23.5,-19.5,-4.0,L,L,U,"0
Nov","30,",2016,recap,Wed,2016,Lakers,Bulls,away,96-90,0&4,9.5,209.5,6,15.5,-23.5,-4.0,-19.5,W,W,U,"0
Nov","30,",2016,recap,Wed,2016,Celtics,Pistons,home,114-121,1&0,-7.0,201.0,-7,-14.0,34.0,10.0,24.0,L,L,O,"0
Nov","30,",2016,recap,Wed,2016,Pistons,Celtics,away,121-114,0&1,7.0,201.0,7,14.0,34.0,24.0,10.0,W,W,O,"0
Nov","30,",2016,recap,Wed,2016,Mavericks,Spurs,home,87-94,2&0,8.5,188.0,-7,1.5,-7.0,-2.8,-4.2,L,W,U,"0
Nov","30,",2016,recap,Wed,2016,Spurs,Mavericks,away,94-87,0&2,-8.5,188.0,7,-1.5,-7.0,-4.2,-2.8,W,L,U,"0
Nov","30,",2016,recap,Wed,2016,Nuggets,Heat,home,98-106,2&1,-5.0,204.5,-8,-13.0,-0.5,-6.8,6.2,L,L,U,"0
Nov","30,",2016,recap,Wed,2016,Heat,Nuggets,away,106-98,1&2,5.0,204.5,8,13.0,-0.5,6.2,-6.8,W,W,U,"0
Nov","30,",2016,recap,Wed,2016,Raptors,Grizzlies,home,120-105,1&1,-13.0,195.5,15,2.0,29.5,15.8,13.8,W,W,O,"0
Nov","30,",2016,recap,Wed,2016,Grizzlies,Raptors,away,105-120,1&1,13.0,195.5,-15,-2.0,29.5,13.8,15.8,L,L,O,"0
Nov","30,",2016,recap,Wed,2016,Suns,Hawks,home,109-107,2&1,4.0,210.5,2,6.0,5.5,5.8,-0.2,W,W,O,"0
Nov","30,",2016,recap,Wed,2016,Hawks,Suns,away,107-109,1&2,-4.0,210.5,-2,-6.0,5.5,-0.2,5.8,L,L,O,"0
Nov","30,",2016,recap,Wed,2016,Thunder,Wizards,home,126-115,1&1,-6.0,215.0,11,5.0,26.0,15.5,10.5,W,W,O,"1
Nov","30,",2016,recap,Wed,2016,Wizards,Thunder,away,115-126,1&1,6.0,215.0,-11,-5.0,26.0,10.5,15.5,L,L,O,"1
Nov","30,",2016,recap,Wed,2016,Timberwolves,Knicks,home,104-106,1&1,-3.5,211.5,-2,-5.5,-1.5,-3.5,2.0,L,L,U,"0
Nov","30,",2016,recap,Wed,2016,Knicks,Timberwolves,away,106-104,1&1,3.5,211.5,2,5.5,-1.5,2.0,-3.5,W,W,U,"0
Nov","30,",2016,recap,Wed,2016,Trailblazers,Pacers,home,131-109,2&2,-8.0,213.0,22,14.0,27.0,20.5,6.5,W,W,O,"0
Nov","30,",2016,recap,Wed,2016,Pacers,Trailblazers,away,109-131,2&2,8.0,213.0,-22,-14.0,27.0,6.5,20.5,L,L,O,0
