Date,Link,Day,Season,Team,Opp,Site,Final,Rest,Line,Total,SUm,ATSm,OUm,DPS,DPA,SUr,ATSr,OUr,"ot
Mar","31,",2016,recap,Thu,2015,Cavaliers,Nets,home,107-87,1&1,-16.5,210.5,20,3.5,-16.5,-6.5,-10.0,W,W,U,"0
Mar","31,",2016,recap,Thu,2015,Nets,Cavaliers,away,87-107,1&1,16.5,210.5,-20,-3.5,-16.5,-10.0,-6.5,L,L,U,"0
Mar","31,",2016,recap,Thu,2015,Pacers,Magic,home,94-114,1&1,-6.5,208.0,-20,-26.5,0.0,-13.2,13.2,L,L,P,"0
Mar","31,",2016,recap,Thu,2015,Magic,Pacers,away,114-94,1&1,6.5,208.0,20,26.5,0.0,13.2,-13.2,W,W,P,"0
Mar","31,",2016,recap,Thu,2015,Pelicans,Nuggets,home,101-95,0&0,6.5,206.5,6,12.5,-10.5,1.0,-11.5,W,W,U,"0
Mar","31,",2016,recap,Thu,2015,Nuggets,Pelicans,away,95-101,0&0,-6.5,206.5,-6,-12.5,-10.5,-11.5,1.0,L,L,U,"0
Mar","31,",2016,recap,Thu,2015,Rockets,Bulls,home,100-103,1&1,-6.0,215.5,-3,-9.0,-12.5,-10.8,-1.8,L,L,U,"0
Mar","31,",2016,recap,Thu,2015,Bulls,Rockets,away,103-100,1&1,6.0,215.5,3,9.0,-12.5,-1.8,-10.8,W,W,U,"0
Mar","31,",2016,recap,Thu,2015,Thunder,Clippers,home,119-117,1&0,-14.5,209.5,2,-12.5,26.5,7.0,19.5,W,L,O,"0
Mar","31,",2016,recap,Thu,2015,Clippers,Thunder,away,117-119,0&1,14.5,209.5,-2,12.5,26.5,19.5,7.0,L,W,O,"0
Mar","31,",2016,recap,Thu,2015,Trailblazers,Celtics,home,116-109,2&2,-3.5,213.0,7,3.5,12.0,7.8,4.2,W,W,O,"0
Mar","31,",2016,recap,Thu,2015,Celtics,Trailblazers,away,109-116,2&2,3.5,213.0,-7,-3.5,12.0,4.2,7.8,L,L,O,0
