Date,Link,Day,Season,Team,Opp,Site,Final,Rest,Line,Total,SUm,ATSm,OUm,DPS,DPA,SUr,ATSr,OUr,"ot
Nov","02,",2016,recap,Wed,2016,Celtics,Bulls,home,107-100,3&1,-3.0,208.0,7,4.0,-1.0,1.5,-2.5,W,W,U,"0
Nov","02,",2016,recap,Wed,2016,Bulls,Celtics,away,100-107,1&3,3.0,208.0,-7,-4.0,-1.0,-2.5,1.5,L,L,U,"0
Nov","02,",2016,recap,Wed,2016,Clippers,Thunder,home,83-85,1&2,-7.5,209.5,-2,-9.5,-41.5,-25.5,-16.0,L,L,U,"0
Nov","02,",2016,recap,Wed,2016,Thunder,Clippers,away,85-83,2&1,7.5,209.5,2,9.5,-41.5,-16.0,-25.5,W,W,U,"0
Nov","02,",2016,recap,Wed,2016,Grizzlies,Pelicans,home,89-83,0&0,-6.0,206.5,6,0.0,-34.5,-17.2,-17.2,W,P,U,"1
Nov","02,",2016,recap,Wed,2016,Pelicans,Grizzlies,away,83-89,0&0,6.0,206.5,-6,0.0,-34.5,-17.2,-17.2,L,P,U,"1
Nov","02,",2016,recap,Wed,2016,Hawks,Lakers,home,116-123,1&0,-11.5,207.5,-7,-18.5,31.5,6.5,25.0,L,L,O,"0
Nov","02,",2016,recap,Wed,2016,Lakers,Hawks,away,123-116,0&1,11.5,207.5,7,18.5,31.5,25.0,6.5,W,W,O,"0
Nov","02,",2016,recap,Wed,2016,Hornets,Seventysixers,home,109-93,3&0,-13.0,197.0,16,3.0,5.0,4.0,1.0,W,W,O,"0
Nov","02,",2016,recap,Wed,2016,Seventysixers,Hornets,away,93-109,0&3,13.0,197.0,-16,-3.0,5.0,1.0,4.0,L,L,O,"0
Nov","02,",2016,recap,Wed,2016,Jazz,Mavericks,home,97-81,0&2,-4.0,185.5,16,12.0,-7.5,2.2,-9.8,W,W,U,"0
Nov","02,",2016,recap,Wed,2016,Mavericks,Jazz,away,81-97,2&0,4.0,185.5,-16,-12.0,-7.5,-9.8,2.2,L,L,U,"0
Nov","02,",2016,recap,Wed,2016,Knicks,Rockets,home,99-118,0&0,0.0,218.0,-19,-19.0,-1.0,-10.0,9.0,L,L,U,"0
Nov","02,",2016,recap,Wed,2016,Rockets,Knicks,away,118-99,0&0,-0.0,218.0,19,19.0,-1.0,9.0,-10.0,W,W,U,"0
Nov","02,",2016,recap,Wed,2016,Nets,Pistons,home,109-101,1&0,3.5,204.0,8,11.5,6.0,8.8,-2.8,W,W,O,"0
Nov","02,",2016,recap,Wed,2016,Pistons,Nets,away,101-109,0&1,-3.5,204.0,-8,-11.5,6.0,-2.8,8.8,L,L,O,"0
Nov","02,",2016,recap,Wed,2016,Suns,Trailblazers,home,118-115,1&0,3.0,217.0,3,6.0,16.0,11.0,5.0,W,W,O,"1
Nov","02,",2016,recap,Wed,2016,Trailblazers,Suns,away,115-118,0&1,-3.0,217.0,-3,-6.0,16.0,5.0,11.0,L,L,O,"1
Nov","02,",2016,recap,Wed,2016,Wizards,Raptors,home,103-113,2&1,1.0,204.5,-10,-9.0,11.5,1.2,10.2,L,L,O,"0
Nov","02,",2016,recap,Wed,2016,Raptors,Wizards,away,113-103,1&2,-1.0,204.5,10,9.0,11.5,10.2,1.2,W,W,O,0
