Date,Link,Day,Season,Team,Opp,Site,Final,Rest,Line,Total,SUm,ATSm,OUm,DPS,DPA,SUr,ATSr,OUr,"ot
Feb","06,",2016,recap,Sat,2015,Cavaliers,Pelicans,home,99-84,0&1,-10.0,206.0,15,5.0,-23.0,-9.0,-14.0,W,W,U,"0
Feb","06,",2016,recap,Sat,2015,Pelicans,Cavaliers,away,84-99,1&0,10.0,206.0,-15,-5.0,-23.0,-14.0,-9.0,L,L,U,"0
Feb","06,",2016,recap,Sat,2015,Grizzlies,Mavericks,home,110-114,0&0,-5.0,192.5,-4,-9.0,31.5,11.2,20.2,L,L,O,"1
Feb","06,",2016,recap,Sat,2015,Mavericks,Grizzlies,away,114-110,0&0,5.0,192.5,4,9.0,31.5,20.2,11.2,W,W,O,"1
Feb","06,",2016,recap,Sat,2015,Hornets,Wizards,home,108-104,0&0,-5.0,210.5,4,-1.0,1.5,0.2,1.2,W,L,O,"0
Feb","06,",2016,recap,Sat,2015,Wizards,Hornets,away,104-108,0&0,5.0,210.5,-4,1.0,1.5,1.2,0.2,L,W,O,"0
Feb","06,",2016,recap,Sat,2015,Pacers,Pistons,home,112-104,0&1,-4.0,204.0,8,4.0,12.0,8.0,4.0,W,W,O,"0
Feb","06,",2016,recap,Sat,2015,Pistons,Pacers,away,104-112,1&0,4.0,204.0,-8,-4.0,12.0,4.0,8.0,L,L,O,"0
Feb","06,",2016,recap,Sat,2015,Rockets,Trailblazers,home,79-96,1&1,-5.0,217.5,-17,-22.0,-42.5,-32.2,-10.2,L,L,U,"0
Feb","06,",2016,recap,Sat,2015,Trailblazers,Rockets,away,96-79,1&1,5.0,217.5,17,22.0,-42.5,-10.2,-32.2,W,W,U,"0
Feb","06,",2016,recap,Sat,2015,Seventysixers,Nets,home,103-98,0&0,-1.0,204.5,5,4.0,-3.5,0.2,-3.8,W,W,U,"0
Feb","06,",2016,recap,Sat,2015,Nets,Seventysixers,away,98-103,0&0,1.0,204.5,-5,-4.0,-3.5,-3.8,0.2,L,L,U,"0
Feb","06,",2016,recap,Sat,2015,Spurs,Lakers,home,106-102,0&1,-16.5,204.5,4,-12.5,3.5,-4.5,8.0,W,L,O,"0
Feb","06,",2016,recap,Sat,2015,Lakers,Spurs,away,102-106,1&0,16.5,204.5,-4,12.5,3.5,8.0,-4.5,L,W,O,"0
Feb","06,",2016,recap,Sat,2015,Suns,Jazz,home,89-98,1&0,6.5,188.5,-9,-2.5,-1.5,-2.0,0.5,L,L,U,"0
Feb","06,",2016,recap,Sat,2015,Jazz,Suns,away,98-89,0&1,-6.5,188.5,9,2.5,-1.5,0.5,-2.0,W,W,U,"0
Feb","06,",2016,recap,Sat,2015,Timberwolves,Bulls,home,112-105,2&0,-3.5,205.0,7,3.5,12.0,7.8,4.2,W,W,O,"0
Feb","06,",2016,recap,Sat,2015,Bulls,Timberwolves,away,105-112,0&2,3.5,205.0,-7,-3.5,12.0,4.2,7.8,L,L,O,"0
Feb","06,",2016,recap,Sat,2015,Warriors,Thunder,home,116-108,2&2,-8.0,232.0,8,0.0,-8.0,-4.0,-4.0,W,P,U,"0
Feb","06,",2016,recap,Sat,2015,Thunder,Warriors,away,108-116,2&2,8.0,232.0,-8,0.0,-8.0,-4.0,-4.0,L,P,U,0
