Date,Link,Day,Season,Team,Opp,Site,Final,Rest,Line,Total,SUm,ATSm,OUm,DPS,DPA,SUr,ATSr,OUr,"ot
Mar","15,",2016,recap,Tue,2015,Bucks,Raptors,home,89-107,1&0,1.0,205.5,-18,-17.0,-9.5,-13.2,3.8,L,L,U,"0
Mar","15,",2016,recap,Tue,2015,Raptors,Bucks,away,107-89,0&1,-1.0,205.5,18,17.0,-9.5,3.8,-13.2,W,W,U,"0
Mar","15,",2016,recap,Tue,2015,Lakers,Kings,home,98-106,1&1,4.5,218.5,-8,-3.5,-14.5,-9.0,-5.5,L,L,U,"0
Mar","15,",2016,recap,Tue,2015,Kings,Lakers,away,106-98,1&1,-4.5,218.5,8,3.5,-14.5,-5.5,-9.0,W,W,U,"0
Mar","15,",2016,recap,Tue,2015,Magic,Nuggets,home,116-110,2&0,-3.5,214.5,6,2.5,11.5,7.0,4.5,W,W,O,"0
Mar","15,",2016,recap,Tue,2015,Nuggets,Magic,away,110-116,0&2,3.5,214.5,-6,-2.5,11.5,4.5,7.0,L,L,O,"0
Mar","15,",2016,recap,Tue,2015,Nets,Seventysixers,home,131-114,1&2,-7.5,212.0,17,9.5,33.0,21.2,11.8,W,W,O,"0
Mar","15,",2016,recap,Tue,2015,Seventysixers,Nets,away,114-131,2&1,7.5,212.0,-17,-9.5,33.0,11.8,21.2,L,L,O,"0
Mar","15,",2016,recap,Tue,2015,Pacers,Celtics,home,103-98,1&3,-2.5,208.5,5,2.5,-7.5,-2.5,-5.0,W,W,U,"0
Mar","15,",2016,recap,Tue,2015,Celtics,Pacers,away,98-103,3&1,2.5,208.5,-5,-2.5,-7.5,-5.0,-2.5,L,L,U,"0
Mar","15,",2016,recap,Tue,2015,Spurs,Clippers,home,108-87,2&1,-9.5,200.5,21,11.5,-5.5,3.0,-8.5,W,W,U,"0
Mar","15,",2016,recap,Tue,2015,Clippers,Spurs,away,87-108,1&2,9.5,200.5,-21,-11.5,-5.5,-8.5,3.0,L,L,U,0
