Date,Link,Day,Season,Team,Opp,Site,Final,Rest,Line,Total,SUm,ATSm,OUm,DPS,DPA,SUr,ATSr,OUr,"ot
Apr","13,",2016,recap,Wed,2015,Bucks,Pacers,home,92-97,1&0,-5.0,201.5,-5,-10.0,-12.5,-11.2,-1.2,L,L,U,"0
Apr","13,",2016,recap,Wed,2015,Pacers,Bucks,away,97-92,0&1,5.0,201.5,5,10.0,-12.5,-1.2,-11.2,W,W,U,"0
Apr","13,",2016,recap,Wed,2015,Bulls,Seventysixers,home,115-105,1&0,-10.0,209.5,10,0.0,10.5,5.2,5.2,W,P,O,"0
Apr","13,",2016,recap,Wed,2015,Seventysixers,Bulls,away,105-115,0&1,10.0,209.5,-10,0.0,10.5,5.2,5.2,L,P,O,"0
Apr","13,",2016,recap,Wed,2015,Cavaliers,Pistons,home,110-112,1&0,-2.5,195.5,-2,-4.5,26.5,11.0,15.5,L,L,O,"1
Apr","13,",2016,recap,Wed,2015,Pistons,Cavaliers,away,112-110,0&1,2.5,195.5,2,4.5,26.5,15.5,11.0,W,W,O,"1
Apr","13,",2016,recap,Wed,2015,Celtics,Heat,home,98-88,1&0,-5.0,206.0,10,5.0,-20.0,-7.5,-12.5,W,W,U,"0
Apr","13,",2016,recap,Wed,2015,Heat,Celtics,away,88-98,0&1,5.0,206.0,-10,-5.0,-20.0,-12.5,-7.5,L,L,U,"0
Apr","13,",2016,recap,Wed,2015,Hornets,Magic,home,117-103,1&1,-9.0,211.0,14,5.0,9.0,7.0,2.0,W,W,O,"0
Apr","13,",2016,recap,Wed,2015,Magic,Hornets,away,103-117,1&1,9.0,211.0,-14,-5.0,9.0,2.0,7.0,L,L,O,"0
Apr","13,",2016,recap,Wed,2015,Lakers,Jazz,home,101-96,1&1,5.0,194.5,5,10.0,2.5,6.2,-3.8,W,W,O,"0
Apr","13,",2016,recap,Wed,2015,Jazz,Lakers,away,96-101,1&1,-5.0,194.5,-5,-10.0,2.5,-3.8,6.2,L,L,O,"0
Apr","13,",2016,recap,Wed,2015,Mavericks,Spurs,home,91-96,1&0,-4.5,187.0,-5,-9.5,0.0,-4.8,4.8,L,L,P,"0
Apr","13,",2016,recap,Wed,2015,Spurs,Mavericks,away,96-91,0&1,4.5,187.0,5,9.5,0.0,4.8,-4.8,W,W,P,"0
Apr","13,",2016,recap,Wed,2015,Nets,Raptors,home,96-103,1&0,5.5,206.0,-7,-1.5,-7.0,-4.2,-2.8,L,L,U,"0
Apr","13,",2016,recap,Wed,2015,Raptors,Nets,away,103-96,0&1,-5.5,206.0,7,1.5,-7.0,-2.8,-4.2,W,W,U,"0
Apr","13,",2016,recap,Wed,2015,Rockets,Kings,home,116-81,1&1,-15.5,220.5,35,19.5,-23.5,-2.0,-21.5,W,W,U,"0
Apr","13,",2016,recap,Wed,2015,Kings,Rockets,away,81-116,1&1,15.5,220.5,-35,-19.5,-23.5,-21.5,-2.0,L,L,U,"0
Apr","13,",2016,recap,Wed,2015,Suns,Clippers,home,114-105,1&0,-5.5,205.0,9,3.5,14.0,8.8,5.2,W,W,O,"0
Apr","13,",2016,recap,Wed,2015,Clippers,Suns,away,105-114,0&1,5.5,205.0,-9,-3.5,14.0,5.2,8.8,L,L,O,"0
Apr","13,",2016,recap,Wed,2015,Timberwolves,Pelicans,home,144-109,1&1,-10.0,213.0,35,25.0,40.0,32.5,7.5,W,W,O,"0
Apr","13,",2016,recap,Wed,2015,Pelicans,Timberwolves,away,109-144,1&1,10.0,213.0,-35,-25.0,40.0,7.5,32.5,L,L,O,"0
Apr","13,",2016,recap,Wed,2015,Trailblazers,Nuggets,home,107-99,3&2,-10.5,216.5,8,-2.5,-10.5,-6.5,-4.0,W,L,U,"0
Apr","13,",2016,recap,Wed,2015,Nuggets,Trailblazers,away,99-107,2&3,10.5,216.5,-8,2.5,-10.5,-4.0,-6.5,L,W,U,"0
Apr","13,",2016,recap,Wed,2015,Warriors,Grizzlies,home,125-104,2&0,-18.5,213.0,21,2.5,16.0,9.2,6.8,W,W,O,"0
Apr","13,",2016,recap,Wed,2015,Grizzlies,Warriors,away,104-125,0&2,18.5,213.0,-21,-2.5,16.0,6.8,9.2,L,L,O,"0
Apr","13,",2016,recap,Wed,2015,Wizards,Hawks,home,109-98,1&1,8.0,209.0,11,19.0,-2.0,8.5,-10.5,W,W,U,"0
Apr","13,",2016,recap,Wed,2015,Hawks,Wizards,away,98-109,1&1,-8.0,209.0,-11,-19.0,-2.0,-10.5,8.5,L,L,U,0
