Date,Link,Day,Season,Team,Opp,Site,Final,Rest,Line,Total,SUm,ATSm,OUm,DPS,DPA,SUr,ATSr,OUr,"ot
Jan","27,",2016,recap,Wed,2015,Cavaliers,Suns,home,115-93,1&0,-17.5,209.5,22,4.5,-1.5,1.5,-3.0,W,W,U,"0
Jan","27,",2016,recap,Wed,2015,Suns,Cavaliers,away,93-115,0&1,17.5,209.5,-22,-4.5,-1.5,-3.0,1.5,L,L,U,"0
Jan","27,",2016,recap,Wed,2015,Celtics,Nuggets,home,111-103,1&1,-9.0,213.5,8,-1.0,0.5,-0.2,0.8,W,L,O,"0
Jan","27,",2016,recap,Wed,2015,Nuggets,Celtics,away,103-111,1&1,9.0,213.5,-8,1.0,0.5,0.8,-0.2,L,W,O,"0
Jan","27,",2016,recap,Wed,2015,Hawks,Clippers,home,83-85,1&0,-4.0,206.0,-2,-6.0,-38.0,-22.0,-16.0,L,L,U,"0
Jan","27,",2016,recap,Wed,2015,Clippers,Hawks,away,85-83,0&1,4.0,206.0,2,6.0,-38.0,-16.0,-22.0,W,W,U,"0
Jan","27,",2016,recap,Wed,2015,Jazz,Hornets,home,102-73,1&1,-6.5,192.0,29,22.5,-17.0,2.8,-19.8,W,W,U,"0
Jan","27,",2016,recap,Wed,2015,Hornets,Jazz,away,73-102,1&1,6.5,192.0,-29,-22.5,-17.0,-19.8,2.8,L,L,U,"0
Jan","27,",2016,recap,Wed,2015,Pistons,Seventysixers,home,110-97,1&0,-12.5,206.0,13,0.5,1.0,0.8,0.2,W,W,O,"0
Jan","27,",2016,recap,Wed,2015,Seventysixers,Pistons,away,97-110,0&1,12.5,206.0,-13,-0.5,1.0,0.2,0.8,L,L,O,"0
Jan","27,",2016,recap,Wed,2015,Spurs,Rockets,home,130-99,1&1,-11.0,208.5,31,20.0,20.5,20.2,0.2,W,W,O,"0
Jan","27,",2016,recap,Wed,2015,Rockets,Spurs,away,99-130,1&1,11.0,208.5,-31,-20.0,20.5,0.2,20.2,L,L,O,"0
Jan","27,",2016,recap,Wed,2015,Timberwolves,Thunder,home,123-126,1&0,6.5,213.0,-3,3.5,36.0,19.8,16.2,L,W,O,"0
Jan","27,",2016,recap,Wed,2015,Thunder,Timberwolves,away,126-123,0&1,-6.5,213.0,3,-3.5,36.0,16.2,19.8,W,L,O,"0
Jan","27,",2016,recap,Wed,2015,Warriors,Mavericks,home,127-107,1&0,-17.5,216.0,20,2.5,18.0,10.2,7.8,W,W,O,"0
Jan","27,",2016,recap,Wed,2015,Mavericks,Warriors,away,107-127,0&1,17.5,216.0,-20,-2.5,18.0,7.8,10.2,L,L,O,0
