Date,Link,Day,Season,Team,Opp,Site,Final,Rest,Line,Total,SUm,ATSm,OUm,DPS,DPA,SUr,ATSr,OUr,"ot
Jan","23,",2016,recap,Sat,2015,Cavaliers,Bulls,home,83-96,1&0,-10.5,202.0,-13,-23.5,-23.0,-23.2,0.2,L,L,U,"0
Jan","23,",2016,recap,Sat,2015,Bulls,Cavaliers,away,96-83,0&1,10.5,202.0,13,23.5,-23.0,0.2,-23.2,W,W,U,"0
Jan","23,",2016,recap,Sat,2015,Hornets,Knicks,home,97-84,0&0,0.0,198.5,13,13.0,-17.5,-2.2,-15.2,W,W,U,"0
Jan","23,",2016,recap,Sat,2015,Knicks,Hornets,away,84-97,0&0,-0.0,198.5,-13,-13.0,-17.5,-15.2,-2.2,L,L,U,"0
Jan","23,",2016,recap,Sat,2015,Kings,Pacers,home,108-97,1&0,-3.0,214.5,11,8.0,-9.5,-0.8,-8.8,W,W,U,"0
Jan","23,",2016,recap,Sat,2015,Pacers,Kings,away,97-108,0&1,3.0,214.5,-11,-8.0,-9.5,-8.8,-0.8,L,L,U,"0
Jan","23,",2016,recap,Sat,2015,Nuggets,Pistons,home,104-101,1&1,3.5,206.5,3,6.5,-1.5,2.5,-4.0,W,W,U,"0
Jan","23,",2016,recap,Sat,2015,Pistons,Nuggets,away,101-104,1&1,-3.5,206.5,-3,-6.5,-1.5,-4.0,2.5,L,L,U,"0
Jan","23,",2016,recap,Sat,2015,Pelicans,Bucks,home,116-99,1&0,-6.5,204.5,17,10.5,10.5,10.5,0.0,W,W,O,"0
Jan","23,",2016,recap,Sat,2015,Bucks,Pelicans,away,99-116,0&1,6.5,204.5,-17,-10.5,10.5,0.0,10.5,L,L,O,"0
Jan","23,",2016,recap,Sat,2015,Suns,Hawks,home,98-95,1&1,11.0,205.0,3,14.0,-12.0,1.0,-13.0,W,W,U,"0
Jan","23,",2016,recap,Sat,2015,Hawks,Suns,away,95-98,1&1,-11.0,205.0,-3,-14.0,-12.0,-13.0,1.0,L,L,U,"0
Jan","23,",2016,recap,Sat,2015,Timberwolves,Grizzlies,home,106-101,2&1,3.0,193.5,5,8.0,13.5,10.8,2.8,W,W,O,"0
Jan","23,",2016,recap,Sat,2015,Grizzlies,Timberwolves,away,101-106,1&2,-3.0,193.5,-5,-8.0,13.5,2.8,10.8,L,L,O,"0
Jan","23,",2016,recap,Sat,2015,Trailblazers,Lakers,home,121-103,2&0,-11.5,208.0,18,6.5,16.0,11.2,4.8,W,W,O,"0
Jan","23,",2016,recap,Sat,2015,Lakers,Trailblazers,away,103-121,0&2,11.5,208.0,-18,-6.5,16.0,4.8,11.2,L,L,O,0
