Date,Link,Day,Season,Team,Opp,Site,Final,Rest,Line,Total,SUm,ATSm,OUm,DPS,DPA,SUr,ATSr,OUr,"ot
Feb","20,",2016,recap,Sat,2015,Clippers,Warriors,home,112-115,1&0,4.0,226.5,-3,1.0,0.5,0.8,-0.2,L,W,O,"0
Feb","20,",2016,recap,Sat,2015,Warriors,Clippers,away,115-112,0&1,-4.0,226.5,3,-1.0,0.5,-0.2,0.8,W,L,O,"0
Feb","20,",2016,recap,Sat,2015,Hawks,Bucks,home,109-117,0&0,-8.5,207.0,-8,-16.5,19.0,1.2,17.8,L,L,O,"2
Feb","20,",2016,recap,Sat,2015,Bucks,Hawks,away,117-109,0&0,8.5,207.0,8,16.5,19.0,17.8,1.2,W,W,O,"2
Feb","20,",2016,recap,Sat,2015,Heat,Wizards,home,114-94,0&0,0.0,201.0,20,20.0,7.0,13.5,-6.5,W,W,O,"0
Feb","20,",2016,recap,Sat,2015,Wizards,Heat,away,94-114,0&0,0.0,201.0,-20,-20.0,7.0,-6.5,13.5,L,L,O,"0
Feb","20,",2016,recap,Sat,2015,Timberwolves,Knicks,home,95-103,0&0,-2.0,207.0,-8,-10.0,-9.0,-9.5,0.5,L,L,U,"0
Feb","20,",2016,recap,Sat,2015,Knicks,Timberwolves,away,103-95,0&0,2.0,207.0,8,10.0,-9.0,0.5,-9.5,W,W,U,0
