Date,Link,Day,Season,Team,Opp,Site,Final,Rest,Line,Total,SUm,ATSm,OUm,DPS,DPA,SUr,ATSr,OUr,"ot
Nov","23,",2016,recap,Wed,2016,Cavaliers,Trailblazers,home,137-125,4&0,-11.5,218.5,12,0.5,43.5,22.0,21.5,W,W,O,"0
Nov","23,",2016,recap,Wed,2016,Trailblazers,Cavaliers,away,125-137,0&4,11.5,218.5,-12,-0.5,43.5,21.5,22.0,L,L,O,"0
Nov","23,",2016,recap,Wed,2016,Hornets,Spurs,home,114-119,1&1,5.0,201.0,-5,0.0,32.0,16.0,16.0,L,P,O,"0
Nov","23,",2016,recap,Wed,2016,Spurs,Hornets,away,119-114,1&1,-5.0,201.0,5,0.0,32.0,16.0,16.0,W,P,O,"0
Nov","23,",2016,recap,Wed,2016,Jazz,Nuggets,home,108-83,2&0,-7.5,199.0,25,17.5,-8.0,4.8,-12.8,W,W,U,"0
Nov","23,",2016,recap,Wed,2016,Nuggets,Jazz,away,83-108,0&2,7.5,199.0,-25,-17.5,-8.0,-12.8,4.8,L,L,U,"0
Nov","23,",2016,recap,Wed,2016,Kings,Thunder,home,116-101,2&0,-2.5,214.0,15,12.5,3.0,7.8,-4.8,W,W,O,"0
Nov","23,",2016,recap,Wed,2016,Thunder,Kings,away,101-116,0&2,2.5,214.0,-15,-12.5,3.0,-4.8,7.8,L,L,O,"0
Nov","23,",2016,recap,Wed,2016,Magic,Suns,home,87-92,1&1,-4.0,208.0,-5,-9.0,-29.0,-19.0,-10.0,L,L,U,"0
Nov","23,",2016,recap,Wed,2016,Suns,Magic,away,92-87,1&1,4.0,208.0,5,9.0,-29.0,-10.0,-19.0,W,W,U,"0
Nov","23,",2016,recap,Wed,2016,Mavericks,Clippers,home,104-124,1&1,10.5,193.0,-20,-9.5,35.0,12.8,22.2,L,L,O,"0
Nov","23,",2016,recap,Wed,2016,Clippers,Mavericks,away,124-104,1&1,-10.5,193.0,20,9.5,35.0,22.2,12.8,W,W,O,"0
Nov","23,",2016,recap,Wed,2016,Nets,Celtics,home,92-111,2&1,7.5,215.0,-19,-11.5,-12.0,-11.8,-0.2,L,L,U,"0
Nov","23,",2016,recap,Wed,2016,Celtics,Nets,away,111-92,1&2,-7.5,215.0,19,11.5,-12.0,-0.2,-11.8,W,W,U,"0
Nov","23,",2016,recap,Wed,2016,Pacers,Hawks,home,85-96,1&0,1.5,204.0,-11,-9.5,-23.0,-16.2,-6.8,L,L,U,"0
Nov","23,",2016,recap,Wed,2016,Hawks,Pacers,away,96-85,0&1,-1.5,204.0,11,9.5,-23.0,-6.8,-16.2,W,W,U,"0
Nov","23,",2016,recap,Wed,2016,Pelicans,Timberwolves,home,117-96,0&1,2.0,210.5,21,23.0,2.5,12.8,-10.2,W,W,O,"0
Nov","23,",2016,recap,Wed,2016,Timberwolves,Pelicans,away,96-117,1&0,-2.0,210.5,-21,-23.0,2.5,-10.2,12.8,L,L,O,"0
Nov","23,",2016,recap,Wed,2016,Pistons,Heat,home,107-84,1&1,-5.0,189.0,23,18.0,2.0,10.0,-8.0,W,W,O,"0
Nov","23,",2016,recap,Wed,2016,Heat,Pistons,away,84-107,1&1,5.0,189.0,-23,-18.0,2.0,-8.0,10.0,L,L,O,"0
Nov","23,",2016,recap,Wed,2016,Rockets,Raptors,home,102-115,1&1,-3.5,217.0,-13,-16.5,0.0,-8.2,8.2,L,L,P,"0
Nov","23,",2016,recap,Wed,2016,Raptors,Rockets,away,115-102,1&1,3.5,217.0,13,16.5,0.0,8.2,-8.2,W,W,P,"0
Nov","23,",2016,recap,Wed,2016,Seventysixers,Grizzlies,home,99-104,1&1,5.5,196.0,-5,0.5,7.0,3.8,3.2,L,W,O,"2
Nov","23,",2016,recap,Wed,2016,Grizzlies,Seventysixers,away,104-99,1&1,-5.5,196.0,5,-0.5,7.0,3.2,3.8,W,L,O,"2
Nov","23,",2016,recap,Wed,2016,Warriors,Lakers,home,149-106,1&0,-17.5,230.0,43,25.5,25.0,25.2,-0.2,W,W,O,"0
Nov","23,",2016,recap,Wed,2016,Lakers,Warriors,away,106-149,0&1,17.5,230.0,-43,-25.5,25.0,-0.2,25.2,L,L,O,0
