Date,Link,Day,Season,Team,Opp,Site,Final,Rest,Line,Total,SUm,ATSm,OUm,DPS,DPA,SUr,ATSr,OUr,"ot
Dec","08,",2016,recap,Thu,2016,Bulls,Spurs,home,95-91,1&1,3.5,201.0,4,7.5,-15.0,-3.8,-11.2,W,W,U,"0
Dec","08,",2016,recap,Thu,2016,Spurs,Bulls,away,91-95,1&1,-3.5,201.0,-4,-7.5,-15.0,-11.2,-3.8,L,L,U,"0
Dec","08,",2016,recap,Thu,2016,Grizzlies,Trailblazers,home,88-86,1&0,2.0,204.5,2,4.0,-30.5,-13.2,-17.2,W,W,U,"0
Dec","08,",2016,recap,Thu,2016,Trailblazers,Grizzlies,away,86-88,0&1,-2.0,204.5,-2,-4.0,-30.5,-17.2,-13.2,L,L,U,"0
Dec","08,",2016,recap,Thu,2016,Jazz,Warriors,home,99-106,1&0,8.5,208.5,-7,1.5,-3.5,-1.0,-2.5,L,W,U,"0
Dec","08,",2016,recap,Thu,2016,Warriors,Jazz,away,106-99,0&1,-8.5,208.5,7,-1.5,-3.5,-2.5,-1.0,W,L,U,"0
Dec","08,",2016,recap,Thu,2016,Pelicans,Seventysixers,home,88-99,2&1,-7.0,204.5,-11,-18.0,-17.5,-17.8,0.2,L,L,U,"0
Dec","08,",2016,recap,Thu,2016,Seventysixers,Pelicans,away,99-88,1&2,7.0,204.5,11,18.0,-17.5,0.2,-17.8,W,W,U,"0
Dec","08,",2016,recap,Thu,2016,Raptors,Timberwolves,home,124-110,2&1,-9.0,214.0,14,5.0,20.0,12.5,7.5,W,W,O,"0
Dec","08,",2016,recap,Thu,2016,Timberwolves,Raptors,away,110-124,1&2,9.0,214.0,-14,-5.0,20.0,7.5,12.5,L,L,O,"0
Dec","08,",2016,recap,Thu,2016,Wizards,Nuggets,home,92-85,1&0,-6.0,218.0,7,1.0,-41.0,-20.0,-21.0,W,W,U,"0
Dec","08,",2016,recap,Thu,2016,Nuggets,Wizards,away,85-92,0&1,6.0,218.0,-7,-1.0,-41.0,-21.0,-20.0,L,L,U,0
