Date,Link,Day,Season,Team,Opp,Site,Final,Rest,Line,Total,SUm,ATSm,OUm,DPS,DPA,SUr,ATSr,OUr,"ot
Mar","20,",2016,recap,Sun,2015,Bucks,Jazz,home,85-94,2&0,0.0,190.5,-9,-9.0,-11.5,-10.2,-1.2,L,L,U,"0
Mar","20,",2016,recap,Sun,2015,Jazz,Bucks,away,94-85,0&2,-0.0,190.5,9,9.0,-11.5,-1.2,-10.2,W,W,U,"0
Mar","20,",2016,recap,Sun,2015,Knicks,Kings,home,80-88,0&1,4.0,212.5,-8,-4.0,-44.5,-24.2,-20.2,L,L,U,"0
Mar","20,",2016,recap,Sun,2015,Kings,Knicks,away,88-80,1&0,-4.0,212.5,8,4.0,-44.5,-20.2,-24.2,W,W,U,"0
Mar","20,",2016,recap,Sun,2015,Mavericks,Trailblazers,home,132-120,1&1,0.0,215.0,12,12.0,37.0,24.5,12.5,W,W,O,"1
Mar","20,",2016,recap,Sun,2015,Trailblazers,Mavericks,away,120-132,1&1,-0.0,215.0,-12,-12.0,37.0,12.5,24.5,L,L,O,"1
Mar","20,",2016,recap,Sun,2015,Pelicans,Clippers,home,109-105,1&0,8.5,211.0,4,12.5,3.0,7.8,-4.8,W,W,O,"0
Mar","20,",2016,recap,Sun,2015,Clippers,Pelicans,away,105-109,0&1,-8.5,211.0,-4,-12.5,3.0,-4.8,7.8,L,L,O,"0
Mar","20,",2016,recap,Sun,2015,Raptors,Magic,home,105-100,1&1,-9.0,209.0,5,-4.0,-4.0,-4.0,0.0,W,L,U,"0
Mar","20,",2016,recap,Sun,2015,Magic,Raptors,away,100-105,1&1,9.0,209.0,-5,4.0,-4.0,0.0,-4.0,L,W,U,"0
Mar","20,",2016,recap,Sun,2015,Seventysixers,Celtics,home,105-120,1&1,11.5,215.0,-15,-3.5,10.0,3.2,6.8,L,L,O,"0
Mar","20,",2016,recap,Sun,2015,Celtics,Seventysixers,away,120-105,1&1,-11.5,215.0,15,3.5,10.0,6.8,3.2,W,W,O,0
