Date,Link,Day,Season,Team,Opp,Site,Final,Rest,Line,Total,SUm,ATSm,OUm,DPS,DPA,SUr,ATSr,OUr,"ot
Apr","03,",2016,recap,Sun,2015,Bucks,Bulls,home,98-102,1&0,-2.5,202.5,-4,-6.5,-2.5,-4.5,2.0,L,L,U,"0
Apr","03,",2016,recap,Sun,2015,Bulls,Bucks,away,102-98,0&1,2.5,202.5,4,6.5,-2.5,2.0,-4.5,W,W,U,"0
Apr","03,",2016,recap,Sun,2015,Cavaliers,Hornets,home,112-103,1&1,-6.5,203.5,9,2.5,11.5,7.0,4.5,W,W,O,"0
Apr","03,",2016,recap,Sun,2015,Hornets,Cavaliers,away,103-112,1&1,6.5,203.5,-9,-2.5,11.5,4.5,7.0,L,L,O,"0
Apr","03,",2016,recap,Sun,2015,Clippers,Wizards,home,114-109,2&1,-6.5,206.5,5,-1.5,16.5,7.5,9.0,W,L,O,"0
Apr","03,",2016,recap,Sun,2015,Wizards,Clippers,away,109-114,1&2,6.5,206.5,-5,1.5,16.5,9.0,7.5,L,W,O,"0
Apr","03,",2016,recap,Sun,2015,Knicks,Pacers,home,87-92,1&0,5.0,195.5,-5,0.0,-16.5,-8.2,-8.2,L,P,U,"0
Apr","03,",2016,recap,Sun,2015,Pacers,Knicks,away,92-87,0&1,-5.0,195.5,5,0.0,-16.5,-8.2,-8.2,W,P,U,"0
Apr","03,",2016,recap,Sun,2015,Lakers,Celtics,home,100-107,3&1,9.0,208.5,-7,2.0,-1.5,0.2,-1.8,L,W,U,"0
Apr","03,",2016,recap,Sun,2015,Celtics,Lakers,away,107-100,1&3,-9.0,208.5,7,-2.0,-1.5,-1.8,0.2,W,L,U,"0
Apr","03,",2016,recap,Sun,2015,Magic,Grizzlies,home,119-107,1&1,-4.5,206.0,12,7.5,20.0,13.8,6.2,W,W,O,"0
Apr","03,",2016,recap,Sun,2015,Grizzlies,Magic,away,107-119,1&1,4.5,206.0,-12,-7.5,20.0,6.2,13.8,L,L,O,"0
Apr","03,",2016,recap,Sun,2015,Nets,Pelicans,home,87-106,1&2,-3.0,203.0,-19,-22.0,-10.0,-16.0,6.0,L,L,U,"0
Apr","03,",2016,recap,Sun,2015,Pelicans,Nets,away,106-87,2&1,3.0,203.0,19,22.0,-10.0,6.0,-16.0,W,W,U,"0
Apr","03,",2016,recap,Sun,2015,Rockets,Thunder,home,118-110,2&2,3.0,222.0,8,11.0,6.0,8.5,-2.5,W,W,O,"0
Apr","03,",2016,recap,Sun,2015,Thunder,Rockets,away,110-118,2&2,-3.0,222.0,-8,-11.0,6.0,-2.5,8.5,L,L,O,"0
Apr","03,",2016,recap,Sun,2015,Suns,Jazz,home,86-101,1&1,9.0,193.5,-15,-6.0,-6.5,-6.2,-0.2,L,L,U,"0
Apr","03,",2016,recap,Sun,2015,Jazz,Suns,away,101-86,1&1,-9.0,193.5,15,6.0,-6.5,-0.2,-6.2,W,W,U,"0
Apr","03,",2016,recap,Sun,2015,Timberwolves,Mavericks,home,78-88,1&1,2.5,206.0,-10,-7.5,-40.0,-23.8,-16.2,L,L,U,"0
Apr","03,",2016,recap,Sun,2015,Mavericks,Timberwolves,away,88-78,1&1,-2.5,206.0,10,7.5,-40.0,-16.2,-23.8,W,W,U,"0
Apr","03,",2016,recap,Sun,2015,Warriors,Trailblazers,home,136-111,1&0,-12.0,227.0,25,13.0,20.0,16.5,3.5,W,W,O,"0
Apr","03,",2016,recap,Sun,2015,Trailblazers,Warriors,away,111-136,0&1,12.0,227.0,-25,-13.0,20.0,3.5,16.5,L,L,O,0
