Date,Link,Day,Season,Team,Opp,Site,Final,Rest,Line,Total,SUm,ATSm,OUm,DPS,DPA,SUr,ATSr,OUr,"ot
Nov","16,",2016,recap,Wed,2016,Celtics,Mavericks,home,90-83,1&1,-7.0,199.5,7,0.0,-26.5,-13.2,-13.2,W,P,U,"0
Nov","16,",2016,recap,Wed,2016,Mavericks,Celtics,away,83-90,1&1,7.0,199.5,-7,0.0,-26.5,-13.2,-13.2,L,P,U,"0
Nov","16,",2016,recap,Wed,2016,Clippers,Grizzlies,home,107-111,1&1,-12.0,202.5,-4,-16.0,15.5,-0.2,15.8,L,L,O,"0
Nov","16,",2016,recap,Wed,2016,Grizzlies,Clippers,away,111-107,1&1,12.0,202.5,4,16.0,15.5,15.8,-0.2,W,W,O,"0
Nov","16,",2016,recap,Wed,2016,Hawks,Bucks,home,107-100,0&3,-6.5,208.5,7,0.5,-1.5,-0.5,-1.0,W,W,U,"0
Nov","16,",2016,recap,Wed,2016,Bucks,Hawks,away,100-107,3&0,6.5,208.5,-7,-0.5,-1.5,-1.0,-0.5,L,L,U,"0
Nov","16,",2016,recap,Wed,2016,Kings,Spurs,home,105-110,4&1,5.5,198.0,-5,0.5,17.0,8.8,8.2,L,W,O,"0
Nov","16,",2016,recap,Wed,2016,Spurs,Kings,away,110-105,1&4,-5.5,198.0,5,-0.5,17.0,8.2,8.8,W,L,O,"0
Nov","16,",2016,recap,Wed,2016,Knicks,Pistons,home,105-102,1&1,-2.0,201.5,3,1.0,5.5,3.2,2.2,W,W,O,"0
Nov","16,",2016,recap,Wed,2016,Pistons,Knicks,away,102-105,1&1,2.0,201.5,-3,-1.0,5.5,2.2,3.2,L,L,O,"0
Nov","16,",2016,recap,Wed,2016,Magic,Pelicans,home,89-82,1&1,-6.0,200.0,7,1.0,-29.0,-14.0,-15.0,W,W,U,"0
Nov","16,",2016,recap,Wed,2016,Pelicans,Magic,away,82-89,1&1,6.0,200.0,-7,-1.0,-29.0,-15.0,-14.0,L,L,U,"0
Nov","16,",2016,recap,Wed,2016,Nuggets,Suns,home,120-104,2&2,-4.5,221.5,16,11.5,2.5,7.0,-4.5,W,W,O,"0
Nov","16,",2016,recap,Wed,2016,Suns,Nuggets,away,104-120,2&2,4.5,221.5,-16,-11.5,2.5,-4.5,7.0,L,L,O,"0
Nov","16,",2016,recap,Wed,2016,Pacers,Cavaliers,home,103-93,1&0,1.0,209.0,10,11.0,-13.0,-1.0,-12.0,W,W,U,"0
Nov","16,",2016,recap,Wed,2016,Cavaliers,Pacers,away,93-103,0&1,-1.0,209.0,-10,-11.0,-13.0,-12.0,-1.0,L,L,U,"0
Nov","16,",2016,recap,Wed,2016,Raptors,Warriors,home,121-127,0&2,5.5,222.5,-6,-0.5,25.5,12.5,13.0,L,L,O,"0
Nov","16,",2016,recap,Wed,2016,Warriors,Raptors,away,127-121,2&0,-5.5,222.5,6,0.5,25.5,13.0,12.5,W,W,O,"0
Nov","16,",2016,recap,Wed,2016,Seventysixers,Wizards,home,109-102,1&3,5.5,205.0,7,12.5,6.0,9.2,-3.2,W,W,O,"0
Nov","16,",2016,recap,Wed,2016,Wizards,Seventysixers,away,102-109,3&1,-5.5,205.0,-7,-12.5,6.0,-3.2,9.2,L,L,O,"0
Nov","16,",2016,recap,Wed,2016,Thunder,Rockets,home,105-103,1&1,-2.0,218.0,2,0.0,-10.0,-5.0,-5.0,W,P,U,"0
Nov","16,",2016,recap,Wed,2016,Rockets,Thunder,away,103-105,1&1,2.0,218.0,-2,0.0,-10.0,-5.0,-5.0,L,P,U,0
