Date,Link,Day,Season,Team,Opp,Site,Final,Rest,Line,Total,SUm,ATSm,OUm,DPS,DPA,SUr,ATSr,OUr,"ot
Mar","04,",2016,recap,Fri,2015,Bucks,Timberwolves,home,116-101,1&1,-5.5,214.0,15,9.5,3.0,6.2,-3.2,W,W,O,"0
Mar","04,",2016,recap,Fri,2015,Timberwolves,Bucks,away,101-116,1&1,5.5,214.0,-15,-9.5,3.0,-3.2,6.2,L,L,O,"0
Mar","04,",2016,recap,Fri,2015,Cavaliers,Wizards,home,108-83,3&1,-8.0,209.0,25,17.0,-18.0,-0.5,-17.5,W,W,U,"0
Mar","04,",2016,recap,Fri,2015,Wizards,Cavaliers,away,83-108,1&3,8.0,209.0,-25,-17.0,-18.0,-17.5,-0.5,L,L,U,"0
Mar","04,",2016,recap,Fri,2015,Celtics,Knicks,home,105-104,1&2,-10.0,210.0,1,-9.0,-1.0,-5.0,4.0,W,L,U,"0
Mar","04,",2016,recap,Fri,2015,Knicks,Celtics,away,104-105,2&1,10.0,210.0,-1,9.0,-1.0,4.0,-5.0,L,W,U,"0
Mar","04,",2016,recap,Fri,2015,Grizzlies,Jazz,home,94-88,1&1,0.0,192.0,6,6.0,-10.0,-2.0,-8.0,W,W,U,"0
Mar","04,",2016,recap,Fri,2015,Jazz,Grizzlies,away,88-94,1&1,-0.0,192.0,-6,-6.0,-10.0,-8.0,-2.0,L,L,U,"0
Mar","04,",2016,recap,Fri,2015,Hornets,Pacers,home,108-101,1&1,-3.0,201.5,7,4.0,7.5,5.8,1.8,W,W,O,"0
Mar","04,",2016,recap,Fri,2015,Pacers,Hornets,away,101-108,1&1,3.0,201.5,-7,-4.0,7.5,1.8,5.8,L,L,O,"0
Mar","04,",2016,recap,Fri,2015,Lakers,Hawks,home,77-106,1&2,11.0,204.0,-29,-18.0,-21.0,-19.5,-1.5,L,L,U,"0
Mar","04,",2016,recap,Fri,2015,Hawks,Lakers,away,106-77,2&1,-11.0,204.0,29,18.0,-21.0,-1.5,-19.5,W,W,U,"0
Mar","04,",2016,recap,Fri,2015,Magic,Suns,home,84-102,1&0,-12.5,214.5,-18,-30.5,-28.5,-29.5,1.0,L,L,U,"0
Mar","04,",2016,recap,Fri,2015,Suns,Magic,away,102-84,0&1,12.5,214.5,18,30.5,-28.5,1.0,-29.5,W,W,U,"0
Mar","04,",2016,recap,Fri,2015,Nuggets,Nets,home,120-121,1&2,-5.0,208.5,-1,-6.0,32.5,13.2,19.2,L,L,O,"1
Mar","04,",2016,recap,Fri,2015,Nets,Nuggets,away,121-120,2&1,5.0,208.5,1,6.0,32.5,19.2,13.2,W,W,O,"1
Mar","04,",2016,recap,Fri,2015,Raptors,Trailblazers,home,117-115,1&1,-5.5,208.5,2,-3.5,23.5,10.0,13.5,W,L,O,"0
Mar","04,",2016,recap,Fri,2015,Trailblazers,Raptors,away,115-117,1&1,5.5,208.5,-2,3.5,23.5,13.5,10.0,L,W,O,"0
Mar","04,",2016,recap,Fri,2015,Seventysixers,Heat,home,102-112,1&0,9.5,209.0,-10,-0.5,5.0,2.2,2.8,L,L,O,"0
Mar","04,",2016,recap,Fri,2015,Heat,Seventysixers,away,112-102,0&1,-9.5,209.0,10,0.5,5.0,2.8,2.2,W,W,O,0
