Date,Link,Day,Season,Team,Opp,Site,Final,Rest,Line,Total,SUm,ATSm,OUm,DPS,DPA,SUr,ATSr,OUr,"ot
Jan","04,",2016,recap,Mon,2015,Bucks,Spurs,home,98-123,1&1,10.0,192.5,-25,-15.0,28.5,6.8,21.8,L,L,O,"0
Jan","04,",2016,recap,Mon,2015,Spurs,Bucks,away,123-98,1&1,-10.0,192.5,25,15.0,28.5,21.8,6.8,W,W,O,"0
Jan","04,",2016,recap,Mon,2015,Cavaliers,Raptors,home,122-100,1&0,-8.0,193.0,22,14.0,29.0,21.5,7.5,W,W,O,"0
Jan","04,",2016,recap,Mon,2015,Raptors,Cavaliers,away,100-122,0&1,8.0,193.0,-22,-14.0,29.0,7.5,21.5,L,L,O,"0
Jan","04,",2016,recap,Mon,2015,Heat,Pacers,home,103-100,0&1,-2.0,193.0,3,1.0,10.0,5.5,4.5,W,W,O,"1
Jan","04,",2016,recap,Mon,2015,Pacers,Heat,away,100-103,1&0,2.0,193.0,-3,-1.0,10.0,4.5,5.5,L,L,O,"1
Jan","04,",2016,recap,Mon,2015,Jazz,Rockets,home,91-93,1&1,2.5,199.5,-2,0.5,-15.5,-7.5,-8.0,L,W,U,"0
Jan","04,",2016,recap,Mon,2015,Rockets,Jazz,away,93-91,1&1,-2.5,199.5,2,-0.5,-15.5,-8.0,-7.5,W,L,U,"0
Jan","04,",2016,recap,Mon,2015,Nets,Celtics,home,94-103,1&1,7.5,202.5,-9,-1.5,-5.5,-3.5,-2.0,L,L,U,"0
Jan","04,",2016,recap,Mon,2015,Celtics,Nets,away,103-94,1&1,-7.5,202.5,9,1.5,-5.5,-2.0,-3.5,W,W,U,"0
Jan","04,",2016,recap,Mon,2015,Pistons,Magic,home,115-89,1&1,-4.5,198.0,26,21.5,6.0,13.8,-7.8,W,W,O,"0
Jan","04,",2016,recap,Mon,2015,Magic,Pistons,away,89-115,1&1,4.5,198.0,-26,-21.5,6.0,-7.8,13.8,L,L,O,"0
Jan","04,",2016,recap,Mon,2015,Seventysixers,Timberwolves,home,109-99,1&1,6.0,204.0,10,16.0,4.0,10.0,-6.0,W,W,O,"0
Jan","04,",2016,recap,Mon,2015,Timberwolves,Seventysixers,away,99-109,1&1,-6.0,204.0,-10,-16.0,4.0,-6.0,10.0,L,L,O,"0
Jan","04,",2016,recap,Mon,2015,Thunder,Kings,home,104-116,1&1,-7.5,216.5,-12,-19.5,3.5,-8.0,11.5,L,L,O,"0
Jan","04,",2016,recap,Mon,2015,Kings,Thunder,away,116-104,1&1,7.5,216.5,12,19.5,3.5,11.5,-8.0,W,W,O,"0
Jan","04,",2016,recap,Mon,2015,Trailblazers,Grizzlies,home,78-91,0&1,1.5,194.0,-13,-11.5,-25.0,-18.2,-6.8,L,L,U,"0
Jan","04,",2016,recap,Mon,2015,Grizzlies,Trailblazers,away,91-78,1&0,-1.5,194.0,13,11.5,-25.0,-6.8,-18.2,W,W,U,"0
Jan","04,",2016,recap,Mon,2015,Warriors,Hornets,home,111-101,1&1,-10.0,211.0,10,0.0,1.0,0.5,0.5,W,P,O,"0
Jan","04,",2016,recap,Mon,2015,Hornets,Warriors,away,101-111,1&1,10.0,211.0,-10,0.0,1.0,0.5,0.5,L,P,O,0
