Date,Link,Day,Season,Team,Opp,Site,Final,Rest,Line,Total,SUm,ATSm,OUm,DPS,DPA,SUr,ATSr,OUr,"ot
Jan","09,",2016,recap,Sat,2015,Clippers,Hornets,home,97-83,2&2,-8.5,203.0,14,5.5,-23.0,-8.8,-14.2,W,W,U,"0
Jan","09,",2016,recap,Sat,2015,Hornets,Clippers,away,83-97,2&2,8.5,203.0,-14,-5.5,-23.0,-14.2,-8.8,L,L,U,"0
Jan","09,",2016,recap,Sat,2015,Hawks,Bulls,home,120-105,1&1,-2.5,208.0,15,12.5,17.0,14.8,2.2,W,W,O,"0
Jan","09,",2016,recap,Sat,2015,Bulls,Hawks,away,105-120,1&1,2.5,208.0,-15,-12.5,17.0,2.2,14.8,L,L,O,"0
Jan","09,",2016,recap,Sat,2015,Jazz,Heat,home,98-83,1&0,1.0,183.0,15,16.0,-2.0,7.0,-9.0,W,W,U,"0
Jan","09,",2016,recap,Sat,2015,Heat,Jazz,away,83-98,0&1,-1.0,183.0,-15,-16.0,-2.0,-9.0,7.0,L,L,U,"0
Jan","09,",2016,recap,Sat,2015,Kings,Warriors,home,116-128,1&0,8.0,223.5,-12,-4.0,20.5,8.2,12.2,L,L,O,"0
Jan","09,",2016,recap,Sat,2015,Warriors,Kings,away,128-116,0&1,-8.0,223.5,12,4.0,20.5,12.2,8.2,W,W,O,"0
Jan","09,",2016,recap,Sat,2015,Magic,Wizards,home,99-105,0&0,-3.0,199.0,-6,-9.0,5.0,-2.0,7.0,L,L,O,"0
Jan","09,",2016,recap,Sat,2015,Wizards,Magic,away,105-99,0&0,3.0,199.0,6,9.0,5.0,7.0,-2.0,W,W,O,"0
Jan","09,",2016,recap,Sat,2015,Pistons,Nets,home,103-89,2&0,-11.5,194.5,14,2.5,-2.5,0.0,-2.5,W,W,U,"0
Jan","09,",2016,recap,Sat,2015,Nets,Pistons,away,89-103,0&2,11.5,194.5,-14,-2.5,-2.5,-2.5,0.0,L,L,U,"0
Jan","09,",2016,recap,Sat,2015,Seventysixers,Raptors,home,95-108,1&0,9.0,202.5,-13,-4.0,0.5,-1.8,2.2,L,L,O,"0
Jan","09,",2016,recap,Sat,2015,Raptors,Seventysixers,away,108-95,0&1,-9.0,202.5,13,4.0,0.5,2.2,-1.8,W,W,O,0
