Date,Link,Day,Season,Team,Opp,Site,Final,Rest,Line,Total,SUm,ATSm,OUm,DPS,DPA,SUr,ATSr,OUr,"ot
Oct","29,",2016,recap,Sat,2016,Bucks,Nets,home,110-108,2&0,-7.0,206.0,2,-5.0,12.0,3.5,8.5,W,L,O,"0
Oct","29,",2016,recap,Sat,2016,Nets,Bucks,away,108-110,0&2,7.0,206.0,-2,5.0,12.0,8.5,3.5,L,W,O,"0
Oct","29,",2016,recap,Sat,2016,Bulls,Pacers,home,118-101,1&0,-3.5,210.5,17,13.5,8.5,11.0,-2.5,W,W,O,"0
Oct","29,",2016,recap,Sat,2016,Pacers,Bulls,away,101-118,0&1,3.5,210.5,-17,-13.5,8.5,-2.5,11.0,L,L,O,"0
Oct","29,",2016,recap,Sat,2016,Cavaliers,Magic,home,105-99,0&0,-11.0,204.5,6,-5.0,-0.5,-2.8,2.2,W,L,U,"0
Oct","29,",2016,recap,Sat,2016,Magic,Cavaliers,away,99-105,0&0,11.0,204.5,-6,5.0,-0.5,2.2,-2.8,L,W,U,"0
Oct","29,",2016,recap,Sat,2016,Hornets,Celtics,home,98-104,0&1,3.0,202.5,-6,-3.0,-0.5,-1.8,1.2,L,L,U,"0
Oct","29,",2016,recap,Sat,2016,Celtics,Hornets,away,104-98,1&0,-3.0,202.5,6,3.0,-0.5,1.2,-1.8,W,W,U,"0
Oct","29,",2016,recap,Sat,2016,Kings,Timberwolves,home,106-103,1&2,-1.0,204.0,3,2.0,5.0,3.5,1.5,W,W,O,"0
Oct","29,",2016,recap,Sat,2016,Timberwolves,Kings,away,103-106,2&1,1.0,204.0,-3,-2.0,5.0,1.5,3.5,L,L,O,"0
Oct","29,",2016,recap,Sat,2016,Knicks,Grizzlies,home,111-104,3&2,-2.5,199.0,7,4.5,16.0,10.2,5.8,W,W,O,"0
Oct","29,",2016,recap,Sat,2016,Grizzlies,Knicks,away,104-111,2&3,2.5,199.0,-7,-4.5,16.0,5.8,10.2,L,L,O,"0
Oct","29,",2016,recap,Sat,2016,Nuggets,Trailblazers,home,113-115,2&1,1.0,212.0,-2,-1.0,16.0,7.5,8.5,L,L,O,"1
Oct","29,",2016,recap,Sat,2016,Trailblazers,Nuggets,away,115-113,1&2,-1.0,212.0,2,1.0,16.0,8.5,7.5,W,W,O,"1
Oct","29,",2016,recap,Sat,2016,Seventysixers,Hawks,home,72-104,2&1,8.0,201.5,-32,-24.0,-25.5,-24.8,-0.8,L,L,U,"0
Oct","29,",2016,recap,Sat,2016,Hawks,Seventysixers,away,104-72,1&2,-8.0,201.5,32,24.0,-25.5,-0.8,-24.8,W,W,U,"0
Oct","29,",2016,recap,Sat,2016,Spurs,Pelicans,home,98-79,1&0,-14.0,203.5,19,5.0,-26.5,-10.8,-15.8,W,W,U,"0
Oct","29,",2016,recap,Sat,2016,Pelicans,Spurs,away,79-98,0&1,14.0,203.5,-19,-5.0,-26.5,-15.8,-10.8,L,L,U,0
