Date,Link,Day,Season,Team,Opp,Site,Final,Rest,Line,Total,SUm,ATSm,OUm,DPS,DPA,SUr,ATSr,OUr,"ot
Jan","05,",2016,recap,Tue,2015,Bulls,Bucks,home,117-106,1&0,-8.5,201.0,11,2.5,22.0,12.2,9.8,W,W,O,"0
Jan","05,",2016,recap,Tue,2015,Bucks,Bulls,away,106-117,0&1,8.5,201.0,-11,-2.5,22.0,9.8,12.2,L,L,O,"0
Jan","05,",2016,recap,Tue,2015,Hawks,Knicks,home,101-107,1&1,-7.5,203.5,-6,-13.5,4.5,-4.5,9.0,L,L,O,"0
Jan","05,",2016,recap,Tue,2015,Knicks,Hawks,away,107-101,1&1,7.5,203.5,6,13.5,4.5,9.0,-4.5,W,W,O,"0
Jan","05,",2016,recap,Tue,2015,Lakers,Warriors,home,88-109,1&0,13.0,212.5,-21,-8.0,-15.5,-11.8,-3.8,L,L,U,"0
Jan","05,",2016,recap,Tue,2015,Warriors,Lakers,away,109-88,0&1,-13.0,212.5,21,8.0,-15.5,-3.8,-11.8,W,W,U,"0
Jan","05,",2016,recap,Tue,2015,Mavericks,Kings,home,117-116,2&0,-6.5,213.0,1,-5.5,20.0,7.2,12.8,W,L,O,"2
Jan","05,",2016,recap,Tue,2015,Kings,Mavericks,away,116-117,0&2,6.5,213.0,-1,5.5,20.0,12.8,7.2,L,W,O,2
