Date,Link,Day,Season,Team,Opp,Site,Final,Rest,Line,Total,SUm,ATSm,OUm,DPS,DPA,SUr,ATSr,OUr,"ot
Feb","03,",2016,recap,Wed,2015,Celtics,Pistons,home,102-95,0&1,-4.0,208.5,7,3.0,-11.5,-4.2,-7.2,W,W,U,"0
Feb","03,",2016,recap,Wed,2015,Pistons,Celtics,away,95-102,1&0,4.0,208.5,-7,-3.0,-11.5,-7.2,-4.2,L,L,U,"0
Feb","03,",2016,recap,Wed,2015,Clippers,Timberwolves,home,102-108,2&0,-11.0,209.5,-6,-17.0,0.5,-8.2,8.8,L,L,O,"0
Feb","03,",2016,recap,Wed,2015,Timberwolves,Clippers,away,108-102,0&2,11.0,209.5,6,17.0,0.5,8.8,-8.2,W,W,O,"0
Feb","03,",2016,recap,Wed,2015,Hornets,Cavaliers,home,106-97,2&1,8.5,203.5,9,17.5,-0.5,8.5,-9.0,W,W,U,"0
Feb","03,",2016,recap,Wed,2015,Cavaliers,Hornets,away,97-106,1&2,-8.5,203.5,-9,-17.5,-0.5,-9.0,8.5,L,L,U,"0
Feb","03,",2016,recap,Wed,2015,Jazz,Nuggets,home,85-81,1&1,-7.0,195.0,4,-3.0,-29.0,-16.0,-13.0,W,L,U,"0
Feb","03,",2016,recap,Wed,2015,Nuggets,Jazz,away,81-85,1&1,7.0,195.0,-4,3.0,-29.0,-13.0,-16.0,L,W,U,"0
Feb","03,",2016,recap,Wed,2015,Kings,Bulls,home,102-107,1&1,-2.5,212.5,-5,-7.5,-3.5,-5.5,2.0,L,L,U,"0
Feb","03,",2016,recap,Wed,2015,Bulls,Kings,away,107-102,1&1,2.5,212.5,5,7.5,-3.5,2.0,-5.5,W,W,U,"0
Feb","03,",2016,recap,Wed,2015,Mavericks,Heat,home,90-93,1&0,-3.0,194.0,-3,-6.0,-11.0,-8.5,-2.5,L,L,U,"0
Feb","03,",2016,recap,Wed,2015,Heat,Mavericks,away,93-90,0&1,3.0,194.0,3,6.0,-11.0,-2.5,-8.5,W,W,U,"0
Feb","03,",2016,recap,Wed,2015,Nets,Pacers,home,100-114,1&1,7.0,200.0,-14,-7.0,14.0,3.5,10.5,L,L,O,"0
Feb","03,",2016,recap,Wed,2015,Pacers,Nets,away,114-100,1&1,-7.0,200.0,14,7.0,14.0,10.5,3.5,W,W,O,"0
Feb","03,",2016,recap,Wed,2015,Seventysixers,Hawks,home,86-124,3&1,8.0,208.5,-38,-30.0,1.5,-14.2,15.8,L,L,O,"0
Feb","03,",2016,recap,Wed,2015,Hawks,Seventysixers,away,124-86,1&3,-8.0,208.5,38,30.0,1.5,15.8,-14.2,W,W,O,"0
Feb","03,",2016,recap,Wed,2015,Spurs,Pelicans,home,110-97,1&1,-13.0,207.0,13,0.0,0.0,0.0,0.0,W,P,P,"0
Feb","03,",2016,recap,Wed,2015,Pelicans,Spurs,away,97-110,1&1,13.0,207.0,-13,0.0,0.0,0.0,0.0,L,P,P,"0
Feb","03,",2016,recap,Wed,2015,Thunder,Magic,home,117-114,1&1,-11.5,212.0,3,-8.5,19.0,5.2,13.8,W,L,O,"0
Feb","03,",2016,recap,Wed,2015,Magic,Thunder,away,114-117,1&1,11.5,212.0,-3,8.5,19.0,13.8,5.2,L,W,O,"0
Feb","03,",2016,recap,Wed,2015,Wizards,Warriors,home,121-134,1&2,10.5,227.0,-13,-2.5,28.0,12.8,15.2,L,L,O,"0
Feb","03,",2016,recap,Wed,2015,Warriors,Wizards,away,134-121,2&1,-10.5,227.0,13,2.5,28.0,15.2,12.8,W,W,O,0
