Date,Link,Day,Season,Team,Opp,Site,Final,Rest,Line,Total,SUm,ATSm,OUm,DPS,DPA,SUr,ATSr,OUr,"ot
Mar","18,",2016,recap,Fri,2015,Lakers,Suns,home,90-95,2&0,-3.5,213.5,-5,-8.5,-28.5,-18.5,-10.0,L,L,U,"0
Mar","18,",2016,recap,Fri,2015,Suns,Lakers,away,95-90,0&2,3.5,213.5,5,8.5,-28.5,-10.0,-18.5,W,W,U,"0
Mar","18,",2016,recap,Fri,2015,Magic,Cavaliers,home,103-109,1&1,9.0,211.0,-6,3.0,1.0,2.0,-1.0,L,W,O,"0
Mar","18,",2016,recap,Fri,2015,Cavaliers,Magic,away,109-103,1&1,-9.0,211.0,6,-3.0,1.0,-1.0,2.0,W,L,O,"0
Mar","18,",2016,recap,Fri,2015,Mavericks,Warriors,home,112-130,1&1,9.0,226.5,-18,-9.0,15.5,3.2,12.2,L,L,O,"0
Mar","18,",2016,recap,Fri,2015,Warriors,Mavericks,away,130-112,1&1,-9.0,226.5,18,9.0,15.5,12.2,3.2,W,W,O,"0
Mar","18,",2016,recap,Fri,2015,Pelicans,Trailblazers,home,112-117,1&0,2.0,219.0,-5,-3.0,10.0,3.5,6.5,L,L,O,"0
Mar","18,",2016,recap,Fri,2015,Trailblazers,Pelicans,away,117-112,0&1,-2.0,219.0,5,3.0,10.0,6.5,3.5,W,W,O,"0
Mar","18,",2016,recap,Fri,2015,Pistons,Kings,home,115-108,1&1,-7.0,218.0,7,0.0,5.0,2.5,2.5,W,P,O,"0
Mar","18,",2016,recap,Fri,2015,Kings,Pistons,away,108-115,1&1,7.0,218.0,-7,0.0,5.0,2.5,2.5,L,P,O,"0
Mar","18,",2016,recap,Fri,2015,Raptors,Celtics,home,105-91,0&1,-1.5,209.0,14,12.5,-13.0,-0.2,-12.8,W,W,U,"0
Mar","18,",2016,recap,Fri,2015,Celtics,Raptors,away,91-105,1&0,1.5,209.0,-14,-12.5,-13.0,-12.8,-0.2,L,L,U,"0
Mar","18,",2016,recap,Fri,2015,Rockets,Timberwolves,home,116-111,1&1,-8.5,225.0,5,-3.5,2.0,-0.8,2.8,W,L,O,"0
Mar","18,",2016,recap,Fri,2015,Timberwolves,Rockets,away,111-116,1&1,8.5,225.0,-5,3.5,2.0,2.8,-0.8,L,W,O,"0
Mar","18,",2016,recap,Fri,2015,Seventysixers,Thunder,home,97-111,0&1,15.5,219.5,-14,1.5,-11.5,-5.0,-6.5,L,W,U,"0
Mar","18,",2016,recap,Fri,2015,Thunder,Seventysixers,away,111-97,1&0,-15.5,219.5,14,-1.5,-11.5,-6.5,-5.0,W,L,U,0
