Date,Link,Day,Season,Team,Opp,Site,Final,Rest,Line,Total,SUm,ATSm,OUm,DPS,DPA,SUr,ATSr,OUr,"ot
Nov","08,",2016,recap,Tue,2016,Cavaliers,Hawks,home,106-110,2&2,-7.5,208.0,-4,-11.5,8.0,-1.8,9.8,L,L,O,"0
Nov","08,",2016,recap,Tue,2016,Hawks,Cavaliers,away,110-106,2&2,7.5,208.0,4,11.5,8.0,9.8,-1.8,W,W,O,"0
Nov","08,",2016,recap,Tue,2016,Grizzlies,Nuggets,home,108-107,1&1,-3.0,202.0,1,-2.0,13.0,5.5,7.5,W,L,O,"0
Nov","08,",2016,recap,Tue,2016,Nuggets,Grizzlies,away,107-108,1&1,3.0,202.0,-1,2.0,13.0,7.5,5.5,L,W,O,"0
Nov","08,",2016,recap,Tue,2016,Kings,Pelicans,home,102-94,1&0,-6.0,203.5,8,2.0,-7.5,-2.8,-4.8,W,W,U,"0
Nov","08,",2016,recap,Tue,2016,Pelicans,Kings,away,94-102,0&1,6.0,203.5,-8,-2.0,-7.5,-4.8,-2.8,L,L,U,"0
Nov","08,",2016,recap,Tue,2016,Lakers,Mavericks,home,97-109,1&1,-4.0,203.0,-12,-16.0,3.0,-6.5,9.5,L,L,O,"0
Nov","08,",2016,recap,Tue,2016,Mavericks,Lakers,away,109-97,1&1,4.0,203.0,12,16.0,3.0,9.5,-6.5,W,W,O,"0
Nov","08,",2016,recap,Tue,2016,Nets,Timberwolves,home,119-110,3&2,4.0,209.0,9,13.0,20.0,16.5,3.5,W,W,O,"0
Nov","08,",2016,recap,Tue,2016,Timberwolves,Nets,away,110-119,2&3,-4.0,209.0,-9,-13.0,20.0,3.5,16.5,L,L,O,"0
Nov","08,",2016,recap,Tue,2016,Trailblazers,Suns,home,124-121,1&1,-7.5,219.0,3,-4.5,26.0,10.8,15.2,W,L,O,"0
Nov","08,",2016,recap,Tue,2016,Suns,Trailblazers,away,121-124,1&1,7.5,219.0,-3,4.5,26.0,15.2,10.8,L,W,O,0
