Date,Link,Day,Season,Team,Opp,Site,Final,Rest,Line,Total,SUm,ATSm,OUm,DPS,DPA,SUr,ATSr,OUr,"ot
Nov","01,",2016,recap,Tue,2016,Cavaliers,Rockets,home,128-120,2&1,-9.0,217.5,8,-1.0,30.5,14.8,15.8,W,L,O,"0
Nov","01,",2016,recap,Tue,2016,Rockets,Cavaliers,away,120-128,1&2,9.0,217.5,-8,1.0,30.5,15.8,14.8,L,W,O,"0
Nov","01,",2016,recap,Tue,2016,Heat,Kings,home,108-96,1&0,-4.0,200.5,12,8.0,3.5,5.8,-2.2,W,W,O,"1
Nov","01,",2016,recap,Tue,2016,Kings,Heat,away,96-108,0&1,4.0,200.5,-12,-8.0,3.5,-2.2,5.8,L,L,O,"1
Nov","01,",2016,recap,Tue,2016,Pacers,Lakers,home,115-108,2&1,-9.0,215.5,7,-2.0,7.5,2.8,4.8,W,L,O,"0
Nov","01,",2016,recap,Tue,2016,Lakers,Pacers,away,108-115,1&2,9.0,215.5,-7,2.0,7.5,4.8,2.8,L,W,O,"0
Nov","01,",2016,recap,Tue,2016,Pelicans,Bucks,home,113-117,2&1,-3.5,205.0,-4,-7.5,25.0,8.8,16.2,L,L,O,"0
Nov","01,",2016,recap,Tue,2016,Bucks,Pelicans,away,117-113,1&2,3.5,205.0,4,7.5,25.0,16.2,8.8,W,W,O,"0
Nov","01,",2016,recap,Tue,2016,Pistons,Knicks,home,102-89,1&2,-4.0,201.0,13,9.0,-10.0,-0.5,-9.5,W,W,U,"0
Nov","01,",2016,recap,Tue,2016,Knicks,Pistons,away,89-102,2&1,4.0,201.0,-13,-9.0,-10.0,-9.5,-0.5,L,L,U,"0
Nov","01,",2016,recap,Tue,2016,Seventysixers,Magic,home,101-103,2&2,5.0,198.5,-2,3.0,5.5,4.2,1.2,L,W,O,"0
Nov","01,",2016,recap,Tue,2016,Magic,Seventysixers,away,103-101,2&2,-5.0,198.5,2,-3.0,5.5,1.2,4.2,W,L,O,"0
Nov","01,",2016,recap,Tue,2016,Spurs,Jazz,home,91-106,1&1,-9.5,187.0,-15,-24.5,10.0,-7.2,17.2,L,L,O,"0
Nov","01,",2016,recap,Tue,2016,Jazz,Spurs,away,106-91,1&1,9.5,187.0,15,24.5,10.0,17.2,-7.2,W,W,O,"0
Nov","01,",2016,recap,Tue,2016,Timberwolves,Grizzlies,home,116-80,2&1,-6.0,199.5,36,30.0,-3.5,13.2,-16.8,W,W,U,"0
Nov","01,",2016,recap,Tue,2016,Grizzlies,Timberwolves,away,80-116,1&2,6.0,199.5,-36,-30.0,-3.5,-16.8,13.2,L,L,U,"0
Nov","01,",2016,recap,Tue,2016,Trailblazers,Warriors,home,104-127,2&1,5.5,226.0,-23,-17.5,5.0,-6.2,11.2,L,L,O,"0
Nov","01,",2016,recap,Tue,2016,Warriors,Trailblazers,away,127-104,1&2,-5.5,226.0,23,17.5,5.0,11.2,-6.2,W,W,O,0
