Date,Link,Day,Season,Team,Opp,Site,Final,Rest,Line,Total,SUm,ATSm,OUm,DPS,DPA,SUr,ATSr,OUr,"ot
Feb","26,",2016,recap,Fri,2015,Hawks,Bulls,home,103-88,3&1,-7.5,208.0,15,7.5,-17.0,-4.8,-12.2,W,W,U,"0
Feb","26,",2016,recap,Fri,2015,Bulls,Hawks,away,88-103,1&3,7.5,208.0,-15,-7.5,-17.0,-12.2,-4.8,L,L,U,"0
Feb","26,",2016,recap,Fri,2015,Kings,Clippers,home,107-117,1&1,4.0,219.0,-10,-6.0,5.0,-0.5,5.5,L,L,O,"0
Feb","26,",2016,recap,Fri,2015,Clippers,Kings,away,117-107,1&1,-4.0,219.0,10,6.0,5.0,5.5,-0.5,W,W,O,"0
Feb","26,",2016,recap,Fri,2015,Knicks,Magic,home,108-95,1&0,-2.5,208.0,13,10.5,-5.0,2.8,-7.8,W,W,U,"0
Feb","26,",2016,recap,Fri,2015,Magic,Knicks,away,95-108,0&1,2.5,208.0,-13,-10.5,-5.0,-7.8,2.8,L,L,U,"0
Feb","26,",2016,recap,Fri,2015,Lakers,Grizzlies,home,95-112,1&1,5.5,211.0,-17,-11.5,-4.0,-7.8,3.8,L,L,U,"0
Feb","26,",2016,recap,Fri,2015,Grizzlies,Lakers,away,112-95,1&1,-5.5,211.0,17,11.5,-4.0,3.8,-7.8,W,W,U,"0
Feb","26,",2016,recap,Fri,2015,Mavericks,Nuggets,home,122-116,1&1,-5.5,209.5,6,0.5,28.5,14.5,14.0,W,W,O,"1
Feb","26,",2016,recap,Fri,2015,Nuggets,Mavericks,away,116-122,1&1,5.5,209.5,-6,-0.5,28.5,14.0,14.5,L,L,O,"1
Feb","26,",2016,recap,Fri,2015,Pacers,Hornets,home,95-96,1&1,-3.5,203.5,-1,-4.5,-12.5,-8.5,-4.0,L,L,U,"0
Feb","26,",2016,recap,Fri,2015,Hornets,Pacers,away,96-95,1&1,3.5,203.5,1,4.5,-12.5,-4.0,-8.5,W,W,U,"0
Feb","26,",2016,recap,Fri,2015,Raptors,Cavaliers,home,99-97,1&1,2.0,206.5,2,4.0,-10.5,-3.2,-7.2,W,W,U,"0
Feb","26,",2016,recap,Fri,2015,Cavaliers,Raptors,away,97-99,1&1,-2.0,206.5,-2,-4.0,-10.5,-7.2,-3.2,L,L,U,"0
Feb","26,",2016,recap,Fri,2015,Seventysixers,Wizards,home,94-103,1&1,8.0,216.0,-9,-1.0,-19.0,-10.0,-9.0,L,L,U,"0
Feb","26,",2016,recap,Fri,2015,Wizards,Seventysixers,away,103-94,1&1,-8.0,216.0,9,1.0,-19.0,-9.0,-10.0,W,W,U,0
