Date,Link,Day,Season,Team,Opp,Site,Final,Rest,Line,Total,SUm,ATSm,OUm,DPS,DPA,SUr,ATSr,OUr,"ot
Feb","11,",2016,recap,Thu,2015,Bucks,Wizards,home,99-92,1&1,-1.5,213.0,7,5.5,-22.0,-8.2,-13.8,W,W,U,"0
Feb","11,",2016,recap,Thu,2015,Wizards,Bucks,away,92-99,1&1,1.5,213.0,-7,-5.5,-22.0,-13.8,-8.2,L,L,U,"0
Feb","11,",2016,recap,Thu,2015,Thunder,Pelicans,home,121-95,2&0,-12.0,218.5,26,14.0,-2.5,5.8,-8.2,W,W,U,"0
Feb","11,",2016,recap,Thu,2015,Pelicans,Thunder,away,95-121,0&2,12.0,218.5,-26,-14.0,-2.5,-8.2,5.8,L,L,U,0
