Date,Link,Day,Season,Team,Opp,Site,Final,Rest,Line,Total,SUm,ATSm,OUm,DPS,DPA,SUr,ATSr,OUr,"ot
Feb","21,",2016,recap,Sun,2015,Bulls,Lakers,home,126-115,1&1,-7.0,209.0,11,4.0,32.0,18.0,14.0,W,W,O,"0
Feb","21,",2016,recap,Sun,2015,Lakers,Bulls,away,115-126,1&1,7.0,209.0,-11,-4.0,32.0,14.0,18.0,L,L,O,"0
Feb","21,",2016,recap,Sun,2015,Magic,Pacers,home,102-105,1&1,1.0,202.5,-3,-2.0,4.5,1.2,3.2,L,L,O,"0
Feb","21,",2016,recap,Sun,2015,Pacers,Magic,away,105-102,1&1,-1.0,202.5,3,2.0,4.5,3.2,1.2,W,W,O,"0
Feb","21,",2016,recap,Sun,2015,Mavericks,Seventysixers,home,129-103,1&1,-9.5,204.0,26,16.5,28.0,22.2,5.8,W,W,O,"0
Feb","21,",2016,recap,Sun,2015,Seventysixers,Mavericks,away,103-129,1&1,9.5,204.0,-26,-16.5,28.0,5.8,22.2,L,L,O,"0
Feb","21,",2016,recap,Sun,2015,Nets,Hornets,home,96-104,1&1,7.5,203.0,-8,-0.5,-3.0,-1.8,-1.2,L,L,U,"0
Feb","21,",2016,recap,Sun,2015,Hornets,Nets,away,104-96,1&1,-7.5,203.0,8,0.5,-3.0,-1.2,-1.8,W,W,U,"0
Feb","21,",2016,recap,Sun,2015,Nuggets,Celtics,home,101-121,1&1,3.0,214.5,-20,-17.0,7.5,-4.8,12.2,L,L,O,"0
Feb","21,",2016,recap,Sun,2015,Celtics,Nuggets,away,121-101,1&1,-3.0,214.5,20,17.0,7.5,12.2,-4.8,W,W,O,"0
Feb","21,",2016,recap,Sun,2015,Pistons,Pelicans,home,106-111,1&1,-4.5,206.5,-5,-9.5,10.5,0.5,10.0,L,L,O,"0
Feb","21,",2016,recap,Sun,2015,Pelicans,Pistons,away,111-106,1&1,4.5,206.5,5,9.5,10.5,10.0,0.5,W,W,O,"0
Feb","21,",2016,recap,Sun,2015,Raptors,Grizzlies,home,98-85,1&1,-7.5,203.0,13,5.5,-20.0,-7.2,-12.8,W,W,U,"0
Feb","21,",2016,recap,Sun,2015,Grizzlies,Raptors,away,85-98,1&1,7.5,203.0,-13,-5.5,-20.0,-12.8,-7.2,L,L,U,"0
Feb","21,",2016,recap,Sun,2015,Suns,Spurs,home,111-118,1&1,14.5,204.5,-7,7.5,24.5,16.0,8.5,L,W,O,"0
Feb","21,",2016,recap,Sun,2015,Spurs,Suns,away,118-111,1&1,-14.5,204.5,7,-7.5,24.5,8.5,16.0,W,L,O,"0
Feb","21,",2016,recap,Sun,2015,Thunder,Cavaliers,home,92-115,1&2,-3.0,217.0,-23,-26.0,-10.0,-18.0,8.0,L,L,U,"0
Feb","21,",2016,recap,Sun,2015,Cavaliers,Thunder,away,115-92,2&1,3.0,217.0,23,26.0,-10.0,8.0,-18.0,W,W,U,"0
Feb","21,",2016,recap,Sun,2015,Trailblazers,Jazz,home,115-111,1&1,-3.0,198.0,4,1.0,28.0,14.5,13.5,W,W,O,"0
Feb","21,",2016,recap,Sun,2015,Jazz,Trailblazers,away,111-115,1&1,3.0,198.0,-4,-1.0,28.0,13.5,14.5,L,L,O,0
