Date,Link,Day,Season,Team,Opp,Site,Final,Rest,Line,Total,SUm,ATSm,OUm,DPS,DPA,SUr,ATSr,OUr,"ot
Mar","12,",2016,recap,Sat,2015,Bucks,Pelicans,home,103-92,2&0,-6.0,210.0,11,5.0,-15.0,-5.0,-10.0,W,W,U,"0
Mar","12,",2016,recap,Sat,2015,Pelicans,Bucks,away,92-103,0&2,6.0,210.0,-11,-5.0,-15.0,-10.0,-5.0,L,L,U,"0
Mar","12,",2016,recap,Sat,2015,Hawks,Grizzlies,home,95-83,1&0,-13.5,194.0,12,-1.5,-16.0,-8.8,-7.2,W,L,U,"0
Mar","12,",2016,recap,Sat,2015,Grizzlies,Hawks,away,83-95,0&1,13.5,194.0,-12,1.5,-16.0,-7.2,-8.8,L,W,U,"0
Mar","12,",2016,recap,Sat,2015,Hornets,Rockets,home,125-109,0&0,-5.5,215.5,16,10.5,18.5,14.5,4.0,W,W,O,"0
Mar","12,",2016,recap,Sat,2015,Rockets,Hornets,away,109-125,0&0,5.5,215.5,-16,-10.5,18.5,4.0,14.5,L,L,O,"0
Mar","12,",2016,recap,Sat,2015,Mavericks,Pacers,home,105-112,2&4,0.0,204.5,-7,-7.0,12.5,2.8,9.8,L,L,O,"0
Mar","12,",2016,recap,Sat,2015,Pacers,Mavericks,away,112-105,4&2,-0.0,204.5,7,7.0,12.5,9.8,2.8,W,W,O,"0
Mar","12,",2016,recap,Sat,2015,Nuggets,Wizards,home,116-100,1&0,-1.0,213.0,16,15.0,3.0,9.0,-6.0,W,W,O,"0
Mar","12,",2016,recap,Sat,2015,Wizards,Nuggets,away,100-116,0&1,1.0,213.0,-16,-15.0,3.0,-6.0,9.0,L,L,O,"0
Mar","12,",2016,recap,Sat,2015,Raptors,Heat,home,112-104,1&0,-6.0,202.0,8,2.0,14.0,8.0,6.0,W,W,O,"1
Mar","12,",2016,recap,Sat,2015,Heat,Raptors,away,104-112,0&1,6.0,202.0,-8,-2.0,14.0,6.0,8.0,L,L,O,"1
Mar","12,",2016,recap,Sat,2015,Seventysixers,Pistons,home,111-125,0&0,11.0,207.0,-14,-3.0,29.0,13.0,16.0,L,L,O,"0
Mar","12,",2016,recap,Sat,2015,Pistons,Seventysixers,away,125-111,0&0,-11.0,207.0,14,3.0,29.0,16.0,13.0,W,W,O,"0
Mar","12,",2016,recap,Sat,2015,Spurs,Thunder,home,93-85,1&0,-8.5,211.0,8,-0.5,-33.0,-16.8,-16.2,W,L,U,"0
Mar","12,",2016,recap,Sat,2015,Thunder,Spurs,away,85-93,0&1,8.5,211.0,-8,0.5,-33.0,-16.2,-16.8,L,W,U,"0
Mar","12,",2016,recap,Sat,2015,Trailblazers,Magic,home,121-84,0&0,-8.0,215.0,37,29.0,-10.0,9.5,-19.5,W,W,U,"0
Mar","12,",2016,recap,Sat,2015,Magic,Trailblazers,away,84-121,0&0,8.0,215.0,-37,-29.0,-10.0,-19.5,9.5,L,L,U,"0
Mar","12,",2016,recap,Sat,2015,Warriors,Suns,home,123-116,0&1,-17.5,227.0,7,-10.5,12.0,0.8,11.2,W,L,O,"0
Mar","12,",2016,recap,Sat,2015,Suns,Warriors,away,116-123,1&0,17.5,227.0,-7,10.5,12.0,11.2,0.8,L,W,O,0
