Date,Link,Day,Season,Team,Opp,Site,Final,Rest,Line,Total,SUm,ATSm,OUm,DPS,DPA,SUr,ATSr,OUr,"ot
Nov","20,",2016,recap,Sun,2016,Kings,Raptors,home,102-99,1&1,3.5,210.0,3,6.5,-9.0,-1.2,-7.8,W,W,U,"0
Nov","20,",2016,recap,Sun,2016,Raptors,Kings,away,99-102,1&1,-3.5,210.0,-3,-6.5,-9.0,-7.8,-1.2,L,L,U,"0
Nov","20,",2016,recap,Sun,2016,Knicks,Hawks,home,104-94,2&1,3.0,209.0,10,13.0,-11.0,1.0,-12.0,W,W,U,"0
Nov","20,",2016,recap,Sun,2016,Hawks,Knicks,away,94-104,1&2,-3.0,209.0,-10,-13.0,-11.0,-12.0,1.0,L,L,U,"0
Nov","20,",2016,recap,Sun,2016,Lakers,Bulls,home,110-118,1&0,-1.0,211.0,-8,-9.0,17.0,4.0,13.0,L,L,O,"0
Nov","20,",2016,recap,Sun,2016,Bulls,Lakers,away,118-110,0&1,1.0,211.0,8,9.0,17.0,13.0,4.0,W,W,O,"0
Nov","20,",2016,recap,Sun,2016,Nets,Trailblazers,home,109-129,1&1,4.5,220.5,-20,-15.5,17.5,1.0,16.5,L,L,O,"0
Nov","20,",2016,recap,Sun,2016,Trailblazers,Nets,away,129-109,1&1,-4.5,220.5,20,15.5,17.5,16.5,1.0,W,W,O,"0
Nov","20,",2016,recap,Sun,2016,Nuggets,Jazz,home,105-91,1&0,-3.5,197.0,14,10.5,-1.0,4.8,-5.8,W,W,U,"0
Nov","20,",2016,recap,Sun,2016,Jazz,Nuggets,away,91-105,0&1,3.5,197.0,-14,-10.5,-1.0,-5.8,4.8,L,L,U,"0
Nov","20,",2016,recap,Sun,2016,Thunder,Pacers,home,111-115,1&1,-9.5,211.0,-4,-13.5,15.0,0.8,14.2,L,L,O,"1
Nov","20,",2016,recap,Sun,2016,Pacers,Thunder,away,115-111,1&1,9.5,211.0,4,13.5,15.0,14.2,0.8,W,W,O,1
