Date,Link,Day,Season,Team,Opp,Site,Final,Rest,Line,Total,SUm,ATSm,OUm,DPS,DPA,SUr,ATSr,OUr,"ot
Dec","25,",2016,recap,Sun,2016,Cavaliers,Warriors,home,109-108,1&1,2.5,219.5,1,3.5,-2.5,0.5,-3.0,W,W,U,"0
Dec","25,",2016,recap,Sun,2016,Warriors,Cavaliers,away,108-109,1&1,-2.5,219.5,-1,-3.5,-2.5,-3.0,0.5,L,L,U,"0
Dec","25,",2016,recap,Sun,2016,Knicks,Celtics,home,114-119,2&1,2.0,212.5,-5,-3.0,20.5,8.8,11.8,L,L,O,"0
Dec","25,",2016,recap,Sun,2016,Celtics,Knicks,away,119-114,1&2,-2.0,212.5,5,3.0,20.5,11.8,8.8,W,W,O,"0
Dec","25,",2016,recap,Sun,2016,Lakers,Clippers,home,111-102,1&1,6.0,213.0,9,15.0,0.0,7.5,-7.5,W,W,P,"0
Dec","25,",2016,recap,Sun,2016,Clippers,Lakers,away,102-111,1&1,-6.0,213.0,-9,-15.0,0.0,-7.5,7.5,L,L,P,"0
Dec","25,",2016,recap,Sun,2016,Spurs,Bulls,home,119-100,1&1,-9.0,197.5,19,10.0,21.5,15.8,5.8,W,W,O,"0
Dec","25,",2016,recap,Sun,2016,Bulls,Spurs,away,100-119,1&1,9.0,197.5,-19,-10.0,21.5,5.8,15.8,L,L,O,"0
Dec","25,",2016,recap,Sun,2016,Thunder,Timberwolves,home,112-100,1&1,-5.0,211.5,12,7.0,0.5,3.8,-3.2,W,W,O,"0
Dec","25,",2016,recap,Sun,2016,Timberwolves,Thunder,away,100-112,1&1,5.0,211.5,-12,-7.0,0.5,-3.2,3.8,L,L,O,0
