Date,Link,Day,Season,Team,Opp,Site,Final,Rest,Line,Total,SUm,ATSm,OUm,DPS,DPA,SUr,ATSr,OUr,"ot
Nov","06,",2016,recap,Sun,2016,Celtics,Nuggets,home,107-123,2&0,-7.0,212.0,-16,-23.0,18.0,-2.5,20.5,L,L,O,"0
Nov","06,",2016,recap,Sun,2016,Nuggets,Celtics,away,123-107,0&2,7.0,212.0,16,23.0,18.0,20.5,-2.5,W,W,O,"0
Nov","06,",2016,recap,Sun,2016,Grizzlies,Trailblazers,home,94-100,1&1,3.0,203.0,-6,-3.0,-9.0,-6.0,-3.0,L,L,U,"0
Nov","06,",2016,recap,Sun,2016,Trailblazers,Grizzlies,away,100-94,1&1,-3.0,203.0,6,3.0,-9.0,-3.0,-6.0,W,W,U,"0
Nov","06,",2016,recap,Sun,2016,Knicks,Jazz,home,109-114,1&1,3.0,195.0,-5,-2.0,28.0,13.0,15.0,L,L,O,"0
Nov","06,",2016,recap,Sun,2016,Jazz,Knicks,away,114-109,1&1,-3.0,195.0,5,2.0,28.0,15.0,13.0,W,W,O,"0
Nov","06,",2016,recap,Sun,2016,Lakers,Suns,home,119-108,1&1,-3.5,215.5,11,7.5,11.5,9.5,2.0,W,W,O,"0
Nov","06,",2016,recap,Sun,2016,Suns,Lakers,away,108-119,1&1,3.5,215.5,-11,-7.5,11.5,2.0,9.5,L,L,O,"0
Nov","06,",2016,recap,Sun,2016,Mavericks,Bucks,home,86-75,1&0,-2.5,198.0,11,8.5,-37.0,-14.2,-22.8,W,W,U,"1
Nov","06,",2016,recap,Sun,2016,Bucks,Mavericks,away,75-86,0&1,2.5,198.0,-11,-8.5,-37.0,-22.8,-14.2,L,L,U,"1
Nov","06,",2016,recap,Sun,2016,Raptors,Kings,home,91-96,1&0,-8.0,198.0,-5,-13.0,-11.0,-12.0,1.0,L,L,U,"0
Nov","06,",2016,recap,Sun,2016,Kings,Raptors,away,96-91,0&1,8.0,198.0,5,13.0,-11.0,1.0,-12.0,W,W,U,0
