Date,Link,Day,Season,Team,Opp,Site,Final,Rest,Line,Total,SUm,ATSm,OUm,DPS,DPA,SUr,ATSr,OUr,"ot
Feb","29,",2016,recap,Mon,2015,Bucks,Rockets,home,128-121,1&1,2.5,215.5,7,9.5,33.5,21.5,12.0,W,W,O,"0
Feb","29,",2016,recap,Mon,2015,Rockets,Bucks,away,121-128,1&1,-2.5,215.5,-7,-9.5,33.5,12.0,21.5,L,L,O,"0
Feb","29,",2016,recap,Mon,2015,Cavaliers,Pacers,home,100-96,0&0,-8.0,202.0,4,-4.0,-6.0,-5.0,-1.0,W,L,U,"0
Feb","29,",2016,recap,Mon,2015,Pacers,Cavaliers,away,96-100,0&0,8.0,202.0,-4,4.0,-6.0,-1.0,-5.0,L,W,U,"0
Feb","29,",2016,recap,Mon,2015,Celtics,Jazz,home,100-95,1&1,-5.0,204.0,5,0.0,-9.0,-4.5,-4.5,W,P,U,"0
Feb","29,",2016,recap,Mon,2015,Jazz,Celtics,away,95-100,1&1,5.0,204.0,-5,0.0,-9.0,-4.5,-4.5,L,P,U,"0
Feb","29,",2016,recap,Mon,2015,Clippers,Nets,home,105-95,2&1,-12.5,211.5,10,-2.5,-11.5,-7.0,-4.5,W,L,U,"0
Feb","29,",2016,recap,Mon,2015,Nets,Clippers,away,95-105,1&2,12.5,211.5,-10,2.5,-11.5,-4.5,-7.0,L,W,U,"0
Feb","29,",2016,recap,Mon,2015,Kings,Thunder,home,116-131,2&1,9.0,227.5,-15,-6.0,19.5,6.8,12.8,L,L,O,"0
Feb","29,",2016,recap,Mon,2015,Thunder,Kings,away,131-116,1&2,-9.0,227.5,15,6.0,19.5,12.8,6.8,W,W,O,"0
Feb","29,",2016,recap,Mon,2015,Nuggets,Grizzlies,home,96-103,2&1,2.0,205.0,-7,-5.0,-6.0,-5.5,-0.5,L,L,U,"0
Feb","29,",2016,recap,Mon,2015,Grizzlies,Nuggets,away,103-96,1&2,-2.0,205.0,7,5.0,-6.0,-0.5,-5.5,W,W,U,"0
Feb","29,",2016,recap,Mon,2015,Wizards,Seventysixers,home,116-108,0&0,-12.0,215.0,8,-4.0,9.0,2.5,6.5,W,L,O,"0
Feb","29,",2016,recap,Mon,2015,Seventysixers,Wizards,away,108-116,0&0,12.0,215.0,-8,4.0,9.0,6.5,2.5,L,W,O,0
