Date,Link,Day,Season,Team,Opp,Site,Final,Rest,Line,Total,SUm,ATSm,OUm,DPS,DPA,SUr,ATSr,OUr,"ot
Jan","10,",2016,recap,Sun,2015,Clippers,Pelicans,home,114-111,0&1,-8.5,205.0,3,-5.5,20.0,7.2,12.8,W,L,O,"1
Jan","10,",2016,recap,Sun,2015,Pelicans,Clippers,away,111-114,1&0,8.5,205.0,-3,5.5,20.0,12.8,7.2,L,W,O,"1
Jan","10,",2016,recap,Sun,2015,Grizzlies,Celtics,home,101-98,1&2,2.5,192.5,3,5.5,6.5,6.0,0.5,W,W,O,"0
Jan","10,",2016,recap,Sun,2015,Celtics,Grizzlies,away,98-101,2&1,-2.5,192.5,-3,-5.5,6.5,0.5,6.0,L,L,O,"0
Jan","10,",2016,recap,Sun,2015,Knicks,Bucks,home,100-88,1&1,-5.5,197.5,12,6.5,-9.5,-1.5,-8.0,W,W,U,"0
Jan","10,",2016,recap,Sun,2015,Bucks,Knicks,away,88-100,1&1,5.5,197.5,-12,-6.5,-9.5,-8.0,-1.5,L,L,U,"0
Jan","10,",2016,recap,Sun,2015,Lakers,Jazz,home,74-86,1&0,3.0,192.0,-12,-9.0,-32.0,-20.5,-11.5,L,L,U,"0
Jan","10,",2016,recap,Sun,2015,Jazz,Lakers,away,86-74,0&1,-3.0,192.0,12,9.0,-32.0,-11.5,-20.5,W,W,U,"0
Jan","10,",2016,recap,Sun,2015,Nuggets,Hornets,home,95-92,1&0,0.0,199.0,3,3.0,-12.0,-4.5,-7.5,W,W,U,"0
Jan","10,",2016,recap,Sun,2015,Hornets,Nuggets,away,92-95,0&1,0.0,199.0,-3,-3.0,-12.0,-7.5,-4.5,L,L,U,"0
Jan","10,",2016,recap,Sun,2015,Rockets,Pacers,home,107-103,2&1,-2.0,207.0,4,2.0,3.0,2.5,0.5,W,W,O,"1
Jan","10,",2016,recap,Sun,2015,Pacers,Rockets,away,103-107,1&2,2.0,207.0,-4,-2.0,3.0,0.5,2.5,L,L,O,"1
Jan","10,",2016,recap,Sun,2015,Seventysixers,Cavaliers,home,85-95,0&1,16.0,205.5,-10,6.0,-25.5,-9.8,-15.8,L,W,U,"0
Jan","10,",2016,recap,Sun,2015,Cavaliers,Seventysixers,away,95-85,1&0,-16.0,205.5,10,-6.0,-25.5,-15.8,-9.8,W,L,U,"0
Jan","10,",2016,recap,Sun,2015,Timberwolves,Mavericks,home,87-93,1&1,4.0,198.5,-6,-2.0,-18.5,-10.2,-8.2,L,L,U,"0
Jan","10,",2016,recap,Sun,2015,Mavericks,Timberwolves,away,93-87,1&1,-4.0,198.5,6,2.0,-18.5,-8.2,-10.2,W,W,U,"0
Jan","10,",2016,recap,Sun,2015,Trailblazers,Thunder,home,115-110,1&1,7.5,215.0,5,12.5,10.0,11.2,-1.2,W,W,O,"0
Jan","10,",2016,recap,Sun,2015,Thunder,Trailblazers,away,110-115,1&1,-7.5,215.0,-5,-12.5,10.0,-1.2,11.2,L,L,O,0
