Date,Link,Day,Season,Team,Opp,Site,Final,Rest,Line,Total,SUm,ATSm,OUm,DPS,DPA,SUr,ATSr,OUr,"ot
Jan","16,",2016,recap,Sat,2015,Clippers,Kings,home,103-110,2&1,-5.0,216.0,-7,-12.0,-3.0,-7.5,4.5,L,L,U,"0
Jan","16,",2016,recap,Sat,2015,Kings,Clippers,away,110-103,1&2,5.0,216.0,7,12.0,-3.0,4.5,-7.5,W,W,U,"0
Jan","16,",2016,recap,Sat,2015,Grizzlies,Knicks,home,103-95,1&2,-5.0,190.0,8,3.0,8.0,5.5,2.5,W,W,O,"0
Jan","16,",2016,recap,Sat,2015,Knicks,Grizzlies,away,95-103,2&1,5.0,190.0,-8,-3.0,8.0,2.5,5.5,L,L,O,"0
Jan","16,",2016,recap,Sat,2015,Hawks,Nets,home,114-86,0&0,-11.0,205.0,28,17.0,-5.0,6.0,-11.0,W,W,U,"0
Jan","16,",2016,recap,Sat,2015,Nets,Hawks,away,86-114,0&0,11.0,205.0,-28,-17.0,-5.0,-11.0,6.0,L,L,U,"0
Jan","16,",2016,recap,Sat,2015,Hornets,Bucks,home,92-105,0&0,-5.5,198.0,-13,-18.5,-1.0,-9.8,8.8,L,L,U,"0
Jan","16,",2016,recap,Sat,2015,Bucks,Hornets,away,105-92,0&0,5.5,198.0,13,18.5,-1.0,8.8,-9.8,W,W,U,"0
Jan","16,",2016,recap,Sat,2015,Jazz,Lakers,home,109-82,1&1,-8.0,191.0,27,19.0,0.0,9.5,-9.5,W,W,P,"0
Jan","16,",2016,recap,Sat,2015,Lakers,Jazz,away,82-109,1&1,8.0,191.0,-27,-19.0,0.0,-9.5,9.5,L,L,P,"0
Jan","16,",2016,recap,Sat,2015,Pistons,Warriors,home,113-95,1&1,6.5,215.0,18,24.5,-7.0,8.8,-15.8,W,W,U,"0
Jan","16,",2016,recap,Sat,2015,Warriors,Pistons,away,95-113,1&1,-6.5,215.0,-18,-24.5,-7.0,-15.8,8.8,L,L,U,"0
Jan","16,",2016,recap,Sat,2015,Seventysixers,Trailblazers,home,114-89,1&0,5.5,207.0,25,30.5,-4.0,13.2,-17.2,W,W,U,"0
Jan","16,",2016,recap,Sat,2015,Trailblazers,Seventysixers,away,89-114,0&1,-5.5,207.0,-25,-30.5,-4.0,-17.2,13.2,L,L,U,"0
Jan","16,",2016,recap,Sat,2015,Wizards,Celtics,home,117-119,0&0,1.5,210.5,-2,-0.5,25.5,12.5,13.0,L,L,O,"0
Jan","16,",2016,recap,Sat,2015,Celtics,Wizards,away,119-117,0&0,-1.5,210.5,2,0.5,25.5,13.0,12.5,W,W,O,0
