Date,Link,Day,Season,Team,Opp,Site,Final,Rest,Line,Total,SUm,ATSm,OUm,DPS,DPA,SUr,ATSr,OUr,"ot
Feb","24,",2016,recap,Wed,2015,Bulls,Wizards,home,109-104,2&0,0.0,212.5,5,5.0,0.5,2.8,-2.2,W,W,O,"0
Feb","24,",2016,recap,Wed,2015,Wizards,Bulls,away,104-109,0&2,0.0,212.5,-5,-5.0,0.5,-2.2,2.8,L,L,O,"0
Feb","24,",2016,recap,Wed,2015,Cavaliers,Hornets,home,114-103,1&2,-8.0,207.0,11,3.0,10.0,6.5,3.5,W,W,O,"0
Feb","24,",2016,recap,Wed,2015,Hornets,Cavaliers,away,103-114,2&1,8.0,207.0,-11,-3.0,10.0,3.5,6.5,L,L,O,"0
Feb","24,",2016,recap,Wed,2015,Clippers,Nuggets,home,81-87,1&0,-10.5,213.5,-6,-16.5,-45.5,-31.0,-14.5,L,L,U,"0
Feb","24,",2016,recap,Wed,2015,Nuggets,Clippers,away,87-81,0&1,10.5,213.5,6,16.5,-45.5,-14.5,-31.0,W,W,U,"0
Feb","24,",2016,recap,Wed,2015,Grizzlies,Lakers,home,128-119,2&1,-8.5,208.0,9,0.5,39.0,19.8,19.2,W,W,O,"0
Feb","24,",2016,recap,Wed,2015,Lakers,Grizzlies,away,119-128,1&2,8.5,208.0,-9,-0.5,39.0,19.2,19.8,L,L,O,"0
Feb","24,",2016,recap,Wed,2015,Heat,Warriors,home,112-118,1&1,8.5,218.0,-6,2.5,12.0,7.2,4.8,L,W,O,"0
Feb","24,",2016,recap,Wed,2015,Warriors,Heat,away,118-112,1&1,-8.5,218.0,6,-2.5,12.0,4.8,7.2,W,L,O,"0
Feb","24,",2016,recap,Wed,2015,Kings,Spurs,home,92-108,0&2,8.0,217.5,-16,-8.0,-17.5,-12.8,-4.8,L,L,U,"0
Feb","24,",2016,recap,Wed,2015,Spurs,Kings,away,108-92,2&0,-8.0,217.5,16,8.0,-17.5,-4.8,-12.8,W,W,U,"0
Feb","24,",2016,recap,Wed,2015,Mavericks,Thunder,home,103-116,2&2,5.5,214.5,-13,-7.5,4.5,-1.5,6.0,L,L,O,"0
Feb","24,",2016,recap,Wed,2015,Thunder,Mavericks,away,116-103,2&2,-5.5,214.5,13,7.5,4.5,6.0,-1.5,W,W,O,"0
Feb","24,",2016,recap,Wed,2015,Pacers,Knicks,home,108-105,1&1,-7.0,202.0,3,-4.0,11.0,3.5,7.5,W,L,O,"0
Feb","24,",2016,recap,Wed,2015,Knicks,Pacers,away,105-108,1&1,7.0,202.0,-3,4.0,11.0,7.5,3.5,L,W,O,"0
Feb","24,",2016,recap,Wed,2015,Pistons,Seventysixers,home,111-91,1&0,-11.5,209.0,20,8.5,-7.0,0.8,-7.8,W,W,U,"0
Feb","24,",2016,recap,Wed,2015,Seventysixers,Pistons,away,91-111,0&1,11.5,209.0,-20,-8.5,-7.0,-7.8,0.8,L,L,U,"0
Feb","24,",2016,recap,Wed,2015,Raptors,Timberwolves,home,114-105,1&1,-9.5,213.0,9,-0.5,6.0,2.8,3.2,W,L,O,"0
Feb","24,",2016,recap,Wed,2015,Timberwolves,Raptors,away,105-114,1&1,9.5,213.0,-9,0.5,6.0,3.2,2.8,L,W,O,0
