Date,Link,Day,Season,Team,Opp,Site,Final,Rest,Line,Total,SUm,ATSm,OUm,DPS,DPA,SUr,ATSr,OUr,"ot
Dec","31,",2016,recap,Sat,2016,Bulls,Bucks,home,96-116,0&0,-2.5,203.5,-20,-22.5,8.5,-7.0,15.5,L,L,O,"0
Dec","31,",2016,recap,Sat,2016,Bucks,Bulls,away,116-96,0&0,2.5,203.5,20,22.5,8.5,15.5,-7.0,W,W,O,"0
Dec","31,",2016,recap,Sat,2016,Hornets,Cavaliers,home,109-121,1&1,3.0,212.5,-12,-9.0,17.5,4.2,13.2,L,L,O,"0
Dec","31,",2016,recap,Sat,2016,Cavaliers,Hornets,away,121-109,1&1,-3.0,212.5,12,9.0,17.5,13.2,4.2,W,W,O,"0
Dec","31,",2016,recap,Sat,2016,Jazz,Suns,home,91-86,1&1,-10.5,207.0,5,-5.5,-30.0,-17.8,-12.2,W,L,U,"0
Dec","31,",2016,recap,Sat,2016,Suns,Jazz,away,86-91,1&1,10.5,207.0,-5,5.5,-30.0,-12.2,-17.8,L,W,U,"0
Dec","31,",2016,recap,Sat,2016,Kings,Grizzlies,home,98-112,2&1,1.5,194.5,-14,-12.5,15.5,1.5,14.0,L,L,O,"0
Dec","31,",2016,recap,Sat,2016,Grizzlies,Kings,away,112-98,1&2,-1.5,194.5,14,12.5,15.5,14.0,1.5,W,W,O,"0
Dec","31,",2016,recap,Sat,2016,Rockets,Knicks,home,129-122,0&0,-11.0,225.0,7,-4.0,26.0,11.0,15.0,W,L,O,"0
Dec","31,",2016,recap,Sat,2016,Knicks,Rockets,away,122-129,0&0,11.0,225.0,-7,4.0,26.0,15.0,11.0,L,W,O,"0
Dec","31,",2016,recap,Sat,2016,Thunder,Clippers,home,114-88,1&0,-9.0,207.0,26,17.0,-5.0,6.0,-11.0,W,W,U,"0
Dec","31,",2016,recap,Sat,2016,Clippers,Thunder,away,88-114,0&1,9.0,207.0,-26,-17.0,-5.0,-11.0,6.0,L,L,U,0
