Date,Link,Day,Season,Team,Opp,Site,Final,Rest,Line,Total,SUm,ATSm,OUm,DPS,DPA,SUr,ATSr,OUr,"ot
Mar","05,",2016,recap,Sat,2015,Bulls,Rockets,home,108-100,2&2,-1.0,215.5,8,7.0,-7.5,-0.2,-7.2,W,W,U,"0
Mar","05,",2016,recap,Sat,2015,Rockets,Bulls,away,100-108,2&2,1.0,215.5,-8,-7.0,-7.5,-7.2,-0.2,L,L,U,"0
Mar","05,",2016,recap,Sat,2015,Cavaliers,Celtics,home,120-103,0&0,-8.0,211.5,17,9.0,11.5,10.2,1.2,W,W,O,"0
Mar","05,",2016,recap,Sat,2015,Celtics,Cavaliers,away,103-120,0&0,8.0,211.5,-17,-9.0,11.5,1.2,10.2,L,L,O,"0
Mar","05,",2016,recap,Sat,2015,Clippers,Hawks,home,97-107,2&0,-5.5,201.0,-10,-15.5,3.0,-6.2,9.2,L,L,O,"0
Mar","05,",2016,recap,Sat,2015,Hawks,Clippers,away,107-97,0&2,5.5,201.0,10,15.5,3.0,9.2,-6.2,W,W,O,"0
Mar","05,",2016,recap,Sat,2015,Knicks,Pistons,home,102-89,0&2,7.0,199.5,13,20.0,-8.5,5.8,-14.2,W,W,U,"0
Mar","05,",2016,recap,Sat,2015,Pistons,Knicks,away,89-102,2&0,-7.0,199.5,-13,-20.0,-8.5,-14.2,5.8,L,L,U,"0
Mar","05,",2016,recap,Sat,2015,Pelicans,Jazz,home,94-106,1&0,-1.0,198.0,-12,-13.0,2.0,-5.5,7.5,L,L,O,"0
Mar","05,",2016,recap,Sat,2015,Jazz,Pelicans,away,106-94,0&1,1.0,198.0,12,13.0,2.0,7.5,-5.5,W,W,O,"0
Mar","05,",2016,recap,Sat,2015,Spurs,Kings,home,104-94,1&1,-12.0,210.5,10,-2.0,-12.5,-7.2,-5.2,W,L,U,"0
Mar","05,",2016,recap,Sat,2015,Kings,Spurs,away,94-104,1&1,12.0,210.5,-10,2.0,-12.5,-5.2,-7.2,L,W,U,"0
Mar","05,",2016,recap,Sat,2015,Timberwolves,Nets,home,132-118,0&0,-8.5,212.5,14,5.5,37.5,21.5,16.0,W,W,O,"0
Mar","05,",2016,recap,Sat,2015,Nets,Timberwolves,away,118-132,0&0,8.5,212.5,-14,-5.5,37.5,16.0,21.5,L,L,O,"0
Mar","05,",2016,recap,Sat,2015,Wizards,Pacers,home,99-100,0&0,-2.0,206.5,-1,-3.0,-7.5,-5.2,-2.2,L,L,U,"0
Mar","05,",2016,recap,Sat,2015,Pacers,Wizards,away,100-99,0&0,2.0,206.5,1,3.0,-7.5,-2.2,-5.2,W,W,U,0
