Date,Link,Day,Season,Team,Opp,Site,Final,Rest,Line,Total,SUm,ATSm,OUm,DPS,DPA,SUr,ATSr,OUr,"ot
Nov","28,",2016,recap,Mon,2016,Grizzlies,Hornets,home,85-104,1&1,1.0,197.0,-19,-18.0,-8.0,-13.0,5.0,L,L,U,"0
Nov","28,",2016,recap,Mon,2016,Hornets,Grizzlies,away,104-85,1&1,-1.0,197.0,19,18.0,-8.0,5.0,-13.0,W,W,U,"0
Nov","28,",2016,recap,Mon,2016,Heat,Celtics,home,104-112,1&2,5.0,200.0,-8,-3.0,16.0,6.5,9.5,L,L,O,"0
Nov","28,",2016,recap,Mon,2016,Celtics,Heat,away,112-104,2&1,-5.0,200.0,8,3.0,16.0,9.5,6.5,W,W,O,"0
Nov","28,",2016,recap,Mon,2016,Knicks,Thunder,home,103-112,1&1,1.0,214.5,-9,-8.0,0.5,-3.8,4.2,L,L,O,"0
Nov","28,",2016,recap,Mon,2016,Thunder,Knicks,away,112-103,1&1,-1.0,214.5,9,8.0,0.5,4.2,-3.8,W,W,O,"0
Nov","28,",2016,recap,Mon,2016,Raptors,Seventysixers,home,122-95,2&0,-15.5,210.0,27,11.5,7.0,9.2,-2.2,W,W,O,"0
Nov","28,",2016,recap,Mon,2016,Seventysixers,Raptors,away,95-122,0&2,15.5,210.0,-27,-11.5,7.0,-2.2,9.2,L,L,O,"0
Nov","28,",2016,recap,Mon,2016,Timberwolves,Jazz,home,103-112,1&2,3.0,194.5,-9,-6.0,20.5,7.2,13.2,L,L,O,"0
Nov","28,",2016,recap,Mon,2016,Jazz,Timberwolves,away,112-103,2&1,-3.0,194.5,9,6.0,20.5,13.2,7.2,W,W,O,"0
Nov","28,",2016,recap,Mon,2016,Warriors,Hawks,home,105-100,1&0,-13.5,217.5,5,-8.5,-12.5,-10.5,-2.0,W,L,U,"0
Nov","28,",2016,recap,Mon,2016,Hawks,Warriors,away,100-105,0&1,13.5,217.5,-5,8.5,-12.5,-2.0,-10.5,L,W,U,"0
Nov","28,",2016,recap,Mon,2016,Wizards,Kings,home,101-95,1&0,-4.5,210.5,6,1.5,-14.5,-6.5,-8.0,W,W,U,"1
Nov","28,",2016,recap,Mon,2016,Kings,Wizards,away,95-101,0&1,4.5,210.5,-6,-1.5,-14.5,-8.0,-6.5,L,L,U,1
