Date,Link,Day,Season,Team,Opp,Site,Final,Rest,Line,Total,SUm,ATSm,OUm,DPS,DPA,SUr,ATSr,OUr,"ot
Jan","18,",2016,recap,Mon,2015,Cavaliers,Warriors,home,98-132,2&1,-3.0,209.5,-34,-37.0,20.5,-8.2,28.8,L,L,O,"0
Jan","18,",2016,recap,Mon,2015,Warriors,Cavaliers,away,132-98,1&2,3.0,209.5,34,37.0,20.5,28.8,-8.2,W,W,O,"0
Jan","18,",2016,recap,Mon,2015,Clippers,Rockets,home,140-132,1&0,-6.0,209.5,8,2.0,62.5,32.2,30.2,W,W,O,"1
Jan","18,",2016,recap,Mon,2015,Rockets,Clippers,away,132-140,0&1,6.0,209.5,-8,-2.0,62.5,30.2,32.2,L,L,O,"1
Jan","18,",2016,recap,Mon,2015,Grizzlies,Pelicans,home,101-99,1&2,-4.5,194.5,2,-2.5,5.5,1.5,4.0,W,L,O,"0
Jan","18,",2016,recap,Mon,2015,Pelicans,Grizzlies,away,99-101,2&1,4.5,194.5,-2,2.5,5.5,4.0,1.5,L,W,O,"0
Jan","18,",2016,recap,Mon,2015,Hawks,Magic,home,98-81,1&3,-8.0,201.0,17,9.0,-22.0,-6.5,-15.5,W,W,U,"0
Jan","18,",2016,recap,Mon,2015,Magic,Hawks,away,81-98,3&1,8.0,201.0,-17,-9.0,-22.0,-15.5,-6.5,L,L,U,"0
Jan","18,",2016,recap,Mon,2015,Hornets,Jazz,home,124-119,1&1,-3.5,186.5,5,1.5,56.5,29.0,27.5,W,W,O,"2
Jan","18,",2016,recap,Mon,2015,Jazz,Hornets,away,119-124,1&1,3.5,186.5,-5,-1.5,56.5,27.5,29.0,L,L,O,"2
Jan","18,",2016,recap,Mon,2015,Knicks,Seventysixers,home,119-113,1&1,-9.5,202.0,6,-3.5,30.0,13.2,16.8,W,L,O,"2
Jan","18,",2016,recap,Mon,2015,Seventysixers,Knicks,away,113-119,1&1,9.5,202.0,-6,3.5,30.0,16.8,13.2,L,W,O,"2
Jan","18,",2016,recap,Mon,2015,Mavericks,Celtics,home,118-113,0&1,1.5,204.0,5,6.5,27.0,16.8,10.2,W,W,O,"1
Jan","18,",2016,recap,Mon,2015,Celtics,Mavericks,away,113-118,1&0,-1.5,204.0,-5,-6.5,27.0,10.2,16.8,L,L,O,"1
Jan","18,",2016,recap,Mon,2015,Pistons,Bulls,home,101-111,1&2,-3.0,202.0,-10,-13.0,10.0,-1.5,11.5,L,L,O,"0
Jan","18,",2016,recap,Mon,2015,Bulls,Pistons,away,111-101,2&1,3.0,202.0,10,13.0,10.0,11.5,-1.5,W,W,O,"0
Jan","18,",2016,recap,Mon,2015,Raptors,Nets,home,112-100,3&1,-11.5,197.5,12,0.5,14.5,7.5,7.0,W,W,O,"0
Jan","18,",2016,recap,Mon,2015,Nets,Raptors,away,100-112,1&3,11.5,197.5,-12,-0.5,14.5,7.0,7.5,L,L,O,"0
Jan","18,",2016,recap,Mon,2015,Wizards,Trailblazers,home,98-108,1&1,-4.0,210.5,-10,-14.0,-4.5,-9.2,4.8,L,L,U,"0
Jan","18,",2016,recap,Mon,2015,Trailblazers,Wizards,away,108-98,1&1,4.0,210.5,10,14.0,-4.5,4.8,-9.2,W,W,U,0
