Date,Link,Day,Season,Team,Opp,Site,Final,Rest,Line,Total,SUm,ATSm,OUm,DPS,DPA,SUr,ATSr,OUr,"ot
Mar","25,",2016,recap,Fri,2015,Hawks,Bucks,home,101-90,1&1,-9.0,201.5,11,2.0,-10.5,-4.2,-6.2,W,W,U,"0
Mar","25,",2016,recap,Fri,2015,Bucks,Hawks,away,90-101,1&1,9.0,201.5,-11,-2.0,-10.5,-6.2,-4.2,L,L,U,"0
Mar","25,",2016,recap,Fri,2015,Heat,Magic,home,108-97,1&1,-10.5,208.0,11,0.5,-3.0,-1.2,-1.8,W,W,U,"0
Mar","25,",2016,recap,Fri,2015,Magic,Heat,away,97-108,1&1,10.5,208.0,-11,-0.5,-3.0,-1.8,-1.2,L,L,U,"0
Mar","25,",2016,recap,Fri,2015,Kings,Suns,home,116-94,1&1,-7.5,222.0,22,14.5,-12.0,1.2,-13.2,W,W,U,"0
Mar","25,",2016,recap,Fri,2015,Suns,Kings,away,94-116,1&1,7.5,222.0,-22,-14.5,-12.0,-13.2,1.2,L,L,U,"0
Mar","25,",2016,recap,Fri,2015,Lakers,Nuggets,home,105-116,1&1,4.0,214.5,-11,-7.0,6.5,-0.2,6.8,L,L,O,"0
Mar","25,",2016,recap,Fri,2015,Nuggets,Lakers,away,116-105,1&1,-4.0,214.5,11,7.0,6.5,6.8,-0.2,W,W,O,"0
Mar","25,",2016,recap,Fri,2015,Pistons,Hornets,home,112-105,1&2,-2.0,206.0,7,5.0,11.0,8.0,3.0,W,W,O,"0
Mar","25,",2016,recap,Fri,2015,Hornets,Pistons,away,105-112,2&1,2.0,206.0,-7,-5.0,11.0,3.0,8.0,L,L,O,"0
Mar","25,",2016,recap,Fri,2015,Rockets,Raptors,home,112-109,1&1,0.0,211.5,3,3.0,9.5,6.2,3.2,W,W,O,"0
Mar","25,",2016,recap,Fri,2015,Raptors,Rockets,away,109-112,1&1,-0.0,211.5,-3,-3.0,9.5,3.2,6.2,L,L,O,"0
Mar","25,",2016,recap,Fri,2015,Spurs,Grizzlies,home,110-104,1&2,-13.0,192.5,6,-7.0,21.5,7.2,14.2,W,L,O,"0
Mar","25,",2016,recap,Fri,2015,Grizzlies,Spurs,away,104-110,2&1,13.0,192.5,-6,7.0,21.5,14.2,7.2,L,W,O,"0
Mar","25,",2016,recap,Fri,2015,Warriors,Mavericks,home,128-120,1&1,-15.0,223.5,8,-7.0,24.5,8.8,15.8,W,L,O,"0
Mar","25,",2016,recap,Fri,2015,Mavericks,Warriors,away,120-128,1&1,15.0,223.5,-8,7.0,24.5,15.8,8.8,L,W,O,"0
Mar","25,",2016,recap,Fri,2015,Wizards,Timberwolves,home,129-132,1&1,-8.0,218.5,-3,-11.0,42.5,15.8,26.8,L,L,O,"2
Mar","25,",2016,recap,Fri,2015,Timberwolves,Wizards,away,132-129,1&1,8.0,218.5,3,11.0,42.5,26.8,15.8,W,W,O,2
