Date,Link,Day,Season,Team,Opp,Site,Final,Rest,Line,Total,SUm,ATSm,OUm,DPS,DPA,SUr,ATSr,OUr,"ot
Dec","15,",2016,recap,Thu,2016,Bucks,Bulls,home,108-97,2&1,-1.0,206.5,11,10.0,-1.5,4.2,-5.8,W,W,U,"0
Dec","15,",2016,recap,Thu,2016,Bulls,Bucks,away,97-108,1&2,1.0,206.5,-11,-10.0,-1.5,-5.8,4.2,L,L,U,"0
Dec","15,",2016,recap,Thu,2016,Nuggets,Trailblazers,home,132-120,2&1,-2.5,222.0,12,9.5,30.0,19.8,10.2,W,W,O,"0
Dec","15,",2016,recap,Thu,2016,Trailblazers,Nuggets,away,120-132,1&2,2.5,222.0,-12,-9.5,30.0,10.2,19.8,L,L,O,"0
Dec","15,",2016,recap,Thu,2016,Pelicans,Pacers,home,102-95,1&0,-3.5,209.5,7,3.5,-12.5,-4.5,-8.0,W,W,U,"0
Dec","15,",2016,recap,Thu,2016,Pacers,Pelicans,away,95-102,0&1,3.5,209.5,-7,-3.5,-12.5,-8.0,-4.5,L,L,U,"0
Dec","15,",2016,recap,Thu,2016,Suns,Spurs,home,92-107,1&0,8.0,210.0,-15,-7.0,-11.0,-9.0,-2.0,L,L,U,"0
Dec","15,",2016,recap,Thu,2016,Spurs,Suns,away,107-92,0&1,-8.0,210.0,15,7.0,-11.0,-2.0,-9.0,W,W,U,"0
Dec","15,",2016,recap,Thu,2016,Warriors,Knicks,home,103-90,1&1,-16.0,222.5,13,-3.0,-29.5,-16.2,-13.2,W,L,U,"0
Dec","15,",2016,recap,Thu,2016,Knicks,Warriors,away,90-103,1&1,16.0,222.5,-13,3.0,-29.5,-13.2,-16.2,L,W,U,0
