Date,Link,Day,Season,Team,Opp,Site,Final,Rest,Line,Total,SUm,ATSm,OUm,DPS,DPA,SUr,ATSr,OUr,"ot
Jan","14,",2016,recap,Thu,2015,Grizzlies,Pistons,home,103-101,1&1,0.0,192.0,2,2.0,12.0,7.0,5.0,W,W,O,"0
Jan","14,",2016,recap,Thu,2015,Pistons,Grizzlies,away,101-103,1&1,-0.0,192.0,-2,-2.0,12.0,5.0,7.0,L,L,O,"0
Jan","14,",2016,recap,Thu,2015,Jazz,Kings,home,101-103,0&0,-2.0,201.0,-2,-4.0,3.0,-0.5,3.5,L,L,O,"0
Jan","14,",2016,recap,Thu,2015,Kings,Jazz,away,103-101,0&0,2.0,201.0,2,4.0,3.0,3.5,-0.5,W,W,O,"0
Jan","14,",2016,recap,Thu,2015,Magic,Raptors,home,103-106,4&4,4.5,193.5,-3,1.5,15.5,8.5,7.0,L,W,O,"1
Jan","14,",2016,recap,Thu,2015,Raptors,Magic,away,106-103,4&4,-4.5,193.5,3,-1.5,15.5,7.0,8.5,W,L,O,"1
Jan","14,",2016,recap,Thu,2015,Seventysixers,Bulls,home,111-115,3&1,8.0,204.0,-4,4.0,22.0,13.0,9.0,L,W,O,"1
Jan","14,",2016,recap,Thu,2015,Bulls,Seventysixers,away,115-111,1&3,-8.0,204.0,4,-4.0,22.0,9.0,13.0,W,L,O,"1
Jan","14,",2016,recap,Thu,2015,Spurs,Cavaliers,home,99-95,1&1,-6.0,196.0,4,-2.0,-2.0,-2.0,0.0,W,L,U,"0
Jan","14,",2016,recap,Thu,2015,Cavaliers,Spurs,away,95-99,1&1,6.0,196.0,-4,2.0,-2.0,0.0,-2.0,L,W,U,"0
Jan","14,",2016,recap,Thu,2015,Warriors,Lakers,home,116-98,0&1,-17.0,216.5,18,1.0,-2.5,-0.8,-1.8,W,W,U,"0
Jan","14,",2016,recap,Thu,2015,Lakers,Warriors,away,98-116,1&0,17.0,216.5,-18,-1.0,-2.5,-1.8,-0.8,L,L,U,0
