Date,Link,Day,Season,Team,Opp,Site,Final,Rest,Line,Total,SUm,ATSm,OUm,DPS,DPA,SUr,ATSr,OUr,"ot
Mar","26,",2016,recap,Sat,2015,Bucks,Hornets,home,91-115,0&0,3.5,203.0,-24,-20.5,3.0,-8.8,11.8,L,L,O,"0
Mar","26,",2016,recap,Sat,2015,Hornets,Bucks,away,115-91,0&0,-3.5,203.0,24,20.5,3.0,11.8,-8.8,W,W,O,"0
Mar","26,",2016,recap,Sat,2015,Knicks,Cavaliers,home,93-107,1&1,8.5,202.0,-14,-5.5,-2.0,-3.8,1.8,L,L,U,"0
Mar","26,",2016,recap,Sat,2015,Cavaliers,Knicks,away,107-93,1&1,-8.5,202.0,14,5.5,-2.0,1.8,-3.8,W,W,U,"0
Mar","26,",2016,recap,Sat,2015,Magic,Bulls,home,111-89,0&1,6.0,208.5,22,28.0,-8.5,9.8,-18.2,W,W,U,"0
Mar","26,",2016,recap,Sat,2015,Bulls,Magic,away,89-111,1&0,-6.0,208.5,-22,-28.0,-8.5,-18.2,9.8,L,L,U,"0
Mar","26,",2016,recap,Sat,2015,Nets,Pacers,home,120-110,1&1,5.0,204.0,10,15.0,26.0,20.5,5.5,W,W,O,"0
Mar","26,",2016,recap,Sat,2015,Pacers,Nets,away,110-120,1&1,-5.0,204.0,-10,-15.0,26.0,5.5,20.5,L,L,O,"0
Mar","26,",2016,recap,Sat,2015,Pelicans,Raptors,home,91-115,1&0,10.5,201.5,-24,-13.5,4.5,-4.5,9.0,L,L,O,"0
Mar","26,",2016,recap,Sat,2015,Raptors,Pelicans,away,115-91,0&1,-10.5,201.5,24,13.5,4.5,9.0,-4.5,W,W,O,"0
Mar","26,",2016,recap,Sat,2015,Pistons,Hawks,home,95-112,0&0,-1.0,206.5,-17,-18.0,0.5,-8.8,9.2,L,L,O,"0
Mar","26,",2016,recap,Sat,2015,Hawks,Pistons,away,112-95,0&0,1.0,206.5,17,18.0,0.5,9.2,-8.8,W,W,O,"0
Mar","26,",2016,recap,Sat,2015,Suns,Celtics,home,99-102,0&2,8.5,215.5,-3,5.5,-14.5,-4.5,-10.0,L,W,U,"0
Mar","26,",2016,recap,Sat,2015,Celtics,Suns,away,102-99,2&0,-8.5,215.5,3,-5.5,-14.5,-10.0,-4.5,W,L,U,"0
Mar","26,",2016,recap,Sat,2015,Thunder,Spurs,home,111-92,1&0,-12.5,206.0,19,6.5,-3.0,1.8,-4.8,W,W,U,"0
Mar","26,",2016,recap,Sat,2015,Spurs,Thunder,away,92-111,0&1,12.5,206.0,-19,-6.5,-3.0,-4.8,1.8,L,L,U,"0
Mar","26,",2016,recap,Sat,2015,Timberwolves,Jazz,home,84-93,0&1,7.5,195.5,-9,-1.5,-18.5,-10.0,-8.5,L,L,U,"0
Mar","26,",2016,recap,Sat,2015,Jazz,Timberwolves,away,93-84,1&0,-7.5,195.5,9,1.5,-18.5,-8.5,-10.0,W,W,U,"0
Mar","26,",2016,recap,Sat,2015,Trailblazers,Seventysixers,home,108-105,1&2,-14.5,217.0,3,-11.5,-4.0,-7.8,3.8,W,L,U,"0
Mar","26,",2016,recap,Sat,2015,Seventysixers,Trailblazers,away,105-108,2&1,14.5,217.0,-3,11.5,-4.0,3.8,-7.8,L,W,U,0
