Date,Link,Day,Season,Team,Opp,Site,Final,Rest,Line,Total,SUm,ATSm,OUm,DPS,DPA,SUr,ATSr,OUr,"ot
Feb","04,",2016,recap,Thu,2015,Pelicans,Lakers,home,96-99,0&1,-10.0,209.5,-3,-13.0,-14.5,-13.8,-0.8,L,L,U,"0
Feb","04,",2016,recap,Thu,2015,Lakers,Pelicans,away,99-96,1&0,10.0,209.5,3,13.0,-14.5,-0.8,-13.8,W,W,U,"0
Feb","04,",2016,recap,Thu,2015,Pistons,Knicks,home,111-105,0&1,-5.0,203.0,6,1.0,13.0,7.0,6.0,W,W,O,"0
Feb","04,",2016,recap,Thu,2015,Knicks,Pistons,away,105-111,1&0,5.0,203.0,-6,-1.0,13.0,6.0,7.0,L,L,O,"0
Feb","04,",2016,recap,Thu,2015,Suns,Rockets,home,105-111,1&1,7.5,216.0,-6,1.5,0.0,0.8,-0.8,L,W,P,"0
Feb","04,",2016,recap,Thu,2015,Rockets,Suns,away,111-105,1&1,-7.5,216.0,6,-1.5,0.0,-0.8,0.8,W,L,P,"0
Feb","04,",2016,recap,Thu,2015,Trailblazers,Raptors,home,103-110,1&1,-1.0,206.5,-7,-8.0,6.5,-0.8,7.2,L,L,O,"0
Feb","04,",2016,recap,Thu,2015,Raptors,Trailblazers,away,110-103,1&1,1.0,206.5,7,8.0,6.5,7.2,-0.8,W,W,O,0
