Date,Link,Day,Season,Team,Opp,Site,Final,Rest,Line,Total,SUm,ATSm,OUm,DPS,DPA,SUr,ATSr,OUr,"ot
Feb","08,",2016,recap,Mon,2015,Cavaliers,Kings,home,120-100,1&0,-12.0,218.5,20,8.0,1.5,4.8,-3.2,W,W,O,"0
Feb","08,",2016,recap,Mon,2015,Kings,Cavaliers,away,100-120,0&1,12.0,218.5,-20,-8.0,1.5,-3.2,4.8,L,L,O,"0
Feb","08,",2016,recap,Mon,2015,Grizzlies,Trailblazers,home,106-112,1&1,-3.0,201.5,-6,-9.0,16.5,3.8,12.8,L,L,O,"1
Feb","08,",2016,recap,Mon,2015,Trailblazers,Grizzlies,away,112-106,1&1,3.0,201.5,6,9.0,16.5,12.8,3.8,W,W,O,"1
Feb","08,",2016,recap,Mon,2015,Hawks,Magic,home,110-117,0&0,-8.0,203.0,-7,-15.0,24.0,4.5,19.5,L,L,O,"1
Feb","08,",2016,recap,Mon,2015,Magic,Hawks,away,117-110,0&0,8.0,203.0,7,15.0,24.0,19.5,4.5,W,W,O,"1
Feb","08,",2016,recap,Mon,2015,Hornets,Bulls,home,108-91,1&1,-7.5,200.0,17,9.5,-1.0,4.2,-5.2,W,W,U,"0
Feb","08,",2016,recap,Mon,2015,Bulls,Hornets,away,91-108,1&1,7.5,200.0,-17,-9.5,-1.0,-5.2,4.2,L,L,U,"0
Feb","08,",2016,recap,Mon,2015,Nets,Nuggets,home,105-104,1&0,2.0,205.5,1,3.0,3.5,3.2,0.2,W,W,O,"0
Feb","08,",2016,recap,Mon,2015,Nuggets,Nets,away,104-105,0&1,-2.0,205.5,-1,-3.0,3.5,0.2,3.2,L,L,O,"0
Feb","08,",2016,recap,Mon,2015,Pacers,Lakers,home,89-87,1&1,-11.5,206.0,2,-9.5,-30.0,-19.8,-10.2,W,L,U,"0
Feb","08,",2016,recap,Mon,2015,Lakers,Pacers,away,87-89,1&1,11.5,206.0,-2,9.5,-30.0,-10.2,-19.8,L,W,U,"0
Feb","08,",2016,recap,Mon,2015,Pistons,Raptors,home,89-103,1&3,1.0,206.0,-14,-13.0,-14.0,-13.5,-0.5,L,L,U,"0
Feb","08,",2016,recap,Mon,2015,Raptors,Pistons,away,103-89,3&1,-1.0,206.0,14,13.0,-14.0,-0.5,-13.5,W,W,U,"0
Feb","08,",2016,recap,Mon,2015,Seventysixers,Clippers,home,92-98,1&0,9.0,206.5,-6,3.0,-16.5,-6.8,-9.8,L,W,U,"1
Feb","08,",2016,recap,Mon,2015,Clippers,Seventysixers,away,98-92,0&1,-9.0,206.5,6,-3.0,-16.5,-9.8,-6.8,W,L,U,"1
Feb","08,",2016,recap,Mon,2015,Suns,Thunder,home,106-122,1&1,13.0,216.0,-16,-3.0,12.0,4.5,7.5,L,L,O,"0
Feb","08,",2016,recap,Mon,2015,Thunder,Suns,away,122-106,1&1,-13.0,216.0,16,3.0,12.0,7.5,4.5,W,W,O,"0
Feb","08,",2016,recap,Mon,2015,Timberwolves,Pelicans,home,102-116,1&1,-1.5,210.5,-14,-15.5,7.5,-4.0,11.5,L,L,O,"0
Feb","08,",2016,recap,Mon,2015,Pelicans,Timberwolves,away,116-102,1&1,1.5,210.5,14,15.5,7.5,11.5,-4.0,W,W,O,0
