Date,Link,Day,Season,Team,Opp,Site,Final,Rest,Line,Total,SUm,ATSm,OUm,DPS,DPA,SUr,ATSr,OUr,"ot
Nov","04,",2016,recap,Fri,2016,Bulls,Knicks,home,104-117,1&1,-7.0,210.5,-13,-20.0,10.5,-4.8,15.2,L,L,O,"0
Nov","04,",2016,recap,Fri,2016,Knicks,Bulls,away,117-104,1&1,7.0,210.5,13,20.0,10.5,15.2,-4.8,W,W,O,"0
Nov","04,",2016,recap,Fri,2016,Grizzlies,Clippers,home,88-99,1&1,6.0,197.0,-11,-5.0,-10.0,-7.5,-2.5,L,L,U,"0
Nov","04,",2016,recap,Fri,2016,Clippers,Grizzlies,away,99-88,1&1,-6.0,197.0,11,5.0,-10.0,-2.5,-7.5,W,W,U,"0
Nov","04,",2016,recap,Fri,2016,Jazz,Spurs,home,86-100,1&2,4.5,185.5,-14,-9.5,0.5,-4.5,5.0,L,L,O,"0
Nov","04,",2016,recap,Fri,2016,Spurs,Jazz,away,100-86,2&1,-4.5,185.5,14,9.5,0.5,5.0,-4.5,W,W,O,"0
Nov","04,",2016,recap,Fri,2016,Lakers,Warriors,home,117-97,1&0,11.0,229.0,20,31.0,-15.0,8.0,-23.0,W,W,U,"0
Nov","04,",2016,recap,Fri,2016,Warriors,Lakers,away,97-117,0&1,-11.0,229.0,-20,-31.0,-15.0,-23.0,8.0,L,L,U,"0
Nov","04,",2016,recap,Fri,2016,Mavericks,Trailblazers,home,95-105,1&1,2.5,207.0,-10,-7.5,-7.0,-7.2,0.2,L,L,U,"0
Nov","04,",2016,recap,Fri,2016,Trailblazers,Mavericks,away,105-95,1&1,-2.5,207.0,10,7.5,-7.0,0.2,-7.2,W,W,U,"0
Nov","04,",2016,recap,Fri,2016,Nets,Hornets,home,95-99,1&1,6.0,203.5,-4,2.0,-9.5,-3.8,-5.8,L,W,U,"0
Nov","04,",2016,recap,Fri,2016,Hornets,Nets,away,99-95,1&1,-6.0,203.5,4,-2.0,-9.5,-5.8,-3.8,W,L,U,"0
Nov","04,",2016,recap,Fri,2016,Pelicans,Suns,home,111-112,1&1,-2.5,212.0,-1,-3.5,11.0,3.8,7.2,L,L,O,"1
Nov","04,",2016,recap,Fri,2016,Suns,Pelicans,away,112-111,1&1,2.5,212.0,1,3.5,11.0,7.2,3.8,W,W,O,"1
Nov","04,",2016,recap,Fri,2016,Raptors,Heat,home,96-87,1&2,-8.0,201.0,9,1.0,-18.0,-8.5,-9.5,W,W,U,"0
Nov","04,",2016,recap,Fri,2016,Heat,Raptors,away,87-96,2&1,8.0,201.0,-9,-1.0,-18.0,-9.5,-8.5,L,L,U,"0
Nov","04,",2016,recap,Fri,2016,Wizards,Hawks,home,95-92,1&1,-1.5,206.0,3,1.5,-19.0,-8.8,-10.2,W,W,U,"0
Nov","04,",2016,recap,Fri,2016,Hawks,Wizards,away,92-95,1&1,1.5,206.0,-3,-1.5,-19.0,-10.2,-8.8,L,L,U,0
