Date,Link,Day,Season,Team,Opp,Site,Final,Rest,Line,Total,SUm,ATSm,OUm,DPS,DPA,SUr,ATSr,OUr,"ot
Jan","20,",2016,recap,Wed,2015,Bulls,Warriors,home,94-125,1&1,7.0,216.5,-31,-24.0,2.5,-10.8,13.2,L,L,O,"0
Jan","20,",2016,recap,Wed,2015,Warriors,Bulls,away,125-94,1&1,-7.0,216.5,31,24.0,2.5,13.2,-10.8,W,W,O,"0
Jan","20,",2016,recap,Wed,2015,Knicks,Jazz,home,118-111,1&1,-3.0,188.0,7,4.0,41.0,22.5,18.5,W,W,O,"1
Jan","20,",2016,recap,Wed,2015,Jazz,Knicks,away,111-118,1&1,3.0,188.0,-7,-4.0,41.0,18.5,22.5,L,L,O,"1
Jan","20,",2016,recap,Wed,2015,Lakers,Kings,home,93-112,2&3,7.0,215.0,-19,-12.0,-10.0,-11.0,1.0,L,L,U,"0
Jan","20,",2016,recap,Wed,2015,Kings,Lakers,away,112-93,3&2,-7.0,215.0,19,12.0,-10.0,1.0,-11.0,W,W,U,"0
Jan","20,",2016,recap,Wed,2015,Magic,Seventysixers,home,87-96,1&1,-7.0,196.0,-9,-16.0,-13.0,-14.5,1.5,L,L,U,"0
Jan","20,",2016,recap,Wed,2015,Seventysixers,Magic,away,96-87,1&1,7.0,196.0,9,16.0,-13.0,1.5,-14.5,W,W,U,"0
Jan","20,",2016,recap,Wed,2015,Mavericks,Timberwolves,home,106-94,1&0,-7.0,199.0,12,5.0,1.0,3.0,-2.0,W,W,O,"1
Jan","20,",2016,recap,Wed,2015,Timberwolves,Mavericks,away,94-106,0&1,7.0,199.0,-12,-5.0,1.0,-2.0,3.0,L,L,O,"1
Jan","20,",2016,recap,Wed,2015,Nets,Cavaliers,home,78-91,1&1,12.5,197.5,-13,-0.5,-28.5,-14.5,-14.0,L,L,U,"0
Jan","20,",2016,recap,Wed,2015,Cavaliers,Nets,away,91-78,1&1,-12.5,197.5,13,0.5,-28.5,-14.0,-14.5,W,W,U,"0
Jan","20,",2016,recap,Wed,2015,Raptors,Celtics,home,115-109,1&1,-3.5,202.0,6,2.5,22.0,12.2,9.8,W,W,O,"0
Jan","20,",2016,recap,Wed,2015,Celtics,Raptors,away,109-115,1&1,3.5,202.0,-6,-2.5,22.0,9.8,12.2,L,L,O,"0
Jan","20,",2016,recap,Wed,2015,Rockets,Pistons,home,114-123,1&1,-3.0,209.0,-9,-12.0,28.0,8.0,20.0,L,L,O,"0
Jan","20,",2016,recap,Wed,2015,Pistons,Rockets,away,123-114,1&1,3.0,209.0,9,12.0,28.0,20.0,8.0,W,W,O,"0
Jan","20,",2016,recap,Wed,2015,Thunder,Hornets,home,109-95,0&1,-9.5,206.0,14,4.5,-2.0,1.2,-3.2,W,W,U,"0
Jan","20,",2016,recap,Wed,2015,Hornets,Thunder,away,95-109,1&0,9.5,206.0,-14,-4.5,-2.0,-3.2,1.2,L,L,U,"0
Jan","20,",2016,recap,Wed,2015,Trailblazers,Hawks,home,98-104,1&1,2.0,209.5,-6,-4.0,-7.5,-5.8,-1.8,L,L,U,"0
Jan","20,",2016,recap,Wed,2015,Hawks,Trailblazers,away,104-98,1&1,-2.0,209.5,6,4.0,-7.5,-1.8,-5.8,W,W,U,"0
Jan","20,",2016,recap,Wed,2015,Wizards,Heat,home,106-87,1&0,-5.0,195.0,19,14.0,-2.0,6.0,-8.0,W,W,U,"0
Jan","20,",2016,recap,Wed,2015,Heat,Wizards,away,87-106,0&1,5.0,195.0,-19,-14.0,-2.0,-8.0,6.0,L,L,U,0
