Date,Link,Day,Season,Team,Opp,Site,Final,Rest,Line,Total,SUm,ATSm,OUm,DPS,DPA,SUr,ATSr,OUr,"ot
Feb","25,",2016,recap,Thu,2015,Celtics,Bucks,home,112-107,2&2,-8.0,214.5,5,-3.0,4.5,0.8,3.8,W,L,O,"0
Feb","25,",2016,recap,Thu,2015,Bucks,Celtics,away,107-112,2&2,8.0,214.5,-5,3.0,4.5,3.8,0.8,L,W,O,"0
Feb","25,",2016,recap,Thu,2015,Jazz,Spurs,home,78-96,1&0,3.5,193.0,-18,-14.5,-19.0,-16.8,-2.2,L,L,U,"0
Feb","25,",2016,recap,Thu,2015,Spurs,Jazz,away,96-78,0&1,-3.5,193.0,18,14.5,-19.0,-2.2,-16.8,W,W,U,"0
Feb","25,",2016,recap,Thu,2015,Magic,Warriors,home,114-130,1&0,8.5,223.5,-16,-7.5,20.5,6.5,14.0,L,L,O,"0
Feb","25,",2016,recap,Thu,2015,Warriors,Magic,away,130-114,0&1,-8.5,223.5,16,7.5,20.5,14.0,6.5,W,W,O,"0
Feb","25,",2016,recap,Thu,2015,Pelicans,Thunder,home,123-119,1&0,5.5,221.5,4,9.5,20.5,15.0,5.5,W,W,O,"0
Feb","25,",2016,recap,Thu,2015,Thunder,Pelicans,away,119-123,0&1,-5.5,221.5,-4,-9.5,20.5,5.5,15.0,L,L,O,"0
Feb","25,",2016,recap,Thu,2015,Suns,Nets,home,106-116,2&1,0.0,208.0,-10,-10.0,14.0,2.0,12.0,L,L,O,"0
Feb","25,",2016,recap,Thu,2015,Nets,Suns,away,116-106,1&2,-0.0,208.0,10,10.0,14.0,12.0,2.0,W,W,O,"0
Feb","25,",2016,recap,Thu,2015,Trailblazers,Rockets,home,105-119,1&1,-4.0,221.5,-14,-18.0,2.5,-7.8,10.2,L,L,O,"0
Feb","25,",2016,recap,Thu,2015,Rockets,Trailblazers,away,119-105,1&1,4.0,221.5,14,18.0,2.5,10.2,-7.8,W,W,O,0
