Date,Link,Day,Season,Team,Opp,Site,Final,Rest,Line,Total,SUm,ATSm,OUm,DPS,DPA,SUr,ATSr,OUr,"ot
Mar","06,",2016,recap,Sun,2015,Bucks,Thunder,home,96-104,1&2,7.5,218.0,-8,-0.5,-18.0,-9.2,-8.8,L,L,U,"0
Mar","06,",2016,recap,Sun,2015,Thunder,Bucks,away,104-96,2&1,-7.5,218.0,8,0.5,-18.0,-8.8,-9.2,W,W,U,"0
Mar","06,",2016,recap,Sun,2015,Grizzlies,Suns,home,100-109,1&1,-10.0,206.5,-9,-19.0,2.5,-8.2,10.8,L,L,O,"0
Mar","06,",2016,recap,Sun,2015,Suns,Grizzlies,away,109-100,1&1,10.0,206.5,9,19.0,2.5,10.8,-8.2,W,W,O,"0
Mar","06,",2016,recap,Sun,2015,Heat,Seventysixers,home,103-98,1&1,-14.0,210.5,5,-9.0,-9.5,-9.2,-0.2,W,L,U,"0
Mar","06,",2016,recap,Sun,2015,Seventysixers,Heat,away,98-103,1&1,14.0,210.5,-5,9.0,-9.5,-0.2,-9.2,L,W,U,"0
Mar","06,",2016,recap,Sun,2015,Lakers,Warriors,home,112-95,1&2,17.0,220.5,17,34.0,-13.5,10.2,-23.8,W,W,U,"0
Mar","06,",2016,recap,Sun,2015,Warriors,Lakers,away,95-112,2&1,-17.0,220.5,-17,-34.0,-13.5,-23.8,10.2,L,L,U,"0
Mar","06,",2016,recap,Sun,2015,Nuggets,Mavericks,home,116-114,1&2,3.5,210.5,2,5.5,19.5,12.5,7.0,W,W,O,"1
Mar","06,",2016,recap,Sun,2015,Mavericks,Nuggets,away,114-116,2&1,-3.5,210.5,-2,-5.5,19.5,7.0,12.5,L,L,O,"1
Mar","06,",2016,recap,Sun,2015,Pistons,Trailblazers,home,123-103,0&1,0.0,207.0,20,20.0,19.0,19.5,-0.5,W,W,O,"0
Mar","06,",2016,recap,Sun,2015,Trailblazers,Pistons,away,103-123,1&0,0.0,207.0,-20,-20.0,19.0,-0.5,19.5,L,L,O,"0
Mar","06,",2016,recap,Sun,2015,Raptors,Rockets,home,107-113,1&0,-7.5,214.0,-6,-13.5,6.0,-3.8,9.8,L,L,O,"0
Mar","06,",2016,recap,Sun,2015,Rockets,Raptors,away,113-107,0&1,7.5,214.0,6,13.5,6.0,9.8,-3.8,W,W,O,0
