Date,Link,Day,Season,Team,Opp,Site,Final,Rest,Line,Total,SUm,ATSm,OUm,DPS,DPA,SUr,ATSr,OUr,"ot
Nov","22,",2016,recap,Tue,2016,Hawks,Pelicans,home,94-112,1&2,-8.0,208.5,-18,-26.0,-2.5,-14.2,11.8,L,L,U,"0
Nov","22,",2016,recap,Tue,2016,Pelicans,Hawks,away,112-94,2&1,8.0,208.5,18,26.0,-2.5,11.8,-14.2,W,W,U,"0
Nov","22,",2016,recap,Tue,2016,Knicks,Trailblazers,home,107-103,1&1,-2.0,215.5,4,2.0,-5.5,-1.8,-3.8,W,W,U,"0
Nov","22,",2016,recap,Tue,2016,Trailblazers,Knicks,away,103-107,1&1,2.0,215.5,-4,-2.0,-5.5,-3.8,-1.8,L,L,U,"0
Nov","22,",2016,recap,Tue,2016,Lakers,Thunder,home,111-109,1&1,2.5,218.0,2,4.5,2.0,3.2,-1.2,W,W,O,"0
Nov","22,",2016,recap,Tue,2016,Thunder,Lakers,away,109-111,1&1,-2.5,218.0,-2,-4.5,2.0,-1.2,3.2,L,L,O,"0
Nov","22,",2016,recap,Tue,2016,Nuggets,Bulls,home,110-107,1&1,2.0,208.0,3,5.0,9.0,7.0,2.0,W,W,O,"0
Nov","22,",2016,recap,Tue,2016,Bulls,Nuggets,away,107-110,1&1,-2.0,208.0,-3,-5.0,9.0,2.0,7.0,L,L,O,0
