Date,Link,Day,Season,Team,Opp,Site,Final,Rest,Line,Total,SUm,ATSm,OUm,DPS,DPA,SUr,ATSr,OUr,"ot
Dec","21,",2016,recap,Wed,2016,Bulls,Wizards,home,97-107,1&1,-3.5,209.5,-10,-13.5,-5.5,-9.5,4.0,L,L,U,"0
Dec","21,",2016,recap,Wed,2016,Wizards,Bulls,away,107-97,1&1,3.5,209.5,10,13.5,-5.5,4.0,-9.5,W,W,U,"0
Dec","21,",2016,recap,Wed,2016,Cavaliers,Bucks,home,113-102,0&0,-6.5,208.5,11,4.5,6.5,5.5,1.0,W,W,O,"0
Dec","21,",2016,recap,Wed,2016,Bucks,Cavaliers,away,102-113,0&0,6.5,208.5,-11,-4.5,6.5,1.0,5.5,L,L,O,"0
Dec","21,",2016,recap,Wed,2016,Hawks,Timberwolves,home,84-92,1&1,-4.0,213.0,-8,-12.0,-37.0,-24.5,-12.5,L,L,U,"0
Dec","21,",2016,recap,Wed,2016,Timberwolves,Hawks,away,92-84,1&1,4.0,213.0,8,12.0,-37.0,-12.5,-24.5,W,W,U,"0
Dec","21,",2016,recap,Wed,2016,Jazz,Kings,home,93-94,0&0,-7.0,192.5,-1,-8.0,-5.5,-6.8,1.2,L,L,U,"0
Dec","21,",2016,recap,Wed,2016,Kings,Jazz,away,94-93,0&0,7.0,192.5,1,8.0,-5.5,1.2,-6.8,W,W,U,"0
Dec","21,",2016,recap,Wed,2016,Pelicans,Thunder,home,110-121,0&1,2.0,209.0,-11,-9.0,22.0,6.5,15.5,L,L,O,"0
Dec","21,",2016,recap,Wed,2016,Thunder,Pelicans,away,121-110,1&0,-2.0,209.0,11,9.0,22.0,15.5,6.5,W,W,O,"0
Dec","21,",2016,recap,Wed,2016,Pistons,Grizzlies,home,86-98,1&0,-6.0,186.5,-12,-18.0,-2.5,-10.2,7.8,L,L,U,"0
Dec","21,",2016,recap,Wed,2016,Grizzlies,Pistons,away,98-86,0&1,6.0,186.5,12,18.0,-2.5,7.8,-10.2,W,W,U,"0
Dec","21,",2016,recap,Wed,2016,Suns,Rockets,home,111-125,1&0,6.5,228.0,-14,-7.5,8.0,0.2,7.8,L,L,O,"0
Dec","21,",2016,recap,Wed,2016,Rockets,Suns,away,125-111,0&1,-6.5,228.0,14,7.5,8.0,7.8,0.2,W,W,O,"0
Dec","21,",2016,recap,Wed,2016,Trailblazers,Mavericks,home,95-96,0&1,-6.0,209.0,-1,-7.0,-18.0,-12.5,-5.5,L,L,U,"0
Dec","21,",2016,recap,Wed,2016,Mavericks,Trailblazers,away,96-95,1&0,6.0,209.0,1,7.0,-18.0,-5.5,-12.5,W,W,U,0
