Date,Link,Day,Season,Team,Opp,Site,Final,Rest,Line,Total,SUm,ATSm,OUm,DPS,DPA,SUr,ATSr,OUr,"ot
Nov","03,",2016,recap,Thu,2016,Bucks,Pacers,home,125-107,1&1,3.0,212.5,18,21.0,19.5,20.2,-0.8,W,W,O,"0
Nov","03,",2016,recap,Thu,2016,Pacers,Bucks,away,107-125,1&1,-3.0,212.5,-18,-21.0,19.5,-0.8,20.2,L,L,O,"0
Nov","03,",2016,recap,Thu,2016,Cavaliers,Celtics,home,128-122,1&0,-10.0,208.5,6,-4.0,41.5,18.8,22.8,W,L,O,"0
Nov","03,",2016,recap,Thu,2016,Celtics,Cavaliers,away,122-128,0&1,10.0,208.5,-6,4.0,41.5,22.8,18.8,L,W,O,"0
Nov","03,",2016,recap,Thu,2016,Magic,Kings,home,102-94,1&1,0.0,198.0,8,8.0,-2.0,3.0,-5.0,W,W,U,"0
Nov","03,",2016,recap,Thu,2016,Kings,Magic,away,94-102,1&1,-0.0,198.0,-8,-8.0,-2.0,-5.0,3.0,L,L,U,"0
Nov","03,",2016,recap,Thu,2016,Timberwolves,Nuggets,home,99-102,1&2,-3.5,204.0,-3,-6.5,-3.0,-4.8,1.8,L,L,U,"0
Nov","03,",2016,recap,Thu,2016,Nuggets,Timberwolves,away,102-99,2&1,3.5,204.0,3,6.5,-3.0,1.8,-4.8,W,W,U,"0
Nov","03,",2016,recap,Thu,2016,Warriors,Thunder,home,122-96,1&0,-11.5,222.0,26,14.5,-4.0,5.2,-9.2,W,W,U,"0
Nov","03,",2016,recap,Thu,2016,Thunder,Warriors,away,96-122,0&1,11.5,222.0,-26,-14.5,-4.0,-9.2,5.2,L,L,U,0
