Date,Link,Day,Season,Team,Opp,Site,Final,Rest,Line,Total,SUm,ATSm,OUm,DPS,DPA,SUr,ATSr,OUr,"ot
Apr","08,",2016,recap,Fri,2015,Celtics,Bucks,home,124-109,1&2,-10.5,204.5,15,4.5,28.5,16.5,12.0,W,W,O,"0
Apr","08,",2016,recap,Fri,2015,Bucks,Celtics,away,109-124,2&1,10.5,204.5,-15,-4.5,28.5,12.0,16.5,L,L,O,"0
Apr","08,",2016,recap,Fri,2015,Hornets,Nets,home,113-99,1&1,-14.5,207.0,14,-0.5,5.0,2.2,2.8,W,L,O,"0
Apr","08,",2016,recap,Fri,2015,Nets,Hornets,away,99-113,1&1,14.5,207.0,-14,0.5,5.0,2.8,2.2,L,W,O,"0
Apr","08,",2016,recap,Fri,2015,Jazz,Clippers,home,99-102,2&1,-13.0,184.5,-3,-16.0,16.5,0.2,16.2,L,L,O,"1
Apr","08,",2016,recap,Fri,2015,Clippers,Jazz,away,102-99,1&2,13.0,184.5,3,16.0,16.5,16.2,0.2,W,W,O,"1
Apr","08,",2016,recap,Fri,2015,Magic,Heat,home,112-109,1&0,0.0,208.0,3,3.0,13.0,8.0,5.0,W,W,O,"0
Apr","08,",2016,recap,Fri,2015,Heat,Magic,away,109-112,0&1,0.0,208.0,-3,-3.0,13.0,5.0,8.0,L,L,O,"0
Apr","08,",2016,recap,Fri,2015,Mavericks,Grizzlies,home,103-93,1&2,-6.5,192.5,10,3.5,3.5,3.5,0.0,W,W,O,"0
Apr","08,",2016,recap,Fri,2015,Grizzlies,Mavericks,away,93-103,2&1,6.5,192.5,-10,-3.5,3.5,0.0,3.5,L,L,O,"0
Apr","08,",2016,recap,Fri,2015,Nuggets,Spurs,home,102-98,2&0,-1.5,198.0,4,2.5,2.0,2.2,-0.2,W,W,O,"0
Apr","08,",2016,recap,Fri,2015,Spurs,Nuggets,away,98-102,0&2,1.5,198.0,-4,-2.5,2.0,-0.2,2.2,L,L,O,"0
Apr","08,",2016,recap,Fri,2015,Pelicans,Lakers,home,110-102,1&1,-3.5,202.5,8,4.5,9.5,7.0,2.5,W,W,O,"0
Apr","08,",2016,recap,Fri,2015,Lakers,Pelicans,away,102-110,1&1,3.5,202.5,-8,-4.5,9.5,2.5,7.0,L,L,O,"0
Apr","08,",2016,recap,Fri,2015,Pistons,Wizards,home,112-99,1&1,-6.0,205.5,13,7.0,5.5,6.2,-0.8,W,W,O,"0
Apr","08,",2016,recap,Fri,2015,Wizards,Pistons,away,99-112,1&1,6.0,205.5,-13,-7.0,5.5,-0.8,6.2,L,L,O,"0
Apr","08,",2016,recap,Fri,2015,Raptors,Pacers,home,111-98,0&1,4.5,194.5,13,17.5,14.5,16.0,-1.5,W,W,O,"0
Apr","08,",2016,recap,Fri,2015,Pacers,Raptors,away,98-111,1&0,-4.5,194.5,-13,-17.5,14.5,-1.5,16.0,L,L,O,"0
Apr","08,",2016,recap,Fri,2015,Seventysixers,Knicks,home,102-109,2&1,2.5,204.0,-7,-4.5,7.0,1.2,5.8,L,L,O,"0
Apr","08,",2016,recap,Fri,2015,Knicks,Seventysixers,away,109-102,1&2,-2.5,204.0,7,4.5,7.0,5.8,1.2,W,W,O,0
