Date,Link,Day,Season,Team,Opp,Site,Final,Rest,Line,Total,SUm,ATSm,OUm,DPS,DPA,SUr,ATSr,OUr,"ot
Feb","19,",2016,recap,Fri,2015,Bucks,Hornets,home,95-98,7&8,1.0,202.0,-3,-2.0,-9.0,-5.5,-3.5,L,L,U,"0
Feb","19,",2016,recap,Fri,2015,Hornets,Bucks,away,98-95,8&7,-1.0,202.0,3,2.0,-9.0,-3.5,-5.5,W,W,U,"0
Feb","19,",2016,recap,Fri,2015,Bulls,Raptors,home,116-106,0&8,6.5,201.0,10,16.5,21.0,18.8,2.2,W,W,O,"0
Feb","19,",2016,recap,Fri,2015,Raptors,Bulls,away,106-116,8&0,-6.5,201.0,-10,-16.5,21.0,2.2,18.8,L,L,O,"0
Feb","19,",2016,recap,Fri,2015,Grizzlies,Timberwolves,home,109-104,8&8,-4.5,205.0,5,0.5,8.0,4.2,3.8,W,W,O,"0
Feb","19,",2016,recap,Fri,2015,Timberwolves,Grizzlies,away,104-109,8&8,4.5,205.0,-5,-0.5,8.0,3.8,4.2,L,L,O,"0
Feb","19,",2016,recap,Fri,2015,Hawks,Heat,home,111-115,8&9,-8.5,196.5,-4,-12.5,29.5,8.5,21.0,L,L,O,"0
Feb","19,",2016,recap,Fri,2015,Heat,Hawks,away,115-111,9&8,8.5,196.5,4,12.5,29.5,21.0,8.5,W,W,O,"0
Feb","19,",2016,recap,Fri,2015,Jazz,Celtics,home,111-93,0&8,0.0,196.0,18,18.0,8.0,13.0,-5.0,W,W,O,"0
Feb","19,",2016,recap,Fri,2015,Celtics,Jazz,away,93-111,8&0,-0.0,196.0,-18,-18.0,8.0,-5.0,13.0,L,L,O,"0
Feb","19,",2016,recap,Fri,2015,Kings,Nuggets,home,116-110,8&8,-4.0,218.0,6,2.0,8.0,5.0,3.0,W,W,O,"0
Feb","19,",2016,recap,Fri,2015,Nuggets,Kings,away,110-116,8&8,4.0,218.0,-6,-2.0,8.0,3.0,5.0,L,L,O,"0
Feb","19,",2016,recap,Fri,2015,Lakers,Spurs,home,113-119,8&0,11.0,203.5,-6,5.0,28.5,16.8,11.8,L,W,O,"0
Feb","19,",2016,recap,Fri,2015,Spurs,Lakers,away,119-113,0&8,-11.0,203.5,6,-5.0,28.5,11.8,16.8,W,L,O,"0
Feb","19,",2016,recap,Fri,2015,Magic,Mavericks,home,110-104,8&9,-1.5,202.5,6,4.5,11.5,8.0,3.5,W,W,O,"1
Feb","19,",2016,recap,Fri,2015,Mavericks,Magic,away,104-110,9&8,1.5,202.5,-6,-4.5,11.5,3.5,8.0,L,L,O,"1
Feb","19,",2016,recap,Fri,2015,Nets,Knicks,home,109-98,8&9,4.0,202.0,11,15.0,5.0,10.0,-5.0,W,W,O,"0
Feb","19,",2016,recap,Fri,2015,Knicks,Nets,away,98-109,9&8,-4.0,202.0,-11,-15.0,5.0,-5.0,10.0,L,L,O,"0
Feb","19,",2016,recap,Fri,2015,Pelicans,Seventysixers,home,121-114,7&8,-8.5,207.5,7,-1.5,27.5,13.0,14.5,W,L,O,"0
Feb","19,",2016,recap,Fri,2015,Seventysixers,Pelicans,away,114-121,8&7,8.5,207.5,-7,1.5,27.5,14.5,13.0,L,W,O,"0
Feb","19,",2016,recap,Fri,2015,Suns,Rockets,home,100-116,8&8,8.0,214.5,-16,-8.0,1.5,-3.2,4.8,L,L,O,"0
Feb","19,",2016,recap,Fri,2015,Rockets,Suns,away,116-100,8&8,-8.0,214.5,16,8.0,1.5,4.8,-3.2,W,W,O,"0
Feb","19,",2016,recap,Fri,2015,Thunder,Pacers,home,98-101,7&8,-8.0,215.0,-3,-11.0,-16.0,-13.5,-2.5,L,L,U,"0
Feb","19,",2016,recap,Fri,2015,Pacers,Thunder,away,101-98,8&7,8.0,215.0,3,11.0,-16.0,-2.5,-13.5,W,W,U,"0
Feb","19,",2016,recap,Fri,2015,Trailblazers,Warriors,home,137-105,8&8,8.0,225.0,32,40.0,17.0,28.5,-11.5,W,W,O,"0
Feb","19,",2016,recap,Fri,2015,Warriors,Trailblazers,away,105-137,8&8,-8.0,225.0,-32,-40.0,17.0,-11.5,28.5,L,L,O,"0
Feb","19,",2016,recap,Fri,2015,Wizards,Pistons,home,98-86,0&8,-2.0,208.5,12,10.0,-24.5,-7.2,-17.2,W,W,U,"0
Feb","19,",2016,recap,Fri,2015,Pistons,Wizards,away,86-98,8&0,2.0,208.5,-12,-10.0,-24.5,-17.2,-7.2,L,L,U,0
