Date,Link,Day,Season,Team,Opp,Site,Final,Rest,Line,Total,SUm,ATSm,OUm,DPS,DPA,SUr,ATSr,OUr,"ot
Apr","12,",2016,recap,Tue,2015,Clippers,Grizzlies,home,110-84,1&2,-8.5,198.5,26,17.5,-4.5,6.5,-11.0,W,W,U,"0
Apr","12,",2016,recap,Tue,2015,Grizzlies,Clippers,away,84-110,2&1,8.5,198.5,-26,-17.5,-4.5,-11.0,6.5,L,L,U,"0
Apr","12,",2016,recap,Tue,2015,Pacers,Knicks,home,102-90,1&1,-11.5,197.5,12,0.5,-5.5,-2.5,-3.0,W,W,U,"0
Apr","12,",2016,recap,Tue,2015,Knicks,Pacers,away,90-102,1&1,11.5,197.5,-12,-0.5,-5.5,-3.0,-2.5,L,L,U,"0
Apr","12,",2016,recap,Tue,2015,Pistons,Heat,home,93-99,3&1,1.0,199.5,-6,-5.0,-7.5,-6.2,-1.2,L,L,U,"0
Apr","12,",2016,recap,Tue,2015,Heat,Pistons,away,99-93,1&3,-1.0,199.5,6,5.0,-7.5,-1.2,-6.2,W,W,U,"0
Apr","12,",2016,recap,Tue,2015,Raptors,Seventysixers,home,122-98,1&1,-11.5,204.0,24,12.5,16.0,14.2,1.8,W,W,O,"0
Apr","12,",2016,recap,Tue,2015,Seventysixers,Raptors,away,98-122,1&1,11.5,204.0,-24,-12.5,16.0,1.8,14.2,L,L,O,"0
Apr","12,",2016,recap,Tue,2015,Spurs,Thunder,home,102-98,1&0,-11.5,203.0,4,-7.5,-3.0,-5.2,2.2,W,L,U,"1
Apr","12,",2016,recap,Tue,2015,Thunder,Spurs,away,98-102,0&1,11.5,203.0,-4,7.5,-3.0,2.2,-5.2,L,W,U,1
