Date,Link,Day,Season,Team,Opp,Site,Final,Rest,Line,Total,SUm,ATSm,OUm,DPS,DPA,SUr,ATSr,OUr,"ot
Nov","14,",2016,recap,Mon,2016,Clippers,Nets,home,127-95,1&1,-16.0,212.5,32,16.0,9.5,12.8,-3.2,W,W,O,"0
Nov","14,",2016,recap,Mon,2016,Nets,Clippers,away,95-127,1&1,16.0,212.5,-32,-16.0,9.5,-3.2,12.8,L,L,O,"0
Nov","14,",2016,recap,Mon,2016,Jazz,Grizzlies,home,96-102,1&1,-6.0,190.5,-6,-12.0,7.5,-2.2,9.8,L,L,O,"0
Nov","14,",2016,recap,Mon,2016,Grizzlies,Jazz,away,102-96,1&1,6.0,190.5,6,12.0,7.5,9.8,-2.2,W,W,O,"0
Nov","14,",2016,recap,Mon,2016,Knicks,Mavericks,home,93-77,1&4,-4.0,202.0,16,12.0,-32.0,-10.0,-22.0,W,W,U,"0
Nov","14,",2016,recap,Mon,2016,Mavericks,Knicks,away,77-93,4&1,4.0,202.0,-16,-12.0,-32.0,-22.0,-10.0,L,L,U,"0
Nov","14,",2016,recap,Mon,2016,Pacers,Magic,home,88-69,1&0,-7.5,206.0,19,11.5,-49.0,-18.8,-30.2,W,W,U,"0
Nov","14,",2016,recap,Mon,2016,Magic,Pacers,away,69-88,0&1,7.5,206.0,-19,-11.5,-49.0,-30.2,-18.8,L,L,U,"0
Nov","14,",2016,recap,Mon,2016,Pelicans,Celtics,home,106-105,1&1,3.5,212.0,1,4.5,-1.0,1.8,-2.8,W,W,U,"0
Nov","14,",2016,recap,Mon,2016,Celtics,Pelicans,away,105-106,1&1,-3.5,212.0,-1,-4.5,-1.0,-2.8,1.8,L,L,U,"0
Nov","14,",2016,recap,Mon,2016,Pistons,Thunder,home,104-88,1&0,-1.0,201.0,16,15.0,-9.0,3.0,-12.0,W,W,U,"0
Nov","14,",2016,recap,Mon,2016,Thunder,Pistons,away,88-104,0&1,1.0,201.0,-16,-15.0,-9.0,-12.0,3.0,L,L,U,"0
Nov","14,",2016,recap,Mon,2016,Rockets,Seventysixers,home,115-88,1&1,-11.5,213.5,27,15.5,-10.5,2.5,-13.0,W,W,U,"0
Nov","14,",2016,recap,Mon,2016,Seventysixers,Rockets,away,88-115,1&1,11.5,213.5,-27,-15.5,-10.5,-13.0,2.5,L,L,U,"0
Nov","14,",2016,recap,Mon,2016,Spurs,Heat,home,94-90,1&1,-11.5,190.5,4,-7.5,-6.5,-7.0,0.5,W,L,U,"0
Nov","14,",2016,recap,Mon,2016,Heat,Spurs,away,90-94,1&1,11.5,190.5,-4,7.5,-6.5,0.5,-7.0,L,W,U,0
