Date,Link,Day,Season,Team,Opp,Site,Final,Rest,Line,Total,SUm,ATSm,OUm,DPS,DPA,SUr,ATSr,OUr,"ot
Oct","28,",2016,recap,Fri,2016,Heat,Hornets,home,91-97,1&1,1.0,197.0,-6,-5.0,-9.0,-7.0,-2.0,L,L,U,"0
Oct","28,",2016,recap,Fri,2016,Hornets,Heat,away,97-91,1&1,-1.0,197.0,6,5.0,-9.0,-2.0,-7.0,W,W,U,"0
Oct","28,",2016,recap,Fri,2016,Jazz,Lakers,home,96-89,2&1,-8.5,201.0,7,-1.5,-16.0,-8.8,-7.2,W,L,U,"0
Oct","28,",2016,recap,Fri,2016,Lakers,Jazz,away,89-96,1&2,8.5,201.0,-7,1.5,-16.0,-7.2,-8.8,L,W,U,"0
Oct","28,",2016,recap,Fri,2016,Mavericks,Rockets,home,98-106,1&1,1.0,219.0,-8,-7.0,-15.0,-11.0,-4.0,L,L,U,"0
Oct","28,",2016,recap,Fri,2016,Rockets,Mavericks,away,106-98,1&1,-1.0,219.0,8,7.0,-15.0,-4.0,-11.0,W,W,U,"0
Oct","28,",2016,recap,Fri,2016,Nets,Pacers,home,103-94,1&1,6.0,217.0,9,15.0,-20.0,-2.5,-17.5,W,W,U,"0
Oct","28,",2016,recap,Fri,2016,Pacers,Nets,away,94-103,1&1,-6.0,217.0,-9,-15.0,-20.0,-17.5,-2.5,L,L,U,"0
Oct","28,",2016,recap,Fri,2016,Pelicans,Warriors,home,114-122,1&2,11.0,222.5,-8,3.0,13.5,8.2,5.2,L,W,O,"0
Oct","28,",2016,recap,Fri,2016,Warriors,Pelicans,away,122-114,2&1,-11.0,222.5,8,-3.0,13.5,5.2,8.2,W,L,O,"0
Oct","28,",2016,recap,Fri,2016,Pistons,Magic,home,108-82,1&1,-4.0,196.0,26,22.0,-6.0,8.0,-14.0,W,W,U,"0
Oct","28,",2016,recap,Fri,2016,Magic,Pistons,away,82-108,1&1,4.0,196.0,-26,-22.0,-6.0,-14.0,8.0,L,L,U,"0
Oct","28,",2016,recap,Fri,2016,Raptors,Cavaliers,home,91-94,1&2,2.5,204.5,-3,-0.5,-19.5,-10.0,-9.5,L,L,U,"0
Oct","28,",2016,recap,Fri,2016,Cavaliers,Raptors,away,94-91,2&1,-2.5,204.5,3,0.5,-19.5,-9.5,-10.0,W,W,U,"0
Oct","28,",2016,recap,Fri,2016,Thunder,Suns,home,113-110,1&1,-8.0,209.0,3,-5.0,14.0,4.5,9.5,W,L,O,"1
Oct","28,",2016,recap,Fri,2016,Suns,Thunder,away,110-113,1&1,8.0,209.0,-3,5.0,14.0,9.5,4.5,L,W,O,1
