Date,Link,Day,Season,Team,Opp,Site,Final,Rest,Line,Total,SUm,ATSm,OUm,DPS,DPA,SUr,ATSr,OUr,"ot
Dec","23,",2016,recap,Fri,2016,Bucks,Wizards,home,123-96,1&1,-3.0,214.0,27,24.0,5.0,14.5,-9.5,W,W,O,"0
Dec","23,",2016,recap,Fri,2016,Wizards,Bucks,away,96-123,1&1,3.0,214.0,-27,-24.0,5.0,-9.5,14.5,L,L,O,"0
Dec","23,",2016,recap,Fri,2016,Cavaliers,Nets,home,119-99,1&0,-16.5,223.0,20,3.5,-5.0,-0.8,-4.2,W,W,U,"0
Dec","23,",2016,recap,Fri,2016,Nets,Cavaliers,away,99-119,0&1,16.5,223.0,-20,-3.5,-5.0,-4.2,-0.8,L,L,U,"0
Dec","23,",2016,recap,Fri,2016,Celtics,Thunder,home,112-117,0&1,-4.5,213.0,-5,-9.5,16.0,3.2,12.8,L,L,O,"0
Dec","23,",2016,recap,Fri,2016,Thunder,Celtics,away,117-112,1&0,4.5,213.0,5,9.5,16.0,12.8,3.2,W,W,O,"0
Dec","23,",2016,recap,Fri,2016,Clippers,Mavericks,home,88-90,0&1,-4.5,194.5,-2,-6.5,-16.5,-11.5,-5.0,L,L,U,"0
Dec","23,",2016,recap,Fri,2016,Mavericks,Clippers,away,90-88,1&0,4.5,194.5,2,6.5,-16.5,-5.0,-11.5,W,W,U,"0
Dec","23,",2016,recap,Fri,2016,Grizzlies,Rockets,home,115-109,1&1,3.0,206.5,6,9.0,17.5,13.2,4.2,W,W,O,"0
Dec","23,",2016,recap,Fri,2016,Rockets,Grizzlies,away,109-115,1&1,-3.0,206.5,-6,-9.0,17.5,4.2,13.2,L,L,O,"0
Dec","23,",2016,recap,Fri,2016,Hornets,Bulls,home,103-91,2&1,-4.5,203.5,12,7.5,-9.5,-1.0,-8.5,W,W,U,"0
Dec","23,",2016,recap,Fri,2016,Bulls,Hornets,away,91-103,1&2,4.5,203.5,-12,-7.5,-9.5,-8.5,-1.0,L,L,U,"0
Dec","23,",2016,recap,Fri,2016,Jazz,Raptors,home,98-104,1&2,1.0,200.0,-6,-5.0,2.0,-1.5,3.5,L,L,O,"0
Dec","23,",2016,recap,Fri,2016,Raptors,Jazz,away,104-98,2&1,-1.0,200.0,6,5.0,2.0,3.5,-1.5,W,W,O,"0
Dec","23,",2016,recap,Fri,2016,Magic,Lakers,home,109-90,0&0,-6.0,210.0,19,13.0,-11.0,1.0,-12.0,W,W,U,"0
Dec","23,",2016,recap,Fri,2016,Lakers,Magic,away,90-109,0&0,6.0,210.0,-19,-13.0,-11.0,-12.0,1.0,L,L,U,"0
Dec","23,",2016,recap,Fri,2016,Nuggets,Hawks,home,108-109,2&1,-4.5,218.0,-1,-5.5,-1.0,-3.2,2.2,L,L,U,"0
Dec","23,",2016,recap,Fri,2016,Hawks,Nuggets,away,109-108,1&2,4.5,218.0,1,5.5,-1.0,2.2,-3.2,W,W,U,"0
Dec","23,",2016,recap,Fri,2016,Pelicans,Heat,home,91-87,1&0,-4.5,204.5,4,-0.5,-26.5,-13.5,-13.0,W,L,U,"0
Dec","23,",2016,recap,Fri,2016,Heat,Pelicans,away,87-91,0&1,4.5,204.5,-4,0.5,-26.5,-13.0,-13.5,L,W,U,"0
Dec","23,",2016,recap,Fri,2016,Pistons,Warriors,home,113-119,1&0,7.5,214.5,-6,1.5,17.5,9.5,8.0,L,W,O,"0
Dec","23,",2016,recap,Fri,2016,Warriors,Pistons,away,119-113,0&1,-7.5,214.5,6,-1.5,17.5,8.0,9.5,W,L,O,"0
Dec","23,",2016,recap,Fri,2016,Suns,Seventysixers,home,123-116,1&2,-5.5,213.0,7,1.5,26.0,13.8,12.2,W,W,O,"0
Dec","23,",2016,recap,Fri,2016,Seventysixers,Suns,away,116-123,2&1,5.5,213.0,-7,-1.5,26.0,12.2,13.8,L,L,O,"0
Dec","23,",2016,recap,Fri,2016,Timberwolves,Kings,home,105-109,1&1,-4.5,206.5,-4,-8.5,7.5,-0.5,8.0,L,L,O,"0
Dec","23,",2016,recap,Fri,2016,Kings,Timberwolves,away,109-105,1&1,4.5,206.5,4,8.5,7.5,8.0,-0.5,W,W,O,"0
Dec","23,",2016,recap,Fri,2016,Trailblazers,Spurs,home,90-110,1&0,3.0,211.5,-20,-17.0,-11.5,-14.2,2.8,L,L,U,"0
Dec","23,",2016,recap,Fri,2016,Spurs,Trailblazers,away,110-90,0&1,-3.0,211.5,20,17.0,-11.5,2.8,-14.2,W,W,U,0
