Date,Link,Day,Season,Team,Opp,Site,Final,Rest,Line,Total,SUm,ATSm,OUm,DPS,DPA,SUr,ATSr,OUr,"ot
Dec","04,",2016,recap,Sun,2016,Clippers,Pacers,home,102-111,1&3,-11.0,210.0,-9,-20.0,3.0,-8.5,11.5,L,L,O,"0
Dec","04,",2016,recap,Sun,2016,Pacers,Clippers,away,111-102,3&1,11.0,210.0,9,20.0,3.0,11.5,-8.5,W,W,O,"0
Dec","04,",2016,recap,Sun,2016,Knicks,Kings,home,106-98,1&1,-2.5,208.5,8,5.5,-4.5,0.5,-5.0,W,W,U,"0
Dec","04,",2016,recap,Sun,2016,Kings,Knicks,away,98-106,1&1,2.5,208.5,-8,-5.5,-4.5,-5.0,0.5,L,L,U,"0
Dec","04,",2016,recap,Sun,2016,Pistons,Magic,home,92-98,1&1,-7.0,194.0,-6,-13.0,-4.0,-8.5,4.5,L,L,U,"0
Dec","04,",2016,recap,Sun,2016,Magic,Pistons,away,98-92,1&1,7.0,194.0,6,13.0,-4.0,4.5,-8.5,W,W,U,"0
Dec","04,",2016,recap,Sun,2016,Thunder,Pelicans,home,101-92,3&1,-6.5,213.5,9,2.5,-20.5,-9.0,-11.5,W,W,U,"0
Dec","04,",2016,recap,Sun,2016,Pelicans,Thunder,away,92-101,1&3,6.5,213.5,-9,-2.5,-20.5,-11.5,-9.0,L,L,U,0
