Date,Link,Day,Season,Team,Opp,Site,Final,Rest,Line,Total,SUm,ATSm,OUm,DPS,DPA,SUr,ATSr,OUr,"ot
Dec","05,",2016,recap,Mon,2016,Bucks,Spurs,home,96-97,1&2,5.5,204.0,-1,4.5,-11.0,-3.2,-7.8,L,W,U,"0
Dec","05,",2016,recap,Mon,2016,Spurs,Bucks,away,97-96,2&1,-5.5,204.0,1,-4.5,-11.0,-7.8,-3.2,W,L,U,"0
Dec","05,",2016,recap,Mon,2016,Bulls,Trailblazers,home,110-112,1&1,-4.0,216.0,-2,-6.0,6.0,0.0,6.0,L,L,O,"0
Dec","05,",2016,recap,Mon,2016,Trailblazers,Bulls,away,112-110,1&1,4.0,216.0,2,6.0,6.0,6.0,0.0,W,W,O,"0
Dec","05,",2016,recap,Mon,2016,Hawks,Thunder,home,99-102,1&0,-2.5,211.0,-3,-5.5,-10.0,-7.8,-2.2,L,L,U,"0
Dec","05,",2016,recap,Mon,2016,Thunder,Hawks,away,102-99,0&1,2.5,211.0,3,5.5,-10.0,-2.2,-7.8,W,W,U,"0
Dec","05,",2016,recap,Mon,2016,Lakers,Jazz,home,101-107,1&1,4.0,197.5,-6,-2.0,10.5,4.2,6.2,L,L,O,"0
Dec","05,",2016,recap,Mon,2016,Jazz,Lakers,away,107-101,1&1,-4.0,197.5,6,2.0,10.5,6.2,4.2,W,W,O,"0
Dec","05,",2016,recap,Mon,2016,Mavericks,Hornets,home,101-109,1&1,4.5,194.0,-8,-3.5,16.0,6.2,9.8,L,L,O,"0
Dec","05,",2016,recap,Mon,2016,Hornets,Mavericks,away,109-101,1&1,-4.5,194.0,8,3.5,16.0,9.8,6.2,W,W,O,"0
Dec","05,",2016,recap,Mon,2016,Nets,Wizards,home,113-118,1&2,6.0,218.5,-5,1.0,12.5,6.8,5.8,L,W,O,"0
Dec","05,",2016,recap,Mon,2016,Wizards,Nets,away,118-113,2&1,-6.0,218.5,5,-1.0,12.5,5.8,6.8,W,L,O,"0
Dec","05,",2016,recap,Mon,2016,Pelicans,Grizzlies,home,108-110,0&1,-4.5,197.5,-2,-6.5,20.5,7.0,13.5,L,L,O,"2
Dec","05,",2016,recap,Mon,2016,Grizzlies,Pelicans,away,110-108,1&0,4.5,197.5,2,6.5,20.5,13.5,7.0,W,W,O,"2
Dec","05,",2016,recap,Mon,2016,Raptors,Cavaliers,home,112-116,1&2,0.0,217.5,-4,-4.0,10.5,3.2,7.2,L,L,O,"0
Dec","05,",2016,recap,Mon,2016,Cavaliers,Raptors,away,116-112,2&1,-0.0,217.5,4,4.0,10.5,7.2,3.2,W,W,O,"0
Dec","05,",2016,recap,Mon,2016,Rockets,Celtics,home,107-106,2&1,-5.0,217.5,1,-4.0,-4.5,-4.2,-0.2,W,L,U,"0
Dec","05,",2016,recap,Mon,2016,Celtics,Rockets,away,106-107,1&2,5.0,217.5,-1,4.0,-4.5,-0.2,-4.2,L,W,U,"0
Dec","05,",2016,recap,Mon,2016,Seventysixers,Nuggets,home,98-106,1&1,4.5,209.5,-8,-3.5,-5.5,-4.5,-1.0,L,L,U,"0
Dec","05,",2016,recap,Mon,2016,Nuggets,Seventysixers,away,106-98,1&1,-4.5,209.5,8,3.5,-5.5,-1.0,-4.5,W,W,U,"0
Dec","05,",2016,recap,Mon,2016,Warriors,Pacers,home,142-106,1&0,-14.5,224.0,36,21.5,24.0,22.8,1.2,W,W,O,"0
Dec","05,",2016,recap,Mon,2016,Pacers,Warriors,away,106-142,0&1,14.5,224.0,-36,-21.5,24.0,1.2,22.8,L,L,O,0
