Date,Link,Day,Season,Team,Opp,Site,Final,Rest,Line,Total,SUm,ATSm,OUm,DPS,DPA,SUr,ATSr,OUr,"ot
Dec","10,",2016,recap,Sat,2016,Bulls,Heat,home,105-100,1&0,-9.5,200.5,5,-4.5,4.5,0.0,4.5,W,L,O,"0
Dec","10,",2016,recap,Sat,2016,Heat,Bulls,away,100-105,0&1,9.5,200.5,-5,4.5,4.5,4.5,0.0,L,W,O,"0
Dec","10,",2016,recap,Sat,2016,Cavaliers,Hornets,home,116-105,0&0,-8.0,214.0,11,3.0,7.0,5.0,2.0,W,W,O,"0
Dec","10,",2016,recap,Sat,2016,Hornets,Cavaliers,away,105-116,0&0,8.0,214.0,-11,-3.0,7.0,2.0,5.0,L,L,O,"0
Dec","10,",2016,recap,Sat,2016,Clippers,Pelicans,home,133-105,2&1,-14.0,204.0,28,14.0,34.0,24.0,10.0,W,W,O,"0
Dec","10,",2016,recap,Sat,2016,Pelicans,Clippers,away,105-133,1&2,14.0,204.0,-28,-14.0,34.0,10.0,24.0,L,L,O,"0
Dec","10,",2016,recap,Sat,2016,Grizzlies,Warriors,home,110-89,1&1,11.5,210.0,21,32.5,-11.0,10.8,-21.8,W,W,U,"0
Dec","10,",2016,recap,Sat,2016,Warriors,Grizzlies,away,89-110,1&1,-11.5,210.0,-21,-32.5,-11.0,-21.8,10.8,L,L,U,"0
Dec","10,",2016,recap,Sat,2016,Jazz,Kings,home,104-84,1&0,-6.5,196.0,20,13.5,-8.0,2.8,-10.8,W,W,U,"0
Dec","10,",2016,recap,Sat,2016,Kings,Jazz,away,84-104,0&1,6.5,196.0,-20,-13.5,-8.0,-10.8,2.8,L,L,U,"0
Dec","10,",2016,recap,Sat,2016,Magic,Nuggets,home,113-121,0&1,3.0,207.0,-8,-5.0,27.0,11.0,16.0,L,L,O,"0
Dec","10,",2016,recap,Sat,2016,Nuggets,Magic,away,121-113,1&0,-3.0,207.0,8,5.0,27.0,16.0,11.0,W,W,O,"0
Dec","10,",2016,recap,Sat,2016,Pacers,Trailblazers,home,118-111,0&1,0.0,217.5,7,7.0,11.5,9.2,2.2,W,W,O,"0
Dec","10,",2016,recap,Sat,2016,Trailblazers,Pacers,away,111-118,1&0,-0.0,217.5,-7,-7.0,11.5,2.2,9.2,L,L,O,"0
Dec","10,",2016,recap,Sat,2016,Rockets,Mavericks,home,109-87,0&0,-13.0,208.0,22,9.0,-12.0,-1.5,-10.5,W,W,U,"0
Dec","10,",2016,recap,Sat,2016,Mavericks,Rockets,away,87-109,0&0,13.0,208.0,-22,-9.0,-12.0,-10.5,-1.5,L,L,U,"0
Dec","10,",2016,recap,Sat,2016,Spurs,Nets,home,130-101,1&2,-16.0,209.5,29,13.0,21.5,17.2,4.2,W,W,O,"0
Dec","10,",2016,recap,Sat,2016,Nets,Spurs,away,101-130,2&1,16.0,209.5,-29,-13.0,21.5,4.2,17.2,L,L,O,"0
Dec","10,",2016,recap,Sat,2016,Wizards,Bucks,home,110-105,1&0,-4.0,210.5,5,1.0,4.5,2.8,1.8,W,W,O,"0
Dec","10,",2016,recap,Sat,2016,Bucks,Wizards,away,105-110,0&1,4.0,210.5,-5,-1.0,4.5,1.8,2.8,L,L,O,0
