Date,Link,Day,Season,Team,Opp,Site,Final,Rest,Line,Total,SUm,ATSm,OUm,DPS,DPA,SUr,ATSr,OUr,"ot
Jan","26,",2016,recap,Tue,2015,Bucks,Magic,home,107-100,2&0,-5.0,197.0,7,2.0,10.0,6.0,4.0,W,W,O,"0
Jan","26,",2016,recap,Tue,2015,Magic,Bucks,away,100-107,0&2,5.0,197.0,-7,-2.0,10.0,4.0,6.0,L,L,O,"0
Jan","26,",2016,recap,Tue,2015,Knicks,Thunder,home,122-128,2&1,8.0,210.5,-6,2.0,39.5,20.8,18.8,L,W,O,"1
Jan","26,",2016,recap,Tue,2015,Thunder,Knicks,away,128-122,1&2,-8.0,210.5,6,-2.0,39.5,18.8,20.8,W,L,O,"1
Jan","26,",2016,recap,Tue,2015,Lakers,Mavericks,home,90-92,2&1,6.5,201.0,-2,4.5,-19.0,-7.2,-11.8,L,W,U,"0
Jan","26,",2016,recap,Tue,2015,Mavericks,Lakers,away,92-90,1&2,-6.5,201.0,2,-4.5,-19.0,-11.8,-7.2,W,L,U,"0
Jan","26,",2016,recap,Tue,2015,Nets,Heat,home,98-102,1&0,4.0,191.0,-4,0.0,9.0,4.5,4.5,L,P,O,"0
Jan","26,",2016,recap,Tue,2015,Heat,Nets,away,102-98,0&1,-4.0,191.0,4,0.0,9.0,4.5,4.5,W,P,O,"0
Jan","26,",2016,recap,Tue,2015,Pacers,Clippers,home,89-91,2&1,1.0,207.0,-2,-1.0,-27.0,-14.0,-13.0,L,L,U,"0
Jan","26,",2016,recap,Tue,2015,Clippers,Pacers,away,91-89,1&2,-1.0,207.0,2,1.0,-27.0,-13.0,-14.0,W,W,U,"0
Jan","26,",2016,recap,Tue,2015,Raptors,Wizards,home,106-89,1&0,-8.0,206.0,17,9.0,-11.0,-1.0,-10.0,W,W,U,"0
Jan","26,",2016,recap,Tue,2015,Wizards,Raptors,away,89-106,0&1,8.0,206.0,-17,-9.0,-11.0,-10.0,-1.0,L,L,U,"0
Jan","26,",2016,recap,Tue,2015,Seventysixers,Suns,home,113-103,1&2,-2.5,204.5,10,7.5,11.5,9.5,2.0,W,W,O,"0
Jan","26,",2016,recap,Tue,2015,Suns,Seventysixers,away,103-113,2&1,2.5,204.5,-10,-7.5,11.5,2.0,9.5,L,L,O,"0
Jan","26,",2016,recap,Tue,2015,Trailblazers,Kings,home,112-97,2&0,-5.5,214.0,15,9.5,-5.0,2.2,-7.2,W,W,U,"0
Jan","26,",2016,recap,Tue,2015,Kings,Trailblazers,away,97-112,0&2,5.5,214.0,-15,-9.5,-5.0,-7.2,2.2,L,L,U,0
