Date,Link,Day,Season,Team,Opp,Site,Final,Rest,Line,Total,SUm,ATSm,OUm,DPS,DPA,SUr,ATSr,OUr,"ot
Mar","16,",2016,recap,Wed,2015,Cavaliers,Mavericks,home,99-98,1&1,-6.0,206.5,1,-5.0,-9.5,-7.2,-2.2,W,L,U,"0
Mar","16,",2016,recap,Wed,2015,Mavericks,Cavaliers,away,98-99,1&1,6.0,206.5,-1,5.0,-9.5,-2.2,-7.2,L,W,U,"0
Mar","16,",2016,recap,Wed,2015,Celtics,Thunder,home,109-130,0&1,5.0,220.5,-21,-16.0,18.5,1.2,17.2,L,L,O,"0
Mar","16,",2016,recap,Wed,2015,Thunder,Celtics,away,130-109,1&0,-5.0,220.5,21,16.0,18.5,17.2,1.2,W,W,O,"0
Mar","16,",2016,recap,Wed,2015,Grizzlies,Timberwolves,home,108-114,1&1,3.5,208.0,-6,-2.5,14.0,5.8,8.2,L,L,O,"0
Mar","16,",2016,recap,Wed,2015,Timberwolves,Grizzlies,away,114-108,1&1,-3.5,208.0,6,2.5,14.0,8.2,5.8,W,W,O,"0
Mar","16,",2016,recap,Wed,2015,Hornets,Magic,home,107-99,1&0,-9.5,211.0,8,-1.5,-5.0,-3.2,-1.8,W,L,U,"0
Mar","16,",2016,recap,Wed,2015,Magic,Hornets,away,99-107,0&1,9.5,211.0,-8,1.5,-5.0,-1.8,-3.2,L,W,U,"0
Mar","16,",2016,recap,Wed,2015,Kings,Pelicans,home,108-123,0&1,-3.0,223.5,-15,-18.0,7.5,-5.2,12.8,L,L,O,"0
Mar","16,",2016,recap,Wed,2015,Pelicans,Kings,away,123-108,1&0,3.0,223.5,15,18.0,7.5,12.8,-5.2,W,W,O,"0
Mar","16,",2016,recap,Wed,2015,Pistons,Hawks,home,114-118,1&2,0.0,199.5,-4,-4.0,32.5,14.2,18.2,L,L,O,"0
Mar","16,",2016,recap,Wed,2015,Hawks,Pistons,away,118-114,2&1,-0.0,199.5,4,4.0,32.5,18.2,14.2,W,W,O,"0
Mar","16,",2016,recap,Wed,2015,Rockets,Clippers,home,106-122,1&0,-3.0,216.0,-16,-19.0,12.0,-3.5,15.5,L,L,O,"0
Mar","16,",2016,recap,Wed,2015,Clippers,Rockets,away,122-106,0&1,3.0,216.0,16,19.0,12.0,15.5,-3.5,W,W,O,"0
Mar","16,",2016,recap,Wed,2015,Warriors,Knicks,home,121-85,1&2,-15.0,222.0,36,21.0,-16.0,2.5,-18.5,W,W,U,"0
Mar","16,",2016,recap,Wed,2015,Knicks,Warriors,away,85-121,2&1,15.0,222.0,-36,-21.0,-16.0,-18.5,2.5,L,L,U,"0
Mar","16,",2016,recap,Wed,2015,Wizards,Bulls,home,117-96,1&1,-5.5,213.0,21,15.5,0.0,7.8,-7.8,W,W,P,"0
Mar","16,",2016,recap,Wed,2015,Bulls,Wizards,away,96-117,1&1,5.5,213.0,-21,-15.5,0.0,-7.8,7.8,L,L,P,0
