Date,Link,Day,Season,Team,Opp,Site,Final,Rest,Line,Total,SUm,ATSm,OUm,DPS,DPA,SUr,ATSr,OUr,"ot
Mar","08,",2016,recap,Tue,2015,Jazz,Hawks,home,84-91,2&2,-1.5,191.5,-7,-8.5,-16.5,-12.5,-4.0,L,L,U,"0
Mar","08,",2016,recap,Tue,2015,Hawks,Jazz,away,91-84,2&2,1.5,191.5,7,8.5,-16.5,-4.0,-12.5,W,W,U,"0
Mar","08,",2016,recap,Tue,2015,Lakers,Magic,home,107-98,1&0,3.0,212.5,9,12.0,-7.5,2.2,-9.8,W,W,U,"0
Mar","08,",2016,recap,Tue,2015,Magic,Lakers,away,98-107,0&1,-3.0,212.5,-9,-12.0,-7.5,-9.8,2.2,L,L,U,"0
Mar","08,",2016,recap,Tue,2015,Nuggets,Knicks,home,110-94,1&2,-2.5,205.5,16,13.5,-1.5,6.0,-7.5,W,W,U,"0
Mar","08,",2016,recap,Tue,2015,Knicks,Nuggets,away,94-110,2&1,2.5,205.5,-16,-13.5,-1.5,-7.5,6.0,L,L,U,"0
Mar","08,",2016,recap,Tue,2015,Raptors,Nets,home,104-99,1&2,-12.5,208.5,5,-7.5,-5.5,-6.5,1.0,W,L,U,"0
Mar","08,",2016,recap,Tue,2015,Nets,Raptors,away,99-104,2&1,12.5,208.5,-5,7.5,-5.5,1.0,-6.5,L,W,U,"0
Mar","08,",2016,recap,Tue,2015,Timberwolves,Spurs,home,91-116,0&0,10.5,207.0,-25,-14.5,0.0,-7.2,7.2,L,L,P,"0
Mar","08,",2016,recap,Tue,2015,Spurs,Timberwolves,away,116-91,0&0,-10.5,207.0,25,14.5,0.0,7.2,-7.2,W,W,P,"0
Mar","08,",2016,recap,Tue,2015,Trailblazers,Wizards,home,116-109,1&2,-6.0,214.0,7,1.0,11.0,6.0,5.0,W,W,O,"1
Mar","08,",2016,recap,Tue,2015,Wizards,Trailblazers,away,109-116,2&1,6.0,214.0,-7,-1.0,11.0,5.0,6.0,L,L,O,1
