Date,Link,Day,Season,Team,Opp,Site,Final,Rest,Line,Total,SUm,ATSm,OUm,DPS,DPA,SUr,ATSr,OUr,"ot
Apr","11,",2016,recap,Mon,2015,Cavaliers,Hawks,home,109-94,1&1,-6.0,204.0,15,9.0,-1.0,4.0,-5.0,W,W,U,"0
Apr","11,",2016,recap,Mon,2015,Hawks,Cavaliers,away,94-109,1&1,6.0,204.0,-15,-9.0,-1.0,-5.0,4.0,L,L,U,"0
Apr","11,",2016,recap,Mon,2015,Celtics,Hornets,home,100-114,1&0,-6.5,210.0,-14,-20.5,4.0,-8.2,12.2,L,L,O,"0
Apr","11,",2016,recap,Mon,2015,Hornets,Celtics,away,114-100,0&1,6.5,210.0,14,20.5,4.0,12.2,-8.2,W,W,O,"0
Apr","11,",2016,recap,Mon,2015,Jazz,Mavericks,home,92-101,0&0,-6.5,180.5,-9,-15.5,12.5,-1.5,14.0,L,L,O,"0
Apr","11,",2016,recap,Mon,2015,Mavericks,Jazz,away,101-92,0&0,6.5,180.5,9,15.5,12.5,14.0,-1.5,W,W,O,"0
Apr","11,",2016,recap,Mon,2015,Magic,Bucks,home,107-98,0&0,-3.5,209.5,9,5.5,-4.5,0.5,-5.0,W,W,U,"0
Apr","11,",2016,recap,Mon,2015,Bucks,Magic,away,98-107,0&0,3.5,209.5,-9,-5.5,-4.5,-5.0,0.5,L,L,U,"0
Apr","11,",2016,recap,Mon,2015,Nets,Wizards,home,111-120,0&0,6.5,213.0,-9,-2.5,18.0,7.8,10.2,L,L,O,"0
Apr","11,",2016,recap,Mon,2015,Wizards,Nets,away,120-111,0&0,-6.5,213.0,9,2.5,18.0,10.2,7.8,W,W,O,"0
Apr","11,",2016,recap,Mon,2015,Pelicans,Bulls,home,116-121,1&1,4.5,206.0,-5,-0.5,31.0,15.2,15.8,L,L,O,"0
Apr","11,",2016,recap,Mon,2015,Bulls,Pelicans,away,121-116,1&1,-4.5,206.0,5,0.5,31.0,15.8,15.2,W,W,O,"0
Apr","11,",2016,recap,Mon,2015,Suns,Kings,home,101-105,1&1,-6.0,218.5,-4,-10.0,-12.5,-11.2,-1.2,L,L,U,"0
Apr","11,",2016,recap,Mon,2015,Kings,Suns,away,105-101,1&1,6.0,218.5,4,10.0,-12.5,-1.2,-11.2,W,W,U,"0
Apr","11,",2016,recap,Mon,2015,Thunder,Lakers,home,112-79,1&0,-15.5,215.5,33,17.5,-24.5,-3.5,-21.0,W,W,U,"0
Apr","11,",2016,recap,Mon,2015,Lakers,Thunder,away,79-112,0&1,15.5,215.5,-33,-17.5,-24.5,-21.0,-3.5,L,L,U,"0
Apr","11,",2016,recap,Mon,2015,Timberwolves,Rockets,home,105-129,1&0,3.5,216.5,-24,-20.5,17.5,-1.5,19.0,L,L,O,"0
Apr","11,",2016,recap,Mon,2015,Rockets,Timberwolves,away,129-105,0&1,-3.5,216.5,24,20.5,17.5,19.0,-1.5,W,W,O,0
