Date,Link,Day,Season,Team,Opp,Site,Final,Rest,Line,Total,SUm,ATSm,OUm,DPS,DPA,SUr,ATSr,OUr,"ot
Jan","15,",2016,recap,Fri,2015,Bucks,Hawks,home,108-101,1&1,4.0,208.5,7,11.0,0.5,5.8,-5.2,W,W,O,"1
Jan","15,",2016,recap,Fri,2015,Hawks,Bucks,away,101-108,1&1,-4.0,208.5,-7,-11.0,0.5,-5.2,5.8,L,L,O,"1
Jan","15,",2016,recap,Fri,2015,Bulls,Mavericks,home,77-83,0&1,0.0,202.0,-6,-6.0,-42.0,-24.0,-18.0,L,L,U,"0
Jan","15,",2016,recap,Fri,2015,Mavericks,Bulls,away,83-77,1&0,-0.0,202.0,6,6.0,-42.0,-18.0,-24.0,W,W,U,"0
Jan","15,",2016,recap,Fri,2015,Celtics,Suns,home,117-103,1&2,-9.5,209.5,14,4.5,10.5,7.5,3.0,W,W,O,"0
Jan","15,",2016,recap,Fri,2015,Suns,Celtics,away,103-117,2&1,9.5,209.5,-14,-4.5,10.5,3.0,7.5,L,L,O,"0
Jan","15,",2016,recap,Fri,2015,Nets,Trailblazers,home,104-116,1&1,4.0,204.5,-12,-8.0,15.5,3.8,11.8,L,L,O,"0
Jan","15,",2016,recap,Fri,2015,Trailblazers,Nets,away,116-104,1&1,-4.0,204.5,12,8.0,15.5,11.8,3.8,W,W,O,"0
Jan","15,",2016,recap,Fri,2015,Nuggets,Heat,home,95-98,1&1,2.5,193.0,-3,-0.5,0.0,-0.2,0.2,L,L,P,"0
Jan","15,",2016,recap,Fri,2015,Heat,Nuggets,away,98-95,1&1,-2.5,193.0,3,0.5,0.0,0.2,-0.2,W,W,P,"0
Jan","15,",2016,recap,Fri,2015,Pacers,Wizards,home,104-118,1&1,-7.0,208.0,-14,-21.0,14.0,-3.5,17.5,L,L,O,"0
Jan","15,",2016,recap,Fri,2015,Wizards,Pacers,away,118-104,1&1,7.0,208.0,14,21.0,14.0,17.5,-3.5,W,W,O,"0
Jan","15,",2016,recap,Fri,2015,Pelicans,Hornets,home,109-107,1&1,-3.0,202.0,2,-1.0,14.0,6.5,7.5,W,L,O,"0
Jan","15,",2016,recap,Fri,2015,Hornets,Pelicans,away,107-109,1&1,3.0,202.0,-2,1.0,14.0,7.5,6.5,L,W,O,"0
Jan","15,",2016,recap,Fri,2015,Rockets,Cavaliers,home,77-91,1&0,1.0,203.0,-14,-13.0,-35.0,-24.0,-11.0,L,L,U,"0
Jan","15,",2016,recap,Fri,2015,Cavaliers,Rockets,away,91-77,0&1,-1.0,203.0,14,13.0,-35.0,-11.0,-24.0,W,W,U,"0
Jan","15,",2016,recap,Fri,2015,Thunder,Timberwolves,home,113-93,1&1,-13.0,209.0,20,7.0,-3.0,2.0,-5.0,W,W,U,"0
Jan","15,",2016,recap,Fri,2015,Timberwolves,Thunder,away,93-113,1&1,13.0,209.0,-20,-7.0,-3.0,-5.0,2.0,L,L,U,0
