Date,Link,Day,Season,Team,Opp,Site,Final,Rest,Line,Total,SUm,ATSm,OUm,DPS,DPA,SUr,ATSr,OUr,"ot
Dec","01,",2016,recap,Thu,2016,Cavaliers,Clippers,home,94-113,1&1,-4.0,214.5,-19,-23.0,-7.5,-15.2,7.8,L,L,U,"0
Dec","01,",2016,recap,Thu,2016,Clippers,Cavaliers,away,113-94,1&1,4.0,214.5,19,23.0,-7.5,7.8,-15.2,W,W,U,"0
Dec","01,",2016,recap,Thu,2016,Grizzlies,Magic,home,95-94,0&1,2.0,188.5,1,3.0,0.5,1.8,-1.2,W,W,O,"0
Dec","01,",2016,recap,Thu,2016,Magic,Grizzlies,away,94-95,1&0,-2.0,188.5,-1,-3.0,0.5,-1.2,1.8,L,L,O,"0
Dec","01,",2016,recap,Thu,2016,Hornets,Mavericks,home,97-87,1&0,-11.0,193.0,10,-1.0,-9.0,-5.0,-4.0,W,L,U,"0
Dec","01,",2016,recap,Thu,2016,Mavericks,Hornets,away,87-97,0&1,11.0,193.0,-10,1.0,-9.0,-4.0,-5.0,L,W,U,"0
Dec","01,",2016,recap,Thu,2016,Jazz,Heat,home,110-111,1&0,-7.5,189.0,-1,-8.5,32.0,11.8,20.2,L,L,O,"0
Dec","01,",2016,recap,Thu,2016,Heat,Jazz,away,111-110,0&1,7.5,189.0,1,8.5,32.0,20.2,11.8,W,W,O,"0
Dec","01,",2016,recap,Thu,2016,Nets,Bucks,home,93-111,1&1,5.5,215.0,-18,-12.5,-11.0,-11.8,0.8,L,L,U,"0
Dec","01,",2016,recap,Thu,2016,Bucks,Nets,away,111-93,1&1,-5.5,215.0,18,12.5,-11.0,0.8,-11.8,W,W,U,"0
Dec","01,",2016,recap,Thu,2016,Warriors,Rockets,home,127-132,2&1,-10.5,231.5,-5,-15.5,27.5,6.0,21.5,L,L,O,"2
Dec","01,",2016,recap,Thu,2016,Rockets,Warriors,away,132-127,1&2,10.5,231.5,5,15.5,27.5,21.5,6.0,W,W,O,2
