Date,Link,Day,Season,Team,Opp,Site,Final,Rest,Line,Total,SUm,ATSm,OUm,DPS,DPA,SUr,ATSr,OUr,"ot
Oct","30,",2016,recap,Sun,2016,Clippers,Jazz,home,88-75,2&1,-7.5,191.0,13,5.5,-28.0,-11.2,-16.8,W,W,U,"0
Oct","30,",2016,recap,Sun,2016,Jazz,Clippers,away,75-88,1&2,7.5,191.0,-13,-5.5,-28.0,-16.8,-11.2,L,L,U,"0
Oct","30,",2016,recap,Sun,2016,Grizzlies,Wizards,home,112-103,0&2,2.5,204.5,9,11.5,10.5,11.0,-0.5,W,W,O,"1
Oct","30,",2016,recap,Sun,2016,Wizards,Grizzlies,away,103-112,2&0,-2.5,204.5,-9,-11.5,10.5,-0.5,11.0,L,L,O,"1
Oct","30,",2016,recap,Sun,2016,Heat,Spurs,home,99-106,1&0,6.5,194.0,-7,-0.5,11.0,5.2,5.8,L,L,O,"0
Oct","30,",2016,recap,Sun,2016,Spurs,Heat,away,106-99,0&1,-6.5,194.0,7,0.5,11.0,5.8,5.2,W,W,O,"0
Oct","30,",2016,recap,Sun,2016,Pistons,Bucks,home,98-83,1&0,-8.0,195.5,15,7.0,-14.5,-3.8,-10.8,W,W,U,"0
Oct","30,",2016,recap,Sun,2016,Bucks,Pistons,away,83-98,0&1,8.0,195.5,-15,-7.0,-14.5,-10.8,-3.8,L,L,U,"0
Oct","30,",2016,recap,Sun,2016,Rockets,Mavericks,home,93-92,1&1,-4.5,214.0,1,-3.5,-29.0,-16.2,-12.8,W,L,U,"0
Oct","30,",2016,recap,Sun,2016,Mavericks,Rockets,away,92-93,1&1,4.5,214.0,-1,3.5,-29.0,-12.8,-16.2,L,W,U,"0
Oct","30,",2016,recap,Sun,2016,Suns,Warriors,home,100-106,1&1,11.5,226.0,-6,5.5,-20.0,-7.2,-12.8,L,W,U,"0
Oct","30,",2016,recap,Sun,2016,Warriors,Suns,away,106-100,1&1,-11.5,226.0,6,-5.5,-20.0,-12.8,-7.2,W,L,U,"0
Oct","30,",2016,recap,Sun,2016,Thunder,Lakers,home,113-96,1&1,-8.5,213.5,17,8.5,-4.5,2.0,-6.5,W,W,U,"0
Oct","30,",2016,recap,Sun,2016,Lakers,Thunder,away,96-113,1&1,8.5,213.5,-17,-8.5,-4.5,-6.5,2.0,L,L,U,0
