Date,Link,Day,Season,Team,Opp,Site,Final,Rest,Line,Total,SUm,ATSm,OUm,DPS,DPA,SUr,ATSr,OUr,"ot
Apr","01,",2016,recap,Fri,2015,Bucks,Magic,home,113-110,1&0,-2.5,208.5,3,0.5,14.5,7.5,7.0,W,W,O,"0
Apr","01,",2016,recap,Fri,2015,Magic,Bucks,away,110-113,0&1,2.5,208.5,-3,-0.5,14.5,7.0,7.5,L,L,O,"0
Apr","01,",2016,recap,Fri,2015,Grizzlies,Raptors,home,95-99,1&1,5.5,197.5,-4,1.5,-3.5,-1.0,-2.5,L,W,U,"0
Apr","01,",2016,recap,Fri,2015,Raptors,Grizzlies,away,99-95,1&1,-5.5,197.5,4,-1.5,-3.5,-2.5,-1.0,W,L,U,"0
Apr","01,",2016,recap,Fri,2015,Hawks,Cavaliers,home,108-110,1&0,-2.0,206.5,-2,-4.0,11.5,3.8,7.8,L,L,O,"1
Apr","01,",2016,recap,Fri,2015,Cavaliers,Hawks,away,110-108,0&1,2.0,206.5,2,4.0,11.5,7.8,3.8,W,W,O,"1
Apr","01,",2016,recap,Fri,2015,Hornets,Seventysixers,home,100-91,2&2,-14.0,208.5,9,-5.0,-17.5,-11.2,-6.2,W,L,U,"0
Apr","01,",2016,recap,Fri,2015,Seventysixers,Hornets,away,91-100,2&2,14.0,208.5,-9,5.0,-17.5,-6.2,-11.2,L,W,U,"0
Apr","01,",2016,recap,Fri,2015,Jazz,Timberwolves,home,98-85,1&1,-8.5,192.5,13,4.5,-9.5,-2.5,-7.0,W,W,U,"0
Apr","01,",2016,recap,Fri,2015,Timberwolves,Jazz,away,85-98,1&1,8.5,192.5,-13,-4.5,-9.5,-7.0,-2.5,L,L,U,"0
Apr","01,",2016,recap,Fri,2015,Kings,Heat,home,106-112,1&1,6.5,212.0,-6,0.5,6.0,3.2,2.8,L,W,O,"0
Apr","01,",2016,recap,Fri,2015,Heat,Kings,away,112-106,1&1,-6.5,212.0,6,-0.5,6.0,2.8,3.2,W,L,O,"0
Apr","01,",2016,recap,Fri,2015,Knicks,Nets,home,105-91,1&0,-6.0,202.0,14,8.0,-6.0,1.0,-7.0,W,W,U,"0
Apr","01,",2016,recap,Fri,2015,Nets,Knicks,away,91-105,0&1,6.0,202.0,-14,-8.0,-6.0,-7.0,1.0,L,L,U,"0
Apr","01,",2016,recap,Fri,2015,Pistons,Mavericks,home,89-98,2&1,-5.5,205.0,-9,-14.5,-18.0,-16.2,-1.8,L,L,U,"0
Apr","01,",2016,recap,Fri,2015,Mavericks,Pistons,away,98-89,1&2,5.5,205.0,9,14.5,-18.0,-1.8,-16.2,W,W,U,"0
Apr","01,",2016,recap,Fri,2015,Suns,Wizards,home,99-106,1&1,8.0,213.5,-7,1.0,-8.5,-3.8,-4.8,L,W,U,"0
Apr","01,",2016,recap,Fri,2015,Wizards,Suns,away,106-99,1&1,-8.0,213.5,7,-1.0,-8.5,-4.8,-3.8,W,L,U,"0
Apr","01,",2016,recap,Fri,2015,Warriors,Celtics,home,106-109,1&0,-12.0,222.0,-3,-15.0,-7.0,-11.0,4.0,L,L,U,"0
Apr","01,",2016,recap,Fri,2015,Celtics,Warriors,away,109-106,0&1,12.0,222.0,3,15.0,-7.0,4.0,-11.0,W,W,U,0
