Date,Link,Day,Season,Team,Opp,Site,Final,Rest,Line,Total,SUm,ATSm,OUm,DPS,DPA,SUr,ATSr,OUr,"ot
Dec","14,",2016,recap,Wed,2016,Grizzlies,Cavaliers,home,93-85,0&0,-7.5,189.0,8,0.5,-11.0,-5.2,-5.8,W,W,U,"0
Dec","14,",2016,recap,Wed,2016,Cavaliers,Grizzlies,away,85-93,0&0,7.5,189.0,-8,-0.5,-11.0,-5.8,-5.2,L,L,U,"0
Dec","14,",2016,recap,Wed,2016,Heat,Pacers,home,95-89,1&1,-1.0,203.5,6,5.0,-19.5,-7.2,-12.2,W,W,U,"0
Dec","14,",2016,recap,Wed,2016,Pacers,Heat,away,89-95,1&1,1.0,203.5,-6,-5.0,-19.5,-12.2,-7.2,L,L,U,"0
Dec","14,",2016,recap,Wed,2016,Jazz,Thunder,home,109-89,3&0,-7.5,199.0,20,12.5,-1.0,5.8,-6.8,W,W,U,"0
Dec","14,",2016,recap,Wed,2016,Thunder,Jazz,away,89-109,0&3,7.5,199.0,-20,-12.5,-1.0,-6.8,5.8,L,L,U,"0
Dec","14,",2016,recap,Wed,2016,Magic,Clippers,home,108-113,0&1,8.5,210.0,-5,3.5,11.0,7.2,3.8,L,W,O,"0
Dec","14,",2016,recap,Wed,2016,Clippers,Magic,away,113-108,1&0,-8.5,210.0,5,-3.5,11.0,3.8,7.2,W,L,O,"0
Dec","14,",2016,recap,Wed,2016,Mavericks,Pistons,home,85-95,1&2,5.0,188.5,-10,-5.0,-8.5,-6.8,-1.8,L,L,U,"0
Dec","14,",2016,recap,Wed,2016,Pistons,Mavericks,away,95-85,2&1,-5.0,188.5,10,5.0,-8.5,-1.8,-6.8,W,W,U,"0
Dec","14,",2016,recap,Wed,2016,Nets,Lakers,home,107-97,1&1,-1.0,228.0,10,9.0,-24.0,-7.5,-16.5,W,W,U,"0
Dec","14,",2016,recap,Wed,2016,Lakers,Nets,away,97-107,1&1,1.0,228.0,-10,-9.0,-24.0,-16.5,-7.5,L,L,U,"0
Dec","14,",2016,recap,Wed,2016,Rockets,Kings,home,132-98,1&1,-13.5,216.0,34,20.5,14.0,17.2,-3.2,W,W,O,"0
Dec","14,",2016,recap,Wed,2016,Kings,Rockets,away,98-132,1&1,13.5,216.0,-34,-20.5,14.0,-3.2,17.2,L,L,O,"0
Dec","14,",2016,recap,Wed,2016,Seventysixers,Raptors,home,114-123,2&1,8.0,207.0,-9,-1.0,30.0,14.5,15.5,L,L,O,"0
Dec","14,",2016,recap,Wed,2016,Raptors,Seventysixers,away,123-114,1&2,-8.0,207.0,9,1.0,30.0,15.5,14.5,W,W,O,"0
Dec","14,",2016,recap,Wed,2016,Spurs,Celtics,home,108-101,3&2,-7.0,198.5,7,0.0,10.5,5.2,5.2,W,P,O,"0
Dec","14,",2016,recap,Wed,2016,Celtics,Spurs,away,101-108,2&3,7.0,198.5,-7,0.0,10.5,5.2,5.2,L,P,O,"0
Dec","14,",2016,recap,Wed,2016,Wizards,Hornets,home,109-106,1&1,0.0,212.5,3,3.0,2.5,2.8,-0.2,W,W,O,"0
Dec","14,",2016,recap,Wed,2016,Hornets,Wizards,away,106-109,1&1,-0.0,212.5,-3,-3.0,2.5,-0.2,2.8,L,L,O,0
