Date,Link,Day,Season,Team,Opp,Site,Final,Rest,Line,Total,SUm,ATSm,OUm,DPS,DPA,SUr,ATSr,OUr,"ot
Nov","26,",2016,recap,Sat,2016,Heat,Grizzlies,home,107-110,0&0,0.0,185.0,-3,-3.0,32.0,14.5,17.5,L,L,O,"0
Nov","26,",2016,recap,Sat,2016,Grizzlies,Heat,away,110-107,0&0,-0.0,185.0,3,3.0,32.0,17.5,14.5,W,W,O,"0
Nov","26,",2016,recap,Sat,2016,Hornets,Knicks,home,107-102,0&0,-5.5,208.0,5,-0.5,1.0,0.2,0.8,W,L,O,"0
Nov","26,",2016,recap,Sat,2016,Knicks,Hornets,away,102-107,0&0,5.5,208.0,-5,0.5,1.0,0.8,0.2,L,W,O,"0
Nov","26,",2016,recap,Sat,2016,Thunder,Pistons,home,106-88,0&0,-4.5,202.5,18,13.5,-8.5,2.5,-11.0,W,W,U,"0
Nov","26,",2016,recap,Sat,2016,Pistons,Thunder,away,88-106,0&0,4.5,202.5,-18,-13.5,-8.5,-11.0,2.5,L,L,U,"0
Nov","26,",2016,recap,Sat,2016,Warriors,Timberwolves,home,115-102,0&0,-13.5,222.0,13,-0.5,-5.0,-2.8,-2.2,W,L,U,"0
Nov","26,",2016,recap,Sat,2016,Timberwolves,Warriors,away,102-115,0&0,13.5,222.0,-13,0.5,-5.0,-2.2,-2.8,L,W,U,"0
Nov","26,",2016,recap,Sat,2016,Wizards,Spurs,home,100-112,0&0,6.5,206.5,-12,-5.5,5.5,0.0,5.5,L,L,O,"0
Nov","26,",2016,recap,Sat,2016,Spurs,Wizards,away,112-100,0&0,-6.5,206.5,12,5.5,5.5,5.5,0.0,W,W,O,0
