Date,Link,Day,Season,Team,Opp,Site,Final,Rest,Line,Total,SUm,ATSm,OUm,DPS,DPA,SUr,ATSr,OUr,"ot
Dec","29,",2016,recap,Thu,2016,Cavaliers,Celtics,home,124-118,2&1,-6.5,217.0,6,-0.5,25.0,12.2,12.8,W,L,O,"0
Dec","29,",2016,recap,Thu,2016,Celtics,Cavaliers,away,118-124,1&2,6.5,217.0,-6,0.5,25.0,12.8,12.2,L,W,O,"0
Dec","29,",2016,recap,Thu,2016,Grizzlies,Thunder,home,114-80,1&1,-2.5,199.0,34,31.5,-5.0,13.2,-18.2,W,W,U,"0
Dec","29,",2016,recap,Thu,2016,Thunder,Grizzlies,away,80-114,1&1,2.5,199.0,-34,-31.5,-5.0,-18.2,13.2,L,L,U,"0
Dec","29,",2016,recap,Thu,2016,Hornets,Heat,home,91-82,0&1,-6.5,201.0,9,2.5,-28.0,-12.8,-15.2,W,W,U,"0
Dec","29,",2016,recap,Thu,2016,Heat,Hornets,away,82-91,1&0,6.5,201.0,-9,-2.5,-28.0,-15.2,-12.8,L,L,U,"0
Dec","29,",2016,recap,Thu,2016,Jazz,Seventysixers,home,100-83,1&2,-14.5,195.5,17,2.5,-12.5,-5.0,-7.5,W,W,U,"0
Dec","29,",2016,recap,Thu,2016,Seventysixers,Jazz,away,83-100,2&1,14.5,195.5,-17,-2.5,-12.5,-7.5,-5.0,L,L,U,"0
Dec","29,",2016,recap,Thu,2016,Lakers,Mavericks,home,89-101,1&1,-3.0,203.0,-12,-15.0,-13.0,-14.0,1.0,L,L,U,"0
Dec","29,",2016,recap,Thu,2016,Mavericks,Lakers,away,101-89,1&1,3.0,203.0,12,15.0,-13.0,1.0,-14.0,W,W,U,"0
Dec","29,",2016,recap,Thu,2016,Suns,Raptors,home,99-91,0&0,8.5,222.0,8,16.5,-32.0,-7.8,-24.2,W,W,U,"0
Dec","29,",2016,recap,Thu,2016,Raptors,Suns,away,91-99,0&0,-8.5,222.0,-8,-16.5,-32.0,-24.2,-7.8,L,L,U,0
