Date,Link,Day,Season,Team,Opp,Site,Final,Rest,Line,Total,SUm,ATSm,OUm,DPS,DPA,SUr,ATSr,OUr,"ot
Feb","05,",2016,recap,Fri,2015,Cavaliers,Celtics,home,103-104,1&1,-7.0,210.5,-1,-8.0,-3.5,-5.8,2.2,L,L,U,"0
Feb","05,",2016,recap,Fri,2015,Celtics,Cavaliers,away,104-103,1&1,7.0,210.5,1,8.0,-3.5,2.2,-5.8,W,W,U,"0
Feb","05,",2016,recap,Fri,2015,Hawks,Pacers,home,102-96,1&1,-5.0,206.5,6,1.0,-8.5,-3.8,-4.8,W,W,U,"0
Feb","05,",2016,recap,Fri,2015,Pacers,Hawks,away,96-102,1&1,5.0,206.5,-6,-1.0,-8.5,-4.8,-3.8,L,L,U,"0
Feb","05,",2016,recap,Fri,2015,Hornets,Heat,home,95-98,1&1,-2.5,194.0,-3,-5.5,-1.0,-3.2,2.2,L,L,U,"0
Feb","05,",2016,recap,Fri,2015,Heat,Hornets,away,98-95,1&1,2.5,194.0,3,5.5,-1.0,2.2,-3.2,W,W,U,"0
Feb","05,",2016,recap,Fri,2015,Jazz,Bucks,home,84-81,1&2,-7.0,188.5,3,-4.0,-23.5,-13.8,-9.8,W,L,U,"0
Feb","05,",2016,recap,Fri,2015,Bucks,Jazz,away,81-84,2&1,7.0,188.5,-3,4.0,-23.5,-9.8,-13.8,L,W,U,"0
Feb","05,",2016,recap,Fri,2015,Knicks,Grizzlies,home,85-91,0&3,5.5,194.5,-6,-0.5,-18.5,-9.5,-9.0,L,L,U,"0
Feb","05,",2016,recap,Fri,2015,Grizzlies,Knicks,away,91-85,3&0,-5.5,194.5,6,0.5,-18.5,-9.0,-9.5,W,W,U,"0
Feb","05,",2016,recap,Fri,2015,Magic,Clippers,home,93-107,1&1,4.0,206.5,-14,-10.0,-6.5,-8.2,1.8,L,L,U,"0
Feb","05,",2016,recap,Fri,2015,Clippers,Magic,away,107-93,1&1,-4.0,206.5,14,10.0,-6.5,1.8,-8.2,W,W,U,"0
Feb","05,",2016,recap,Fri,2015,Mavericks,Spurs,home,90-116,1&1,7.0,198.0,-26,-19.0,8.0,-5.5,13.5,L,L,O,"0
Feb","05,",2016,recap,Fri,2015,Spurs,Mavericks,away,116-90,1&1,-7.0,198.0,26,19.0,8.0,13.5,-5.5,W,W,O,"0
Feb","05,",2016,recap,Fri,2015,Nets,Kings,home,128-119,1&1,5.5,213.5,9,14.5,33.5,24.0,9.5,W,W,O,"0
Feb","05,",2016,recap,Fri,2015,Kings,Nets,away,119-128,1&1,-5.5,213.5,-9,-14.5,33.5,9.5,24.0,L,L,O,"0
Feb","05,",2016,recap,Fri,2015,Nuggets,Bulls,home,115-110,1&1,-2.0,206.5,5,3.0,18.5,10.8,7.8,W,W,O,"0
Feb","05,",2016,recap,Fri,2015,Bulls,Nuggets,away,110-115,1&1,2.0,206.5,-5,-3.0,18.5,7.8,10.8,L,L,O,"0
Feb","05,",2016,recap,Fri,2015,Wizards,Seventysixers,home,106-94,1&1,-9.5,214.0,12,2.5,-14.0,-5.8,-8.2,W,W,U,"0
Feb","05,",2016,recap,Fri,2015,Seventysixers,Wizards,away,94-106,1&1,9.5,214.0,-12,-2.5,-14.0,-8.2,-5.8,L,L,U,0
