Date,Link,Day,Season,Team,Opp,Site,Final,Rest,Line,Total,SUm,ATSm,OUm,DPS,DPA,SUr,ATSr,OUr,"ot
Oct","31,",2016,recap,Mon,2016,Clippers,Suns,home,116-98,0&0,-11.5,205.0,18,6.5,9.0,7.8,1.2,W,W,O,"0
Oct","31,",2016,recap,Mon,2016,Suns,Clippers,away,98-116,0&0,11.5,205.0,-18,-6.5,9.0,1.2,7.8,L,L,O,"0
Oct","31,",2016,recap,Mon,2016,Hawks,Kings,home,106-95,1&1,-7.0,203.0,11,4.0,-2.0,1.0,-3.0,W,W,U,"0
Oct","31,",2016,recap,Mon,2016,Kings,Hawks,away,95-106,1&1,7.0,203.0,-11,-4.0,-2.0,-3.0,1.0,L,L,U,"0
Oct","31,",2016,recap,Mon,2016,Nets,Bulls,home,88-118,1&1,6.5,211.0,-30,-23.5,-5.0,-14.2,9.2,L,L,U,"0
Oct","31,",2016,recap,Mon,2016,Bulls,Nets,away,118-88,1&1,-6.5,211.0,30,23.5,-5.0,9.2,-14.2,W,W,U,"0
Oct","31,",2016,recap,Mon,2016,Raptors,Nuggets,home,105-102,2&1,-7.0,206.0,3,-4.0,1.0,-1.5,2.5,W,L,O,"0
Oct","31,",2016,recap,Mon,2016,Nuggets,Raptors,away,102-105,1&2,7.0,206.0,-3,4.0,1.0,2.5,-1.5,L,W,O,0
