Date,Link,Day,Season,Team,Opp,Site,Final,Rest,Line,Total,SUm,ATSm,OUm,DPS,DPA,SUr,ATSr,OUr,"ot
Feb","09,",2016,recap,Tue,2015,Bucks,Celtics,home,112-111,3&1,4.0,208.5,1,5.0,14.5,9.8,4.8,W,W,O,"0
Feb","09,",2016,recap,Tue,2015,Celtics,Bucks,away,111-112,1&3,-4.0,208.5,-1,-5.0,14.5,4.8,9.8,L,L,O,"0
Feb","09,",2016,recap,Tue,2015,Heat,Spurs,home,101-119,1&2,7.0,196.0,-18,-11.0,24.0,6.5,17.5,L,L,O,"0
Feb","09,",2016,recap,Tue,2015,Spurs,Heat,away,119-101,2&1,-7.0,196.0,18,11.0,24.0,17.5,6.5,W,W,O,"0
Feb","09,",2016,recap,Tue,2015,Knicks,Wizards,home,108-111,1&2,0.0,208.0,-3,-3.0,11.0,4.0,7.0,L,L,O,"0
Feb","09,",2016,recap,Tue,2015,Wizards,Knicks,away,111-108,2&1,-0.0,208.0,3,3.0,11.0,7.0,4.0,W,W,O,"0
Feb","09,",2016,recap,Tue,2015,Mavericks,Jazz,home,119-121,2&2,-1.5,186.0,-2,-3.5,54.0,25.2,28.8,L,L,O,"1
Feb","09,",2016,recap,Tue,2015,Jazz,Mavericks,away,121-119,2&2,1.5,186.0,2,3.5,54.0,28.8,25.2,W,W,O,"1
Feb","09,",2016,recap,Tue,2015,Warriors,Rockets,home,123-110,2&2,-14.0,230.5,13,-1.0,2.5,0.8,1.8,W,L,O,"0
Feb","09,",2016,recap,Tue,2015,Rockets,Warriors,away,110-123,2&2,14.0,230.5,-13,1.0,2.5,1.8,0.8,L,W,O,0
