Date,Link,Day,Season,Team,Opp,Site,Final,Rest,Line,Total,SUm,ATSm,OUm,DPS,DPA,SUr,ATSr,OUr,"ot
Apr","05,",2016,recap,Tue,2015,Bucks,Cavaliers,home,80-109,1&1,9.0,203.0,-29,-20.0,-14.0,-17.0,3.0,L,L,U,"0
Apr","05,",2016,recap,Tue,2015,Cavaliers,Bucks,away,109-80,1&1,-9.0,203.0,29,20.0,-14.0,3.0,-17.0,W,W,U,"0
Apr","05,",2016,recap,Tue,2015,Clippers,Lakers,home,103-81,1&1,-14.5,208.0,22,7.5,-24.0,-8.2,-15.8,W,W,U,"0
Apr","05,",2016,recap,Tue,2015,Lakers,Clippers,away,81-103,1&1,14.5,208.0,-22,-7.5,-24.0,-15.8,-8.2,L,L,U,"0
Apr","05,",2016,recap,Tue,2015,Grizzlies,Bulls,home,108-92,1&1,3.0,200.5,16,19.0,-0.5,9.2,-9.8,W,W,U,"0
Apr","05,",2016,recap,Tue,2015,Bulls,Grizzlies,away,92-108,1&1,-3.0,200.5,-16,-19.0,-0.5,-9.8,9.2,L,L,U,"0
Apr","05,",2016,recap,Tue,2015,Hawks,Suns,home,103-90,3&1,-14.5,207.0,13,-1.5,-14.0,-7.8,-6.2,W,L,U,"0
Apr","05,",2016,recap,Tue,2015,Suns,Hawks,away,90-103,1&3,14.5,207.0,-13,1.5,-14.0,-6.2,-7.8,L,W,U,"0
Apr","05,",2016,recap,Tue,2015,Heat,Pistons,home,107-89,2&2,-4.5,202.0,18,13.5,-6.0,3.8,-9.8,W,W,U,"0
Apr","05,",2016,recap,Tue,2015,Pistons,Heat,away,89-107,2&2,4.5,202.0,-18,-13.5,-6.0,-9.8,3.8,L,L,U,"0
Apr","05,",2016,recap,Tue,2015,Jazz,Spurs,home,86-88,1&2,3.5,183.5,-2,1.5,-9.5,-4.0,-5.5,L,W,U,"0
Apr","05,",2016,recap,Tue,2015,Spurs,Jazz,away,88-86,2&1,-3.5,183.5,2,-1.5,-9.5,-5.5,-4.0,W,L,U,"0
Apr","05,",2016,recap,Tue,2015,Kings,Trailblazers,home,107-115,2&1,4.0,222.0,-8,-4.0,0.0,-2.0,2.0,L,L,P,"0
Apr","05,",2016,recap,Tue,2015,Trailblazers,Kings,away,115-107,1&2,-4.0,222.0,8,4.0,0.0,2.0,-2.0,W,W,P,"0
Apr","05,",2016,recap,Tue,2015,Nuggets,Thunder,home,102-124,2&1,9.0,217.5,-22,-13.0,8.5,-2.2,10.8,L,L,O,"0
Apr","05,",2016,recap,Tue,2015,Thunder,Nuggets,away,124-102,1&2,-9.0,217.5,22,13.0,8.5,10.8,-2.2,W,W,O,"0
Apr","05,",2016,recap,Tue,2015,Raptors,Hornets,home,96-90,2&1,-5.0,201.5,6,1.0,-15.5,-7.2,-8.2,W,W,U,"0
Apr","05,",2016,recap,Tue,2015,Hornets,Raptors,away,90-96,1&2,5.0,201.5,-6,-1.0,-15.5,-8.2,-7.2,L,L,U,"0
Apr","05,",2016,recap,Tue,2015,Seventysixers,Pelicans,home,107-93,2&1,-2.0,206.5,14,12.0,-6.5,2.8,-9.2,W,W,U,"0
Apr","05,",2016,recap,Tue,2015,Pelicans,Seventysixers,away,93-107,1&2,2.0,206.5,-14,-12.0,-6.5,-9.2,2.8,L,L,U,"0
Apr","05,",2016,recap,Tue,2015,Warriors,Timberwolves,home,117-124,1&1,-15.5,226.0,-7,-22.5,15.0,-3.8,18.8,L,L,O,"1
Apr","05,",2016,recap,Tue,2015,Timberwolves,Warriors,away,124-117,1&1,15.5,226.0,7,22.5,15.0,18.8,-3.8,W,W,O,1
