Date,Link,Day,Season,Team,Opp,Site,Final,Rest,Line,Total,SUm,ATSm,OUm,DPS,DPA,SUr,ATSr,OUr,"ot
Jan","02,",2016,recap,Sat,2015,Cavaliers,Magic,home,104-79,3&0,-8.5,192.5,25,16.5,-9.5,3.5,-13.0,W,W,U,"0
Jan","02,",2016,recap,Sat,2015,Magic,Cavaliers,away,79-104,0&3,8.5,192.5,-25,-16.5,-9.5,-13.0,3.5,L,L,U,"0
Jan","02,",2016,recap,Sat,2015,Celtics,Nets,home,97-100,2&2,-9.5,204.0,-3,-12.5,-7.0,-9.8,2.8,L,L,U,"0
Jan","02,",2016,recap,Sat,2015,Nets,Celtics,away,100-97,2&2,9.5,204.0,3,12.5,-7.0,2.8,-9.8,W,W,U,"0
Jan","02,",2016,recap,Sat,2015,Clippers,Seventysixers,home,130-99,1&0,-13.5,204.0,31,17.5,25.0,21.2,3.8,W,W,O,"0
Jan","02,",2016,recap,Sat,2015,Seventysixers,Clippers,away,99-130,0&1,13.5,204.0,-31,-17.5,25.0,3.8,21.2,L,L,O,"0
Jan","02,",2016,recap,Sat,2015,Hornets,Thunder,home,90-109,0&1,8.0,209.0,-19,-11.0,-10.0,-10.5,0.5,L,L,U,"0
Jan","02,",2016,recap,Sat,2015,Thunder,Hornets,away,109-90,1&0,-8.0,209.0,19,11.0,-10.0,0.5,-10.5,W,W,U,"0
Jan","02,",2016,recap,Sat,2015,Jazz,Grizzlies,home,92-87,1&3,1.0,186.0,5,6.0,-7.0,-0.5,-6.5,W,W,U,"1
Jan","02,",2016,recap,Sat,2015,Grizzlies,Jazz,away,87-92,3&1,-1.0,186.0,-5,-6.0,-7.0,-6.5,-0.5,L,L,U,"1
Jan","02,",2016,recap,Sat,2015,Kings,Suns,home,142-119,2&1,-6.5,213.5,23,16.5,47.5,32.0,15.5,W,W,O,"0
Jan","02,",2016,recap,Sat,2015,Suns,Kings,away,119-142,1&2,6.5,213.5,-23,-16.5,47.5,15.5,32.0,L,L,O,"0
Jan","02,",2016,recap,Sat,2015,Mavericks,Pelicans,home,98-105,0&1,-3.0,206.0,-7,-10.0,-3.0,-6.5,3.5,L,L,U,"0
Jan","02,",2016,recap,Sat,2015,Pelicans,Mavericks,away,105-98,1&0,3.0,206.0,7,10.0,-3.0,3.5,-6.5,W,W,U,"0
Jan","02,",2016,recap,Sat,2015,Pacers,Pistons,home,94-82,1&1,-4.5,203.5,12,7.5,-27.5,-10.0,-17.5,W,W,U,"0
Jan","02,",2016,recap,Sat,2015,Pistons,Pacers,away,82-94,1&1,4.5,203.5,-12,-7.5,-27.5,-17.5,-10.0,L,L,U,"0
Jan","02,",2016,recap,Sat,2015,Spurs,Rockets,home,121-103,2&1,-11.0,202.0,18,7.0,22.0,14.5,7.5,W,W,O,"0
Jan","02,",2016,recap,Sat,2015,Rockets,Spurs,away,103-121,1&2,11.0,202.0,-18,-7.0,22.0,7.5,14.5,L,L,O,"0
Jan","02,",2016,recap,Sat,2015,Timberwolves,Bucks,home,85-95,1&1,-1.5,203.0,-10,-11.5,-23.0,-17.2,-5.8,L,L,U,"0
Jan","02,",2016,recap,Sat,2015,Bucks,Timberwolves,away,95-85,1&1,1.5,203.0,10,11.5,-23.0,-5.8,-17.2,W,W,U,"0
Jan","02,",2016,recap,Sat,2015,Warriors,Nuggets,home,111-108,1&2,-14.0,215.0,3,-11.0,4.0,-3.5,7.5,W,L,O,"1
Jan","02,",2016,recap,Sat,2015,Nuggets,Warriors,away,108-111,2&1,14.0,215.0,-3,11.0,4.0,7.5,-3.5,L,W,O,1
