Date,Link,Day,Season,Team,Opp,Site,Final,Rest,Line,Total,SUm,ATSm,OUm,DPS,DPA,SUr,ATSr,OUr,"ot
Nov","27,",2016,recap,Sun,2016,Lakers,Hawks,home,109-94,1&1,4.5,209.0,15,19.5,-6.0,6.8,-12.8,W,W,U,"0
Nov","27,",2016,recap,Sun,2016,Hawks,Lakers,away,94-109,1&1,-4.5,209.0,-15,-19.5,-6.0,-12.8,6.8,L,L,U,"0
Nov","27,",2016,recap,Sun,2016,Magic,Bucks,home,96-104,1&1,-1.0,196.5,-8,-9.0,3.5,-2.8,6.2,L,L,O,"0
Nov","27,",2016,recap,Sun,2016,Bucks,Magic,away,104-96,1&1,1.0,196.5,8,9.0,3.5,6.2,-2.8,W,W,O,"0
Nov","27,",2016,recap,Sun,2016,Mavericks,Pelicans,home,91-81,1&1,4.5,197.0,10,14.5,-25.0,-5.2,-19.8,W,W,U,"0
Nov","27,",2016,recap,Sun,2016,Pelicans,Mavericks,away,81-91,1&1,-4.5,197.0,-10,-14.5,-25.0,-19.8,-5.2,L,L,U,"0
Nov","27,",2016,recap,Sun,2016,Nets,Kings,home,105-122,1&1,5.5,220.5,-17,-11.5,6.5,-2.5,9.0,L,L,O,"0
Nov","27,",2016,recap,Sun,2016,Kings,Nets,away,122-105,1&1,-5.5,220.5,17,11.5,6.5,9.0,-2.5,W,W,O,"0
Nov","27,",2016,recap,Sun,2016,Pacers,Clippers,home,91-70,1&1,10.5,206.0,21,31.5,-45.0,-6.8,-38.2,W,W,U,"0
Nov","27,",2016,recap,Sun,2016,Clippers,Pacers,away,70-91,1&1,-10.5,206.0,-21,-31.5,-45.0,-38.2,-6.8,L,L,U,"0
Nov","27,",2016,recap,Sun,2016,Seventysixers,Cavaliers,home,108-112,1&1,11.0,210.0,-4,7.0,10.0,8.5,1.5,L,W,O,"0
Nov","27,",2016,recap,Sun,2016,Cavaliers,Seventysixers,away,112-108,1&1,-11.0,210.0,4,-7.0,10.0,1.5,8.5,W,L,O,"0
Nov","27,",2016,recap,Sun,2016,Suns,Nuggets,home,114-120,1&1,-1.5,214.5,-6,-7.5,19.5,6.0,13.5,L,L,O,"0
Nov","27,",2016,recap,Sun,2016,Nuggets,Suns,away,120-114,1&1,1.5,214.5,6,7.5,19.5,13.5,6.0,W,W,O,"0
Nov","27,",2016,recap,Sun,2016,Trailblazers,Rockets,home,114-130,1&1,2.0,226.0,-16,-14.0,18.0,2.0,16.0,L,L,O,"0
Nov","27,",2016,recap,Sun,2016,Rockets,Trailblazers,away,130-114,1&1,-2.0,226.0,16,14.0,18.0,16.0,2.0,W,W,O,0
