Date,Link,Day,Season,Team,Opp,Site,Final,Rest,Line,Total,SUm,ATSm,OUm,DPS,DPA,SUr,ATSr,OUr,"ot
Dec","12,",2016,recap,Mon,2016,Clippers,Trailblazers,home,121-120,1&1,-9.5,219.0,1,-8.5,22.0,6.8,15.2,W,L,O,"0
Dec","12,",2016,recap,Mon,2016,Trailblazers,Clippers,away,120-121,1&1,9.5,219.0,-1,8.5,22.0,15.2,6.8,L,W,O,"0
Dec","12,",2016,recap,Mon,2016,Heat,Wizards,home,112-101,1&1,1.0,207.5,11,12.0,5.5,8.8,-3.2,W,W,O,"0
Dec","12,",2016,recap,Mon,2016,Wizards,Heat,away,101-112,1&1,-1.0,207.5,-11,-12.0,5.5,-3.2,8.8,L,L,O,"0
Dec","12,",2016,recap,Mon,2016,Kings,Lakers,home,116-92,1&0,-8.5,216.5,24,15.5,-8.5,3.5,-12.0,W,W,U,"0
Dec","12,",2016,recap,Mon,2016,Lakers,Kings,away,92-116,0&1,8.5,216.5,-24,-15.5,-8.5,-12.0,3.5,L,L,U,"0
Dec","12,",2016,recap,Mon,2016,Mavericks,Nuggets,home,112-92,1&1,1.0,202.5,20,21.0,1.5,11.2,-9.8,W,W,O,"0
Dec","12,",2016,recap,Mon,2016,Nuggets,Mavericks,away,92-112,1&1,-1.0,202.5,-20,-21.0,1.5,-9.8,11.2,L,L,O,"0
Dec","12,",2016,recap,Mon,2016,Pacers,Hornets,home,110-94,1&1,-1.0,209.0,16,15.0,-5.0,5.0,-10.0,W,W,U,"0
Dec","12,",2016,recap,Mon,2016,Hornets,Pacers,away,94-110,1&1,1.0,209.0,-16,-15.0,-5.0,-10.0,5.0,L,L,U,"0
Dec","12,",2016,recap,Mon,2016,Raptors,Bucks,home,122-100,2&1,-8.5,212.5,22,13.5,9.5,11.5,-2.0,W,W,O,"0
Dec","12,",2016,recap,Mon,2016,Bucks,Raptors,away,100-122,1&2,8.5,212.5,-22,-13.5,9.5,-2.0,11.5,L,L,O,"0
Dec","12,",2016,recap,Mon,2016,Rockets,Nets,home,122-118,1&1,-13.5,229.0,4,-9.5,11.0,0.8,10.2,W,L,O,"0
Dec","12,",2016,recap,Mon,2016,Nets,Rockets,away,118-122,1&1,13.5,229.0,-4,9.5,11.0,10.2,0.8,L,W,O,0
