Date,Link,Day,Season,Team,Opp,Site,Final,Rest,Line,Total,SUm,ATSm,OUm,DPS,DPA,SUr,ATSr,OUr,"ot
Dec","13,",2016,recap,Tue,2016,Bulls,Timberwolves,home,94-99,2&1,-5.5,207.0,-5,-10.5,-14.0,-12.2,-1.8,L,L,U,"0
Dec","13,",2016,recap,Tue,2016,Timberwolves,Bulls,away,99-94,1&2,5.5,207.0,5,10.5,-14.0,-1.8,-12.2,W,W,U,"0
Dec","13,",2016,recap,Tue,2016,Cavaliers,Grizzlies,home,103-86,2&2,-15.5,202.5,17,1.5,-13.5,-6.0,-7.5,W,W,U,"0
Dec","13,",2016,recap,Tue,2016,Grizzlies,Cavaliers,away,86-103,2&2,15.5,202.5,-17,-1.5,-13.5,-7.5,-6.0,L,L,U,"0
Dec","13,",2016,recap,Tue,2016,Hawks,Magic,home,120-131,3&2,-7.5,204.0,-11,-18.5,47.0,14.2,32.8,L,L,O,"0
Dec","13,",2016,recap,Tue,2016,Magic,Hawks,away,131-120,2&3,7.5,204.0,11,18.5,47.0,32.8,14.2,W,W,O,"0
Dec","13,",2016,recap,Tue,2016,Pelicans,Warriors,home,109-113,1&1,10.5,224.5,-4,6.5,-2.5,2.0,-4.5,L,W,U,"0
Dec","13,",2016,recap,Tue,2016,Warriors,Pelicans,away,113-109,1&1,-10.5,224.5,4,-6.5,-2.5,-4.5,2.0,W,L,U,"0
Dec","13,",2016,recap,Tue,2016,Suns,Knicks,home,113-111,1&1,2.0,219.0,2,4.0,5.0,4.5,0.5,W,W,O,"1
Dec","13,",2016,recap,Tue,2016,Knicks,Suns,away,111-113,1&1,-2.0,219.0,-2,-4.0,5.0,0.5,4.5,L,L,O,"1
Dec","13,",2016,recap,Tue,2016,Trailblazers,Thunder,home,114-95,0&1,-2.5,217.5,19,16.5,-8.5,4.0,-12.5,W,W,U,"0
Dec","13,",2016,recap,Tue,2016,Thunder,Trailblazers,away,95-114,1&0,2.5,217.5,-19,-16.5,-8.5,-12.5,4.0,L,L,U,0
