Date,Link,Day,Season,Team,Opp,Site,Final,Rest,Line,Total,SUm,ATSm,OUm,DPS,DPA,SUr,ATSr,OUr,"ot
Jan","29,",2016,recap,Fri,2015,Bucks,Heat,home,103-107,0&2,1.0,193.5,-4,-3.0,16.5,6.8,9.8,L,L,O,"0
Jan","29,",2016,recap,Fri,2015,Heat,Bucks,away,107-103,2&0,-1.0,193.5,4,3.0,16.5,9.8,6.8,W,W,O,"0
Jan","29,",2016,recap,Fri,2015,Celtics,Magic,home,113-94,1&2,-8.5,205.5,19,10.5,1.5,6.0,-4.5,W,W,O,"0
Jan","29,",2016,recap,Fri,2015,Magic,Celtics,away,94-113,2&1,8.5,205.5,-19,-10.5,1.5,-4.5,6.0,L,L,O,"0
Jan","29,",2016,recap,Fri,2015,Clippers,Lakers,home,105-93,1&0,-14.5,204.0,12,-2.5,-6.0,-4.2,-1.8,W,L,U,"0
Jan","29,",2016,recap,Fri,2015,Lakers,Clippers,away,93-105,0&1,14.5,204.0,-12,2.5,-6.0,-1.8,-4.2,L,W,U,"0
Jan","29,",2016,recap,Fri,2015,Jazz,Timberwolves,home,103-90,1&1,-8.5,193.0,13,4.5,0.0,2.2,-2.2,W,W,P,"0
Jan","29,",2016,recap,Fri,2015,Timberwolves,Jazz,away,90-103,1&1,8.5,193.0,-13,-4.5,0.0,-2.2,2.2,L,L,P,"0
Jan","29,",2016,recap,Fri,2015,Knicks,Suns,home,102-84,0&1,-8.5,203.5,18,9.5,-17.5,-4.0,-13.5,W,W,U,"0
Jan","29,",2016,recap,Fri,2015,Suns,Knicks,away,84-102,1&0,8.5,203.5,-18,-9.5,-17.5,-13.5,-4.0,L,L,U,"0
Jan","29,",2016,recap,Fri,2015,Mavericks,Nets,home,91-79,1&2,-9.0,199.5,12,3.0,-29.5,-13.2,-16.2,W,W,U,"0
Jan","29,",2016,recap,Fri,2015,Nets,Mavericks,away,79-91,2&1,9.0,199.5,-12,-3.0,-29.5,-16.2,-13.2,L,L,U,"0
Jan","29,",2016,recap,Fri,2015,Pistons,Cavaliers,home,106-114,1&1,4.5,208.0,-8,-3.5,12.0,4.2,7.8,L,L,O,"0
Jan","29,",2016,recap,Fri,2015,Cavaliers,Pistons,away,114-106,1&1,-4.5,208.0,8,3.5,12.0,7.8,4.2,W,W,O,"0
Jan","29,",2016,recap,Fri,2015,Thunder,Rockets,home,116-108,1&1,-8.0,222.0,8,0.0,2.0,1.0,1.0,W,P,O,"0
Jan","29,",2016,recap,Fri,2015,Rockets,Thunder,away,108-116,1&1,8.0,222.0,-8,0.0,2.0,1.0,1.0,L,P,O,"0
Jan","29,",2016,recap,Fri,2015,Trailblazers,Hornets,home,109-91,2&1,-6.0,205.5,18,12.0,-5.5,3.2,-8.8,W,W,U,"0
Jan","29,",2016,recap,Fri,2015,Hornets,Trailblazers,away,91-109,1&2,6.0,205.5,-18,-12.0,-5.5,-8.8,3.2,L,L,U,0
