Date,Link,Day,Season,Team,Opp,Site,Final,Rest,Line,Total,SUm,ATSm,OUm,DPS,DPA,SUr,ATSr,OUr,"ot
Mar","27,",2016,recap,Sun,2015,Clippers,Nuggets,home,105-90,2&1,-8.5,210.0,15,6.5,-15.0,-4.2,-10.8,W,W,U,"0
Mar","27,",2016,recap,Sun,2015,Nuggets,Clippers,away,90-105,1&2,8.5,210.0,-15,-6.5,-15.0,-10.8,-4.2,L,L,U,"0
Mar","27,",2016,recap,Sun,2015,Kings,Mavericks,home,133-111,1&1,-2.0,217.5,22,20.0,26.5,23.2,3.2,W,W,O,"0
Mar","27,",2016,recap,Sun,2015,Mavericks,Kings,away,111-133,1&1,2.0,217.5,-22,-20.0,26.5,3.2,23.2,L,L,O,"0
Mar","27,",2016,recap,Sun,2015,Lakers,Wizards,home,88-101,1&1,9.0,212.5,-13,-4.0,-23.5,-13.8,-9.8,L,L,U,"0
Mar","27,",2016,recap,Sun,2015,Wizards,Lakers,away,101-88,1&1,-9.0,212.5,13,4.0,-23.5,-9.8,-13.8,W,W,U,"0
Mar","27,",2016,recap,Sun,2015,Pacers,Rockets,home,104-101,0&1,-2.0,210.0,3,1.0,-5.0,-2.0,-3.0,W,W,U,"0
Mar","27,",2016,recap,Sun,2015,Rockets,Pacers,away,101-104,1&0,2.0,210.0,-3,-1.0,-5.0,-3.0,-2.0,L,L,U,"0
Mar","27,",2016,recap,Sun,2015,Warriors,Seventysixers,home,117-105,1&0,-21.5,225.0,12,-9.5,-3.0,-6.2,3.2,W,L,U,"0
Mar","27,",2016,recap,Sun,2015,Seventysixers,Warriors,away,105-117,0&1,21.5,225.0,-12,9.5,-3.0,3.2,-6.2,L,W,U,0
