Date,Link,Day,Season,Team,Opp,Site,Final,Rest,Line,Total,SUm,ATSm,OUm,DPS,DPA,SUr,ATSr,OUr,"ot
Mar","02,",2016,recap,Wed,2015,Bucks,Pacers,home,99-104,1&1,3.0,204.0,-5,-2.0,-1.0,-1.5,0.5,L,L,U,"0
Mar","02,",2016,recap,Wed,2015,Pacers,Bucks,away,104-99,1&1,-3.0,204.0,5,2.0,-1.0,0.5,-1.5,W,W,U,"0
Mar","02,",2016,recap,Wed,2015,Celtics,Trailblazers,home,116-93,1&0,-6.0,218.0,23,17.0,-9.0,4.0,-13.0,W,W,U,"0
Mar","02,",2016,recap,Wed,2015,Trailblazers,Celtics,away,93-116,0&1,6.0,218.0,-23,-17.0,-9.0,-13.0,4.0,L,L,U,"0
Mar","02,",2016,recap,Wed,2015,Clippers,Thunder,home,103-98,1&1,0.0,218.0,5,5.0,-17.0,-6.0,-11.0,W,W,U,"0
Mar","02,",2016,recap,Wed,2015,Thunder,Clippers,away,98-103,1&1,0.0,218.0,-5,-5.0,-17.0,-11.0,-6.0,L,L,U,"0
Mar","02,",2016,recap,Wed,2015,Grizzlies,Kings,home,104-98,1&1,-4.5,214.5,6,1.5,-12.5,-5.5,-7.0,W,W,U,"0
Mar","02,",2016,recap,Wed,2015,Kings,Grizzlies,away,98-104,1&1,4.5,214.5,-6,-1.5,-12.5,-7.0,-5.5,L,L,U,"0
Mar","02,",2016,recap,Wed,2015,Magic,Bulls,home,102-89,0&0,-4.5,213.0,13,8.5,-22.0,-6.8,-15.2,W,W,U,"0
Mar","02,",2016,recap,Wed,2015,Bulls,Magic,away,89-102,0&0,4.5,213.0,-13,-8.5,-22.0,-15.2,-6.8,L,L,U,"0
Mar","02,",2016,recap,Wed,2015,Nuggets,Lakers,home,117-107,1&0,-8.0,212.5,10,2.0,11.5,6.8,4.8,W,W,O,"0
Mar","02,",2016,recap,Wed,2015,Lakers,Nuggets,away,107-117,0&1,8.0,212.5,-10,-2.0,11.5,4.8,6.8,L,L,O,"0
Mar","02,",2016,recap,Wed,2015,Raptors,Jazz,home,104-94,2&1,-5.5,193.5,10,4.5,4.5,4.5,0.0,W,W,O,"0
Mar","02,",2016,recap,Wed,2015,Jazz,Raptors,away,94-104,1&2,5.5,193.5,-10,-4.5,4.5,0.0,4.5,L,L,O,"0
Mar","02,",2016,recap,Wed,2015,Rockets,Pelicans,home,100-95,1&3,-5.5,221.5,5,-0.5,-26.5,-13.5,-13.0,W,L,U,"0
Mar","02,",2016,recap,Wed,2015,Pelicans,Rockets,away,95-100,3&1,5.5,221.5,-5,0.5,-26.5,-13.0,-13.5,L,W,U,"0
Mar","02,",2016,recap,Wed,2015,Seventysixers,Hornets,home,99-119,1&0,9.5,209.5,-20,-10.5,8.5,-1.0,9.5,L,L,O,"0
Mar","02,",2016,recap,Wed,2015,Hornets,Seventysixers,away,119-99,0&1,-9.5,209.5,20,10.5,8.5,9.5,-1.0,W,W,O,"0
Mar","02,",2016,recap,Wed,2015,Spurs,Pistons,home,97-81,3&2,-11.0,201.0,16,5.0,-23.0,-9.0,-14.0,W,W,U,"0
Mar","02,",2016,recap,Wed,2015,Pistons,Spurs,away,81-97,2&3,11.0,201.0,-16,-5.0,-23.0,-14.0,-9.0,L,L,U,"0
Mar","02,",2016,recap,Wed,2015,Timberwolves,Wizards,home,98-104,2&1,3.5,219.5,-6,-2.5,-17.5,-10.0,-7.5,L,L,U,"0
Mar","02,",2016,recap,Wed,2015,Wizards,Timberwolves,away,104-98,1&2,-3.5,219.5,6,2.5,-17.5,-7.5,-10.0,W,W,U,0
