Date,Link,Day,Season,Team,Opp,Site,Final,Rest,Line,Total,SUm,ATSm,OUm,DPS,DPA,SUr,ATSr,OUr,"ot
Nov","29,",2016,recap,Tue,2016,Bucks,Cavaliers,home,118-101,1&1,6.5,212.5,17,23.5,6.5,15.0,-8.5,W,W,O,"0
Nov","29,",2016,recap,Tue,2016,Cavaliers,Bucks,away,101-118,1&1,-6.5,212.5,-17,-23.5,6.5,-8.5,15.0,L,L,O,"0
Nov","29,",2016,recap,Tue,2016,Hornets,Pistons,home,89-112,0&2,-3.5,200.0,-23,-26.5,1.0,-12.8,13.8,L,L,O,"0
Nov","29,",2016,recap,Tue,2016,Pistons,Hornets,away,112-89,2&0,3.5,200.0,23,26.5,1.0,13.8,-12.8,W,W,O,"0
Nov","29,",2016,recap,Tue,2016,Jazz,Rockets,home,120-101,0&1,1.0,204.0,19,20.0,17.0,18.5,-1.5,W,W,O,"0
Nov","29,",2016,recap,Tue,2016,Rockets,Jazz,away,101-120,1&0,-1.0,204.0,-19,-20.0,17.0,-1.5,18.5,L,L,O,"0
Nov","29,",2016,recap,Tue,2016,Nets,Clippers,home,127-122,1&1,11.5,216.5,5,16.5,32.5,24.5,8.0,W,W,O,"2
Nov","29,",2016,recap,Tue,2016,Clippers,Nets,away,122-127,1&1,-11.5,216.5,-5,-16.5,32.5,8.0,24.5,L,L,O,"2
Nov","29,",2016,recap,Tue,2016,Pelicans,Lakers,home,105-88,1&1,-6.0,217.5,17,11.0,-24.5,-6.8,-17.8,W,W,U,"0
Nov","29,",2016,recap,Tue,2016,Lakers,Pelicans,away,88-105,1&1,6.0,217.5,-17,-11.0,-24.5,-17.8,-6.8,L,L,U,"0
Nov","29,",2016,recap,Tue,2016,Spurs,Magic,home,83-95,2&1,-12.0,194.5,-12,-24.0,-16.5,-20.2,3.8,L,L,U,"0
Nov","29,",2016,recap,Tue,2016,Magic,Spurs,away,95-83,1&2,12.0,194.5,12,24.0,-16.5,3.8,-20.2,W,W,U,0
