Date,Link,Day,Season,Team,Opp,Site,Final,Rest,Line,Total,SUm,ATSm,OUm,DPS,DPA,SUr,ATSr,OUr,"ot
Feb","01,",2016,recap,Mon,2015,Hawks,Mavericks,home,112-97,0&0,-6.0,199.0,15,9.0,10.0,9.5,0.5,W,W,O,"0
Feb","01,",2016,recap,Mon,2015,Mavericks,Hawks,away,97-112,0&0,6.0,199.0,-15,-9.0,10.0,0.5,9.5,L,L,O,"0
Feb","01,",2016,recap,Mon,2015,Jazz,Bulls,home,105-96,2&0,-5.0,193.5,9,4.0,7.5,5.8,1.8,W,W,O,"1
Feb","01,",2016,recap,Mon,2015,Bulls,Jazz,away,96-105,0&2,5.0,193.5,-9,-4.0,7.5,1.8,5.8,L,L,O,"1
Feb","01,",2016,recap,Mon,2015,Kings,Bucks,home,111-104,1&2,-2.0,213.5,7,5.0,1.5,3.2,-1.8,W,W,O,"0
Feb","01,",2016,recap,Mon,2015,Bucks,Kings,away,104-111,2&1,2.0,213.5,-7,-5.0,1.5,-1.8,3.2,L,L,O,"0
Feb","01,",2016,recap,Mon,2015,Nets,Pistons,home,100-105,1&1,6.5,202.5,-5,1.5,2.5,2.0,0.5,L,W,O,"0
Feb","01,",2016,recap,Mon,2015,Pistons,Nets,away,105-100,1&1,-6.5,202.5,5,-1.5,2.5,0.5,2.0,W,L,O,"0
Feb","01,",2016,recap,Mon,2015,Nuggets,Raptors,home,112-93,1&1,5.0,205.0,19,24.0,0.0,12.0,-12.0,W,W,P,"0
Feb","01,",2016,recap,Mon,2015,Raptors,Nuggets,away,93-112,1&1,-5.0,205.0,-19,-24.0,0.0,-12.0,12.0,L,L,P,"0
Feb","01,",2016,recap,Mon,2015,Pacers,Cavaliers,home,106-111,1&1,5.0,209.5,-5,0.0,7.5,3.8,3.8,L,P,O,"1
Feb","01,",2016,recap,Mon,2015,Cavaliers,Pacers,away,111-106,1&1,-5.0,209.5,5,0.0,7.5,3.8,3.8,W,P,O,"1
Feb","01,",2016,recap,Mon,2015,Pelicans,Grizzlies,home,95-110,1&1,-2.0,202.5,-15,-17.0,2.5,-7.2,9.8,L,L,O,"0
Feb","01,",2016,recap,Mon,2015,Grizzlies,Pelicans,away,110-95,1&1,2.0,202.5,15,17.0,2.5,9.8,-7.2,W,W,O,"0
Feb","01,",2016,recap,Mon,2015,Spurs,Magic,home,107-92,1&0,-16.0,203.0,15,-1.0,-4.0,-2.5,-1.5,W,L,U,"0
Feb","01,",2016,recap,Mon,2015,Magic,Spurs,away,92-107,0&1,16.0,203.0,-15,1.0,-4.0,-1.5,-2.5,L,W,U,"0
Feb","01,",2016,recap,Mon,2015,Thunder,Wizards,home,114-98,2&1,-10.0,221.0,16,6.0,-9.0,-1.5,-7.5,W,W,U,"0
Feb","01,",2016,recap,Mon,2015,Wizards,Thunder,away,98-114,1&2,10.0,221.0,-16,-6.0,-9.0,-7.5,-1.5,L,L,U,0
