Date,Link,Day,Season,Team,Opp,Site,Final,Rest,Line,Total,SUm,ATSm,OUm,DPS,DPA,SUr,ATSr,OUr,"ot
Mar","09,",2016,recap,Wed,2015,Bucks,Heat,home,114-108,1&2,3.0,200.0,6,9.0,22.0,15.5,6.5,W,W,O,"0
Mar","09,",2016,recap,Wed,2015,Heat,Bucks,away,108-114,2&1,-3.0,200.0,-6,-9.0,22.0,6.5,15.5,L,L,O,"0
Mar","09,",2016,recap,Wed,2015,Celtics,Grizzlies,home,116-96,3&1,-11.5,210.0,20,8.5,2.0,5.2,-3.2,W,W,O,"0
Mar","09,",2016,recap,Wed,2015,Grizzlies,Celtics,away,96-116,1&3,11.5,210.0,-20,-8.5,2.0,-3.2,5.2,L,L,O,"0
Mar","09,",2016,recap,Wed,2015,Hornets,Pelicans,home,122-113,1&1,-8.5,209.5,9,0.5,25.5,13.0,12.5,W,W,O,"0
Mar","09,",2016,recap,Wed,2015,Pelicans,Hornets,away,113-122,1&1,8.5,209.5,-9,-0.5,25.5,12.5,13.0,L,L,O,"0
Mar","09,",2016,recap,Wed,2015,Kings,Cavaliers,home,111-120,1&1,7.0,218.0,-9,-2.0,13.0,5.5,7.5,L,L,O,"0
Mar","09,",2016,recap,Wed,2015,Cavaliers,Kings,away,120-111,1&1,-7.0,218.0,9,2.0,13.0,7.5,5.5,W,W,O,"0
Mar","09,",2016,recap,Wed,2015,Mavericks,Pistons,home,96-102,1&2,-2.0,205.5,-6,-8.0,-7.5,-7.8,0.2,L,L,U,"0
Mar","09,",2016,recap,Wed,2015,Pistons,Mavericks,away,102-96,2&1,2.0,205.5,6,8.0,-7.5,0.2,-7.8,W,W,U,"0
Mar","09,",2016,recap,Wed,2015,Seventysixers,Rockets,home,104-118,2&2,9.5,220.5,-14,-4.5,1.5,-1.5,3.0,L,L,O,"0
Mar","09,",2016,recap,Wed,2015,Rockets,Seventysixers,away,118-104,2&2,-9.5,220.5,14,4.5,1.5,3.0,-1.5,W,W,O,"0
Mar","09,",2016,recap,Wed,2015,Suns,Knicks,home,97-128,2&0,-1.5,207.0,-31,-32.5,18.0,-7.2,25.2,L,L,O,"0
Mar","09,",2016,recap,Wed,2015,Knicks,Suns,away,128-97,0&2,1.5,207.0,31,32.5,18.0,25.2,-7.2,W,W,O,"0
Mar","09,",2016,recap,Wed,2015,Thunder,Clippers,home,120-108,2&1,-6.0,215.5,12,6.0,12.5,9.2,3.2,W,W,O,"0
Mar","09,",2016,recap,Wed,2015,Clippers,Thunder,away,108-120,1&2,6.0,215.5,-12,-6.0,12.5,3.2,9.2,L,L,O,"0
Mar","09,",2016,recap,Wed,2015,Warriors,Jazz,home,115-94,1&0,-13.5,208.0,21,7.5,1.0,4.2,-3.2,W,W,O,"0
Mar","09,",2016,recap,Wed,2015,Jazz,Warriors,away,94-115,0&1,13.5,208.0,-21,-7.5,1.0,-3.2,4.2,L,L,O,0
