Date,Link,Day,Season,Team,Opp,Site,Final,Rest,Line,Total,SUm,ATSm,OUm,DPS,DPA,SUr,ATSr,OUr,"ot
Mar","21,",2016,recap,Mon,2015,Bulls,Kings,home,109-102,1&0,-7.5,218.0,7,-0.5,-7.0,-3.8,-3.2,W,L,U,"0
Mar","21,",2016,recap,Mon,2015,Kings,Bulls,away,102-109,0&1,7.5,218.0,-7,0.5,-7.0,-3.2,-3.8,L,W,U,"0
Mar","21,",2016,recap,Mon,2015,Cavaliers,Nuggets,home,124-91,1&1,-12.0,213.0,33,21.0,2.0,11.5,-9.5,W,W,O,"0
Mar","21,",2016,recap,Mon,2015,Nuggets,Cavaliers,away,91-124,1&1,12.0,213.0,-33,-21.0,2.0,-9.5,11.5,L,L,O,"0
Mar","21,",2016,recap,Mon,2015,Celtics,Magic,home,107-96,0&0,-8.0,215.5,11,3.0,-12.5,-4.8,-7.8,W,W,U,"0
Mar","21,",2016,recap,Mon,2015,Magic,Celtics,away,96-107,0&0,8.0,215.5,-11,-3.0,-12.5,-7.8,-4.8,L,L,U,"0
Mar","21,",2016,recap,Mon,2015,Hawks,Wizards,home,102-117,1&1,-6.5,207.5,-15,-21.5,11.5,-5.0,16.5,L,L,O,"0
Mar","21,",2016,recap,Mon,2015,Wizards,Hawks,away,117-102,1&1,6.5,207.5,15,21.5,11.5,16.5,-5.0,W,W,O,"0
Mar","21,",2016,recap,Mon,2015,Hornets,Spurs,home,91-88,1&1,6.0,196.0,3,9.0,-17.0,-4.0,-13.0,W,W,U,"0
Mar","21,",2016,recap,Mon,2015,Spurs,Hornets,away,88-91,1&1,-6.0,196.0,-3,-9.0,-17.0,-13.0,-4.0,L,L,U,"0
Mar","21,",2016,recap,Mon,2015,Pacers,Seventysixers,home,91-75,1&0,-15.5,208.5,16,0.5,-42.5,-21.0,-21.5,W,W,U,"0
Mar","21,",2016,recap,Mon,2015,Seventysixers,Pacers,away,75-91,0&1,15.5,208.5,-16,-0.5,-42.5,-21.5,-21.0,L,L,U,"0
Mar","21,",2016,recap,Mon,2015,Pistons,Bucks,home,92-91,1&0,-7.0,205.5,1,-6.0,-22.5,-14.2,-8.2,W,L,U,"0
Mar","21,",2016,recap,Mon,2015,Bucks,Pistons,away,91-92,0&1,7.0,205.5,-1,6.0,-22.5,-8.2,-14.2,L,W,U,"0
Mar","21,",2016,recap,Mon,2015,Suns,Grizzlies,home,97-103,2&1,2.0,204.5,-6,-4.0,-4.5,-4.2,-0.2,L,L,U,"0
Mar","21,",2016,recap,Mon,2015,Grizzlies,Suns,away,103-97,1&2,-2.0,204.5,6,4.0,-4.5,-0.2,-4.2,W,W,U,"0
Mar","21,",2016,recap,Mon,2015,Timberwolves,Warriors,home,104-109,2&1,12.0,232.0,-5,7.0,-19.0,-6.0,-13.0,L,W,U,"0
Mar","21,",2016,recap,Mon,2015,Warriors,Timberwolves,away,109-104,1&2,-12.0,232.0,5,-7.0,-19.0,-13.0,-6.0,W,L,U,0
