Date,Link,Day,Season,Team,Opp,Site,Final,Rest,Line,Total,SUm,ATSm,OUm,DPS,DPA,SUr,ATSr,OUr,"ot
Jan","13,",2016,recap,Wed,2015,Celtics,Pacers,home,103-94,0&0,-3.5,203.0,9,5.5,-6.0,-0.2,-5.8,W,W,U,"0
Jan","13,",2016,recap,Wed,2015,Pacers,Celtics,away,94-103,0&0,3.5,203.0,-9,-5.5,-6.0,-5.8,-0.2,L,L,U,"0
Jan","13,",2016,recap,Wed,2015,Clippers,Heat,home,104-90,2&1,-4.0,197.5,14,10.0,-3.5,3.2,-6.8,W,W,U,"0
Jan","13,",2016,recap,Wed,2015,Heat,Clippers,away,90-104,1&2,4.0,197.5,-14,-10.0,-3.5,-6.8,3.2,L,L,U,"0
Jan","13,",2016,recap,Wed,2015,Hornets,Hawks,home,107-84,2&3,3.0,205.5,23,26.0,-14.5,5.8,-20.2,W,W,U,"0
Jan","13,",2016,recap,Wed,2015,Hawks,Hornets,away,84-107,3&2,-3.0,205.5,-23,-26.0,-14.5,-20.2,5.8,L,L,U,"0
Jan","13,",2016,recap,Wed,2015,Kings,Pelicans,home,97-109,3&0,-7.0,215.0,-12,-19.0,-9.0,-14.0,5.0,L,L,U,"0
Jan","13,",2016,recap,Wed,2015,Pelicans,Kings,away,109-97,0&3,7.0,215.0,12,19.0,-9.0,5.0,-14.0,W,W,U,"0
Jan","13,",2016,recap,Wed,2015,Nets,Knicks,home,110-104,1&0,3.5,192.0,6,9.5,22.0,15.8,6.2,W,W,O,"0
Jan","13,",2016,recap,Wed,2015,Knicks,Nets,away,104-110,0&1,-3.5,192.0,-6,-9.5,22.0,6.2,15.8,L,L,O,"0
Jan","13,",2016,recap,Wed,2015,Nuggets,Warriors,home,112-110,2&1,9.5,214.5,2,11.5,7.5,9.5,-2.0,W,W,O,"0
Jan","13,",2016,recap,Wed,2015,Warriors,Nuggets,away,110-112,1&2,-9.5,214.5,-2,-11.5,7.5,-2.0,9.5,L,L,O,"0
Jan","13,",2016,recap,Wed,2015,Rockets,Timberwolves,home,107-104,0&0,-8.0,206.5,3,-5.0,4.5,-0.2,4.8,W,L,O,"0
Jan","13,",2016,recap,Wed,2015,Timberwolves,Rockets,away,104-107,0&0,8.0,206.5,-3,5.0,4.5,4.8,-0.2,L,W,O,"0
Jan","13,",2016,recap,Wed,2015,Thunder,Mavericks,home,108-89,0&0,-12.0,207.0,19,7.0,-10.0,-1.5,-8.5,W,W,U,"0
Jan","13,",2016,recap,Wed,2015,Mavericks,Thunder,away,89-108,0&0,12.0,207.0,-19,-7.0,-10.0,-8.5,-1.5,L,L,U,"0
Jan","13,",2016,recap,Wed,2015,Trailblazers,Jazz,home,99-85,2&2,-3.0,191.5,14,11.0,-7.5,1.8,-9.2,W,W,U,"0
Jan","13,",2016,recap,Wed,2015,Jazz,Trailblazers,away,85-99,2&2,3.0,191.5,-14,-11.0,-7.5,-9.2,1.8,L,L,U,"0
Jan","13,",2016,recap,Wed,2015,Wizards,Bucks,home,106-101,1&0,-5.5,207.0,5,-0.5,0.0,-0.2,0.2,W,L,P,"0
Jan","13,",2016,recap,Wed,2015,Bucks,Wizards,away,101-106,0&1,5.5,207.0,-5,0.5,0.0,0.2,-0.2,L,W,P,0
