Date,Link,Day,Season,Team,Opp,Site,Final,Rest,Line,Total,SUm,ATSm,OUm,DPS,DPA,SUr,ATSr,OUr,"ot
Dec","07,",2016,recap,Wed,2016,Bucks,Trailblazers,home,115-107,1&1,-2.0,217.0,8,6.0,5.0,5.5,-0.5,W,W,O,"0
Dec","07,",2016,recap,Wed,2016,Trailblazers,Bucks,away,107-115,1&1,2.0,217.0,-8,-6.0,5.0,-0.5,5.5,L,L,O,"0
Dec","07,",2016,recap,Wed,2016,Clippers,Warriors,home,98-115,2&1,4.0,224.0,-17,-13.0,-11.0,-12.0,1.0,L,L,U,"0
Dec","07,",2016,recap,Wed,2016,Warriors,Clippers,away,115-98,1&2,-4.0,224.0,17,13.0,-11.0,1.0,-12.0,W,W,U,"0
Dec","07,",2016,recap,Wed,2016,Hawks,Heat,home,103-95,1&0,-9.0,199.5,8,-1.0,-1.5,-1.2,-0.2,W,L,U,"0
Dec","07,",2016,recap,Wed,2016,Heat,Hawks,away,95-103,0&1,9.0,199.5,-8,1.0,-1.5,-0.2,-1.2,L,W,U,"0
Dec","07,",2016,recap,Wed,2016,Hornets,Pistons,home,87-77,1&0,-5.5,202.0,10,4.5,-38.0,-16.8,-21.2,W,W,U,"0
Dec","07,",2016,recap,Wed,2016,Pistons,Hornets,away,77-87,0&1,5.5,202.0,-10,-4.5,-38.0,-21.2,-16.8,L,L,U,"0
Dec","07,",2016,recap,Wed,2016,Knicks,Cavaliers,home,94-126,0&1,8.5,216.5,-32,-23.5,3.5,-10.0,13.5,L,L,O,"0
Dec","07,",2016,recap,Wed,2016,Cavaliers,Knicks,away,126-94,1&0,-8.5,216.5,32,23.5,3.5,13.5,-10.0,W,W,O,"0
Dec","07,",2016,recap,Wed,2016,Magic,Celtics,home,87-117,0&1,2.5,199.0,-30,-27.5,5.0,-11.2,16.2,L,L,O,"0
Dec","07,",2016,recap,Wed,2016,Celtics,Magic,away,117-87,1&0,-2.5,199.0,30,27.5,5.0,16.2,-11.2,W,W,O,"0
Dec","07,",2016,recap,Wed,2016,Mavericks,Kings,home,89-120,1&2,3.5,196.0,-31,-27.5,13.0,-7.2,20.2,L,L,O,"0
Dec","07,",2016,recap,Wed,2016,Kings,Mavericks,away,120-89,2&1,-3.5,196.0,31,27.5,13.0,20.2,-7.2,W,W,O,"0
Dec","07,",2016,recap,Wed,2016,Nets,Nuggets,home,116-111,1&1,4.5,223.5,5,9.5,3.5,6.5,-3.0,W,W,O,"0
Dec","07,",2016,recap,Wed,2016,Nuggets,Nets,away,111-116,1&1,-4.5,223.5,-5,-9.5,3.5,-3.0,6.5,L,L,O,"0
Dec","07,",2016,recap,Wed,2016,Rockets,Lakers,home,134-95,1&1,-14.0,223.0,39,25.0,6.0,15.5,-9.5,W,W,O,"0
Dec","07,",2016,recap,Wed,2016,Lakers,Rockets,away,95-134,1&1,14.0,223.0,-39,-25.0,6.0,-9.5,15.5,L,L,O,"0
Dec","07,",2016,recap,Wed,2016,Suns,Pacers,home,94-109,0&1,4.5,217.5,-15,-10.5,-14.5,-12.5,-2.0,L,L,U,"0
Dec","07,",2016,recap,Wed,2016,Pacers,Suns,away,109-94,1&0,-4.5,217.5,15,10.5,-14.5,-2.0,-12.5,W,W,U,0
