Date,Link,Day,Season,Team,Opp,Site,Final,Rest,Line,Total,SUm,ATSm,OUm,DPS,DPA,SUr,ATSr,OUr,"ot
Dec","02,",2016,recap,Fri,2016,Bulls,Cavaliers,home,111-105,1&0,1.5,209.0,6,7.5,7.0,7.2,-0.2,W,W,O,"0
Dec","02,",2016,recap,Fri,2016,Cavaliers,Bulls,away,105-111,0&1,-1.5,209.0,-6,-7.5,7.0,-0.2,7.2,L,L,O,"0
Dec","02,",2016,recap,Fri,2016,Celtics,Kings,home,97-92,1&3,-6.0,209.0,5,-1.0,-20.0,-10.5,-9.5,W,L,U,"0
Dec","02,",2016,recap,Fri,2016,Kings,Celtics,away,92-97,3&1,6.0,209.0,-5,1.0,-20.0,-9.5,-10.5,L,W,U,"0
Dec","02,",2016,recap,Fri,2016,Hawks,Pistons,home,85-121,1&1,-1.5,199.0,-36,-37.5,7.0,-15.2,22.2,L,L,O,"0
Dec","02,",2016,recap,Fri,2016,Pistons,Hawks,away,121-85,1&1,1.5,199.0,36,37.5,7.0,22.2,-15.2,W,W,O,"0
Dec","02,",2016,recap,Fri,2016,Knicks,Timberwolves,home,118-114,1&1,1.0,211.0,4,5.0,21.0,13.0,8.0,W,W,O,"0
Dec","02,",2016,recap,Fri,2016,Timberwolves,Knicks,away,114-118,1&1,-1.0,211.0,-4,-5.0,21.0,8.0,13.0,L,L,O,"0
Dec","02,",2016,recap,Fri,2016,Nuggets,Rockets,home,110-128,1&0,-3.5,222.0,-18,-21.5,16.0,-2.8,18.8,L,L,O,"0
Dec","02,",2016,recap,Fri,2016,Rockets,Nuggets,away,128-110,0&1,3.5,222.0,18,21.5,16.0,18.8,-2.8,W,W,O,"0
Dec","02,",2016,recap,Fri,2016,Pelicans,Clippers,home,96-114,2&0,5.0,209.0,-18,-13.0,1.0,-6.0,7.0,L,L,O,"0
Dec","02,",2016,recap,Fri,2016,Clippers,Pelicans,away,114-96,0&2,-5.0,209.0,18,13.0,1.0,7.0,-6.0,W,W,O,"0
Dec","02,",2016,recap,Fri,2016,Raptors,Lakers,home,113-80,1&1,-10.5,214.0,33,22.5,-21.0,0.8,-21.8,W,W,U,"0
Dec","02,",2016,recap,Fri,2016,Lakers,Raptors,away,80-113,1&1,10.5,214.0,-33,-22.5,-21.0,-21.8,0.8,L,L,U,"0
Dec","02,",2016,recap,Fri,2016,Seventysixers,Magic,home,88-105,3&0,-1.0,197.0,-17,-18.0,-4.0,-11.0,7.0,L,L,U,"0
Dec","02,",2016,recap,Fri,2016,Magic,Seventysixers,away,105-88,0&3,1.0,197.0,17,18.0,-4.0,7.0,-11.0,W,W,U,"0
Dec","02,",2016,recap,Fri,2016,Spurs,Wizards,home,107-105,1&1,-9.0,204.0,2,-7.0,8.0,0.5,7.5,W,L,O,"0
Dec","02,",2016,recap,Fri,2016,Wizards,Spurs,away,105-107,1&1,9.0,204.0,-2,7.0,8.0,7.5,0.5,L,W,O,0
