Date,Link,Day,Season,Team,Opp,Site,Final,Rest,Line,Total,SUm,ATSm,OUm,DPS,DPA,SUr,ATSr,OUr,"ot
Jan","03,",2016,recap,Sun,2015,Knicks,Hawks,home,111-97,1&4,4.5,202.5,14,18.5,5.5,12.0,-6.5,W,W,O,"0
Jan","03,",2016,recap,Sun,2015,Hawks,Knicks,away,97-111,4&1,-4.5,202.5,-14,-18.5,5.5,-6.5,12.0,L,L,O,"0
Jan","03,",2016,recap,Sun,2015,Lakers,Suns,home,97-77,1&0,0.0,207.5,20,20.0,-33.5,-6.8,-26.8,W,W,U,"0
Jan","03,",2016,recap,Sun,2015,Suns,Lakers,away,77-97,0&1,0.0,207.5,-20,-20.0,-33.5,-26.8,-6.8,L,L,U,"0
Jan","03,",2016,recap,Sun,2015,Nuggets,Trailblazers,home,106-112,0&2,2.5,204.5,-6,-3.5,13.5,5.0,8.5,L,L,O,"0
Jan","03,",2016,recap,Sun,2015,Trailblazers,Nuggets,away,112-106,2&0,-2.5,204.5,6,3.5,13.5,8.5,5.0,W,W,O,"0
Jan","03,",2016,recap,Sun,2015,Raptors,Bulls,home,113-115,1&1,-3.5,197.0,-2,-5.5,31.0,12.8,18.2,L,L,O,"0
Jan","03,",2016,recap,Sun,2015,Bulls,Raptors,away,115-113,1&1,3.5,197.0,2,5.5,31.0,18.2,12.8,W,W,O,"0
Jan","03,",2016,recap,Sun,2015,Wizards,Heat,home,75-97,1&1,0.0,198.0,-22,-22.0,-26.0,-24.0,-2.0,L,L,U,"0
Jan","03,",2016,recap,Sun,2015,Heat,Wizards,away,97-75,1&1,-0.0,198.0,22,22.0,-26.0,-2.0,-24.0,W,W,U,0
