Date,Link,Day,Season,Team,Opp,Site,Final,Rest,Line,Total,SUm,ATSm,OUm,DPS,DPA,SUr,ATSr,OUr,"ot
Feb","18,",2016,recap,Thu,2015,Cavaliers,Bulls,home,106-95,7&7,-12.0,206.0,11,-1.0,-5.0,-3.0,-2.0,W,L,U,"0
Feb","18,",2016,recap,Thu,2015,Bulls,Cavaliers,away,95-106,7&7,12.0,206.0,-11,1.0,-5.0,-2.0,-3.0,L,W,U,"0
Feb","18,",2016,recap,Thu,2015,Clippers,Spurs,home,105-86,7&7,1.0,206.0,19,20.0,-15.0,2.5,-17.5,W,W,U,"0
Feb","18,",2016,recap,Thu,2015,Spurs,Clippers,away,86-105,7&7,-1.0,206.0,-19,-20.0,-15.0,-17.5,2.5,L,L,U,"0
Feb","18,",2016,recap,Thu,2015,Wizards,Jazz,home,103-89,6&7,1.0,196.5,14,15.0,-4.5,5.2,-9.8,W,W,U,"0
Feb","18,",2016,recap,Thu,2015,Jazz,Wizards,away,89-103,7&6,-1.0,196.5,-14,-15.0,-4.5,-9.8,5.2,L,L,U,0
