Date,Link,Day,Season,Team,Opp,Site,Final,Rest,Line,Total,SUm,ATSm,OUm,DPS,DPA,SUr,ATSr,OUr,"ot
Mar","30,",2016,recap,Wed,2015,Bucks,Suns,home,105-94,3&1,-7.5,210.5,11,3.5,-11.5,-4.0,-7.5,W,W,U,"0
Mar","30,",2016,recap,Wed,2015,Suns,Bucks,away,94-105,1&3,7.5,210.5,-11,-3.5,-11.5,-7.5,-4.0,L,L,U,"0
Mar","30,",2016,recap,Wed,2015,Grizzlies,Nuggets,home,105-109,1&1,1.0,204.0,-4,-3.0,10.0,3.5,6.5,L,L,O,"0
Mar","30,",2016,recap,Wed,2015,Nuggets,Grizzlies,away,109-105,1&1,-1.0,204.0,4,3.0,10.0,6.5,3.5,W,W,O,"0
Mar","30,",2016,recap,Wed,2015,Jazz,Warriors,home,96-103,1&0,5.0,203.0,-7,-2.0,-4.0,-3.0,-1.0,L,L,U,"1
Mar","30,",2016,recap,Wed,2015,Warriors,Jazz,away,103-96,0&1,-5.0,203.0,7,2.0,-4.0,-1.0,-3.0,W,W,U,"1
Mar","30,",2016,recap,Wed,2015,Kings,Wizards,home,120-111,1&0,2.0,219.5,9,11.0,11.5,11.2,0.2,W,W,O,"0
Mar","30,",2016,recap,Wed,2015,Wizards,Kings,away,111-120,0&1,-2.0,219.5,-9,-11.0,11.5,0.2,11.2,L,L,O,"0
Mar","30,",2016,recap,Wed,2015,Lakers,Heat,home,102-100,1&1,11.0,207.0,2,13.0,-5.0,4.0,-9.0,W,W,U,"1
Mar","30,",2016,recap,Wed,2015,Heat,Lakers,away,100-102,1&1,-11.0,207.0,-2,-13.0,-5.0,-9.0,4.0,L,L,U,"1
Mar","30,",2016,recap,Wed,2015,Mavericks,Knicks,home,91-89,1&1,-6.0,199.5,2,-4.0,-19.5,-11.8,-7.8,W,L,U,"0
Mar","30,",2016,recap,Wed,2015,Knicks,Mavericks,away,89-91,1&1,6.0,199.5,-2,4.0,-19.5,-7.8,-11.8,L,W,U,"0
Mar","30,",2016,recap,Wed,2015,Raptors,Hawks,home,105-97,1&1,0.0,201.0,8,8.0,1.0,4.5,-3.5,W,W,O,"0
Mar","30,",2016,recap,Wed,2015,Hawks,Raptors,away,97-105,1&1,-0.0,201.0,-8,-8.0,1.0,-3.5,4.5,L,L,O,"0
Mar","30,",2016,recap,Wed,2015,Spurs,Pelicans,home,100-92,1&1,-19.0,196.5,8,-11.0,-4.5,-7.8,3.2,W,L,U,"0
Mar","30,",2016,recap,Wed,2015,Pelicans,Spurs,away,92-100,1&1,19.0,196.5,-8,11.0,-4.5,3.2,-7.8,L,W,U,"0
Mar","30,",2016,recap,Wed,2015,Timberwolves,Clippers,home,79-99,1&1,6.0,212.0,-20,-14.0,-34.0,-24.0,-10.0,L,L,U,"0
Mar","30,",2016,recap,Wed,2015,Clippers,Timberwolves,away,99-79,1&1,-6.0,212.0,20,14.0,-34.0,-10.0,-24.0,W,W,U,0
