Date,Link,Day,Season,Team,Opp,Site,Final,Rest,Line,Total,SUm,ATSm,OUm,DPS,DPA,SUr,ATSr,OUr,"ot
Apr","07,",2016,recap,Thu,2015,Hawks,Raptors,home,95-87,1&1,-7.0,200.0,8,1.0,-18.0,-8.5,-9.5,W,W,U,"0
Apr","07,",2016,recap,Thu,2015,Raptors,Hawks,away,87-95,1&1,7.0,200.0,-8,-1.0,-18.0,-9.5,-8.5,L,L,U,"0
Apr","07,",2016,recap,Thu,2015,Heat,Bulls,home,106-98,1&1,-6.0,204.5,8,2.0,-0.5,0.8,-1.2,W,W,U,"0
Apr","07,",2016,recap,Thu,2015,Bulls,Heat,away,98-106,1&1,6.0,204.5,-8,-2.0,-0.5,-1.2,0.8,L,L,U,"0
Apr","07,",2016,recap,Thu,2015,Kings,Timberwolves,home,97-105,1&1,0.0,220.0,-8,-8.0,-18.0,-13.0,-5.0,L,L,U,"0
Apr","07,",2016,recap,Thu,2015,Timberwolves,Kings,away,105-97,1&1,-0.0,220.0,8,8.0,-18.0,-5.0,-13.0,W,W,U,"0
Apr","07,",2016,recap,Thu,2015,Rockets,Suns,home,115-124,0&1,-12.0,214.0,-9,-21.0,25.0,2.0,23.0,L,L,O,"0
Apr","07,",2016,recap,Thu,2015,Suns,Rockets,away,124-115,1&0,12.0,214.0,9,21.0,25.0,23.0,2.0,W,W,O,"0
Apr","07,",2016,recap,Thu,2015,Warriors,Spurs,home,112-101,1&1,-6.5,208.0,11,4.5,5.0,4.8,0.2,W,W,O,"0
Apr","07,",2016,recap,Thu,2015,Spurs,Warriors,away,101-112,1&1,6.5,208.0,-11,-4.5,5.0,0.2,4.8,L,L,O,0
