Date,Link,Day,Season,Team,Opp,Site,Final,Rest,Line,Total,SUm,ATSm,OUm,DPS,DPA,SUr,ATSr,OUr,"ot
Dec","16,",2016,recap,Fri,2016,Bulls,Bucks,home,69-95,0&0,-4.5,204.0,-26,-30.5,-40.0,-35.2,-4.8,L,L,U,"0
Dec","16,",2016,recap,Fri,2016,Bucks,Bulls,away,95-69,0&0,4.5,204.0,26,30.5,-40.0,-4.8,-35.2,W,W,U,"0
Dec","16,",2016,recap,Fri,2016,Celtics,Hornets,home,96-88,1&1,-7.0,206.5,8,1.0,-22.5,-10.8,-11.8,W,W,U,"0
Dec","16,",2016,recap,Fri,2016,Hornets,Celtics,away,88-96,1&1,7.0,206.5,-8,-1.0,-22.5,-11.8,-10.8,L,L,U,"0
Dec","16,",2016,recap,Fri,2016,Grizzlies,Kings,home,92-96,1&1,-5.0,194.0,-4,-9.0,-6.0,-7.5,1.5,L,L,U,"0
Dec","16,",2016,recap,Fri,2016,Kings,Grizzlies,away,96-92,1&1,5.0,194.0,4,9.0,-6.0,1.5,-7.5,W,W,U,"0
Dec","16,",2016,recap,Fri,2016,Heat,Clippers,home,98-102,1&1,7.0,205.5,-4,3.0,-5.5,-1.2,-4.2,L,W,U,"0
Dec","16,",2016,recap,Fri,2016,Clippers,Heat,away,102-98,1&1,-7.0,205.5,4,-3.0,-5.5,-4.2,-1.2,W,L,U,"0
Dec","16,",2016,recap,Fri,2016,Jazz,Mavericks,home,103-100,1&1,-11.0,188.0,3,-8.0,15.0,3.5,11.5,W,L,O,"0
Dec","16,",2016,recap,Fri,2016,Mavericks,Jazz,away,100-103,1&1,11.0,188.0,-3,8.0,15.0,11.5,3.5,L,W,O,"0
Dec","16,",2016,recap,Fri,2016,Magic,Nets,home,118-111,1&1,-7.0,218.5,7,0.0,10.5,5.2,5.2,W,P,O,"0
Dec","16,",2016,recap,Fri,2016,Nets,Magic,away,111-118,1&1,7.0,218.5,-7,0.0,10.5,5.2,5.2,L,P,O,"0
Dec","16,",2016,recap,Fri,2016,Raptors,Hawks,home,121-125,1&2,-7.0,215.5,-4,-11.0,30.5,9.8,20.8,L,L,O,"0
Dec","16,",2016,recap,Fri,2016,Hawks,Raptors,away,125-121,2&1,7.0,215.5,4,11.0,30.5,20.8,9.8,W,W,O,"0
Dec","16,",2016,recap,Fri,2016,Rockets,Pelicans,home,122-100,1&0,-12.5,222.0,22,9.5,0.0,4.8,-4.8,W,W,P,"0
Dec","16,",2016,recap,Fri,2016,Pelicans,Rockets,away,100-122,0&1,12.5,222.0,-22,-9.5,0.0,-4.8,4.8,L,L,P,"0
Dec","16,",2016,recap,Fri,2016,Seventysixers,Lakers,home,89-100,1&1,1.0,209.5,-11,-10.0,-20.5,-15.2,-5.2,L,L,U,"0
Dec","16,",2016,recap,Fri,2016,Lakers,Seventysixers,away,100-89,1&1,-1.0,209.5,11,10.0,-20.5,-5.2,-15.2,W,W,U,"0
Dec","16,",2016,recap,Fri,2016,Wizards,Pistons,home,122-108,1&1,1.0,205.0,14,15.0,25.0,20.0,5.0,W,W,O,"0
Dec","16,",2016,recap,Fri,2016,Pistons,Wizards,away,108-122,1&1,-1.0,205.0,-14,-15.0,25.0,5.0,20.0,L,L,O,0
