Date,Link,Day,Season,Team,Opp,Site,Final,Rest,Line,Total,SUm,ATSm,OUm,DPS,DPA,SUr,ATSr,OUr,"ot
Nov","07,",2016,recap,Mon,2016,Bulls,Magic,home,112-80,1&1,-7.0,200.0,32,25.0,-8.0,8.5,-16.5,W,W,U,"0
Nov","07,",2016,recap,Mon,2016,Magic,Bulls,away,80-112,1&1,7.0,200.0,-32,-25.0,-8.0,-16.5,8.5,L,L,U,"0
Nov","07,",2016,recap,Mon,2016,Clippers,Pistons,home,114-82,1&1,-8.5,197.5,32,23.5,-1.5,11.0,-12.5,W,W,U,"0
Nov","07,",2016,recap,Mon,2016,Pistons,Clippers,away,82-114,1&1,8.5,197.5,-32,-23.5,-1.5,-12.5,11.0,L,L,U,"0
Nov","07,",2016,recap,Mon,2016,Hornets,Pacers,home,122-100,2&1,-3.5,206.5,22,18.5,15.5,17.0,-1.5,W,W,O,"0
Nov","07,",2016,recap,Mon,2016,Pacers,Hornets,away,100-122,1&2,3.5,206.5,-22,-18.5,15.5,-1.5,17.0,L,L,O,"0
Nov","07,",2016,recap,Mon,2016,Seventysixers,Jazz,home,84-109,1&0,7.0,192.5,-25,-18.0,0.5,-8.8,9.2,L,L,O,"0
Nov","07,",2016,recap,Mon,2016,Jazz,Seventysixers,away,109-84,0&1,-7.0,192.5,25,18.0,0.5,9.2,-8.8,W,W,O,"0
Nov","07,",2016,recap,Mon,2016,Thunder,Heat,home,97-85,1&2,-6.0,202.5,12,6.0,-20.5,-7.2,-13.2,W,W,U,"0
Nov","07,",2016,recap,Mon,2016,Heat,Thunder,away,85-97,2&1,6.0,202.5,-12,-6.0,-20.5,-13.2,-7.2,L,L,U,"0
Nov","07,",2016,recap,Mon,2016,Warriors,Pelicans,home,116-106,2&2,-17.0,222.5,10,-7.0,-0.5,-3.8,3.2,W,L,U,"0
Nov","07,",2016,recap,Mon,2016,Pelicans,Warriors,away,106-116,2&2,17.0,222.5,-10,7.0,-0.5,3.2,-3.8,L,W,U,"0
Nov","07,",2016,recap,Mon,2016,Wizards,Rockets,home,106-114,1&1,-1.5,219.0,-8,-9.5,1.0,-4.2,5.2,L,L,O,"0
Nov","07,",2016,recap,Mon,2016,Rockets,Wizards,away,114-106,1&1,1.5,219.0,8,9.5,1.0,5.2,-4.2,W,W,O,0
