Date,Link,Day,Season,Team,Opp,Site,Final,Rest,Line,Total,SUm,ATSm,OUm,DPS,DPA,SUr,ATSr,OUr,"ot
Nov","10,",2016,recap,Thu,2016,Bucks,Pelicans,home,106-112,3&1,-5.0,207.0,-6,-11.0,11.0,0.0,11.0,L,L,O,"0
Nov","10,",2016,recap,Thu,2016,Pelicans,Bucks,away,112-106,1&3,5.0,207.0,6,11.0,11.0,11.0,0.0,W,W,O,"0
Nov","10,",2016,recap,Thu,2016,Heat,Bulls,home,95-98,2&0,-1.0,200.0,-3,-4.0,-7.0,-5.5,-1.5,L,L,U,"0
Nov","10,",2016,recap,Thu,2016,Bulls,Heat,away,98-95,0&2,1.0,200.0,3,4.0,-7.0,-1.5,-5.5,W,W,U,"0
Nov","10,",2016,recap,Thu,2016,Kings,Lakers,home,91-101,1&1,-4.5,209.0,-10,-14.5,-17.0,-15.8,-1.2,L,L,U,"0
Nov","10,",2016,recap,Thu,2016,Lakers,Kings,away,101-91,1&1,4.5,209.0,10,14.5,-17.0,-1.2,-15.8,W,W,U,"0
Nov","10,",2016,recap,Thu,2016,Nuggets,Warriors,home,101-125,1&0,6.5,221.0,-24,-17.5,5.0,-6.2,11.2,L,L,O,"0
Nov","10,",2016,recap,Thu,2016,Warriors,Nuggets,away,125-101,0&1,-6.5,221.0,24,17.5,5.0,11.2,-6.2,W,W,O,0
