Date,Link,Day,Season,Team,Opp,Site,Final,Rest,Line,Total,SUm,ATSm,OUm,DPS,DPA,SUr,ATSr,OUr,"ot
Dec","26,",2016,recap,Mon,2016,Bulls,Pacers,home,90-85,0&3,-2.5,205.0,5,2.5,-30.0,-13.8,-16.2,W,W,U,"0
Dec","26,",2016,recap,Mon,2016,Pacers,Bulls,away,85-90,3&0,2.5,205.0,-5,-2.5,-30.0,-16.2,-13.8,L,L,U,"0
Dec","26,",2016,recap,Mon,2016,Clippers,Nuggets,home,102-106,0&2,3.5,212.0,-4,-0.5,-4.0,-2.2,-1.8,L,L,U,"0
Dec","26,",2016,recap,Mon,2016,Nuggets,Clippers,away,106-102,2&0,-3.5,212.0,4,0.5,-4.0,-1.8,-2.2,W,W,U,"0
Dec","26,",2016,recap,Mon,2016,Kings,Seventysixers,home,102-100,2&2,-7.5,202.5,2,-5.5,-0.5,-3.0,2.5,W,L,U,"0
Dec","26,",2016,recap,Mon,2016,Seventysixers,Kings,away,100-102,2&2,7.5,202.5,-2,5.5,-0.5,2.5,-3.0,L,W,U,"0
Dec","26,",2016,recap,Mon,2016,Magic,Grizzlies,home,112-102,2&2,2.0,194.5,10,12.0,19.5,15.8,3.8,W,W,O,"0
Dec","26,",2016,recap,Mon,2016,Grizzlies,Magic,away,102-112,2&2,-2.0,194.5,-10,-12.0,19.5,3.8,15.8,L,L,O,"0
Dec","26,",2016,recap,Mon,2016,Nets,Hornets,home,120-118,2&2,6.5,217.5,2,8.5,20.5,14.5,6.0,W,W,O,"0
Dec","26,",2016,recap,Mon,2016,Hornets,Nets,away,118-120,2&2,-6.5,217.5,-2,-8.5,20.5,6.0,14.5,L,L,O,"0
Dec","26,",2016,recap,Mon,2016,Pelicans,Mavericks,home,111-104,2&2,-4.5,199.0,7,2.5,16.0,9.2,6.8,W,W,O,"0
Dec","26,",2016,recap,Mon,2016,Mavericks,Pelicans,away,104-111,2&2,4.5,199.0,-7,-2.5,16.0,6.8,9.2,L,L,O,"0
Dec","26,",2016,recap,Mon,2016,Pistons,Cavaliers,home,106-90,2&0,-5.0,200.0,16,11.0,-4.0,3.5,-7.5,W,W,U,"0
Dec","26,",2016,recap,Mon,2016,Cavaliers,Pistons,away,90-106,0&2,5.0,200.0,-16,-11.0,-4.0,-7.5,3.5,L,L,U,"0
Dec","26,",2016,recap,Mon,2016,Rockets,Suns,home,131-115,2&2,-13.0,230.5,16,3.0,15.5,9.2,6.2,W,W,O,"0
Dec","26,",2016,recap,Mon,2016,Suns,Rockets,away,115-131,2&2,13.0,230.5,-16,-3.0,15.5,6.2,9.2,L,L,O,"0
Dec","26,",2016,recap,Mon,2016,Timberwolves,Hawks,home,104-90,0&2,1.0,210.0,14,15.0,-16.0,-0.5,-15.5,W,W,U,"0
Dec","26,",2016,recap,Mon,2016,Hawks,Timberwolves,away,90-104,2&0,-1.0,210.0,-14,-15.0,-16.0,-15.5,-0.5,L,L,U,"0
Dec","26,",2016,recap,Mon,2016,Trailblazers,Raptors,home,91-95,2&2,5.0,216.5,-4,1.0,-30.5,-14.8,-15.8,L,W,U,"0
Dec","26,",2016,recap,Mon,2016,Raptors,Trailblazers,away,95-91,2&2,-5.0,216.5,4,-1.0,-30.5,-15.8,-14.8,W,L,U,"0
Dec","26,",2016,recap,Mon,2016,Wizards,Bucks,home,107-102,2&2,-4.5,213.0,5,0.5,-4.0,-1.8,-2.2,W,W,U,"0
Dec","26,",2016,recap,Mon,2016,Bucks,Wizards,away,102-107,2&2,4.5,213.0,-5,-0.5,-4.0,-2.2,-1.8,L,L,U,0
