Date,Link,Day,Season,Team,Opp,Site,Final,Rest,Line,Total,SUm,ATSm,OUm,DPS,DPA,SUr,ATSr,OUr,"ot
Mar","10,",2016,recap,Thu,2015,Lakers,Cavaliers,home,108-120,1&0,10.0,211.0,-12,-2.0,17.0,7.5,9.5,L,L,O,"0
Mar","10,",2016,recap,Thu,2015,Cavaliers,Lakers,away,120-108,0&1,-10.0,211.0,12,2.0,17.0,9.5,7.5,W,W,O,"0
Mar","10,",2016,recap,Thu,2015,Nuggets,Suns,home,116-98,1&0,-9.0,215.0,18,9.0,-1.0,4.0,-5.0,W,W,U,"0
Mar","10,",2016,recap,Thu,2015,Suns,Nuggets,away,98-116,0&1,9.0,215.0,-18,-9.0,-1.0,-5.0,4.0,L,L,U,"0
Mar","10,",2016,recap,Thu,2015,Raptors,Hawks,home,104-96,1&1,-4.0,200.5,8,4.0,-0.5,1.8,-2.2,W,W,U,"0
Mar","10,",2016,recap,Thu,2015,Hawks,Raptors,away,96-104,1&1,4.0,200.5,-8,-4.0,-0.5,-2.2,1.8,L,L,U,"0
Mar","10,",2016,recap,Thu,2015,Spurs,Bulls,home,109-101,1&2,-14.0,201.5,8,-6.0,8.5,1.2,7.2,W,L,O,"0
Mar","10,",2016,recap,Thu,2015,Bulls,Spurs,away,101-109,2&1,14.0,201.5,-8,6.0,8.5,7.2,1.2,L,W,O,0
