Date,Link,Day,Season,Team,Opp,Site,Final,Rest,Line,Total,SUm,ATSm,OUm,DPS,DPA,SUr,ATSr,OUr,"ot
Dec","27,",2016,recap,Tue,2016,Celtics,Grizzlies,home,113-103,1&0,-7.0,198.5,10,3.0,17.5,10.2,7.2,W,W,O,"0
Dec","27,",2016,recap,Tue,2016,Grizzlies,Celtics,away,103-113,0&1,7.0,198.5,-10,-3.0,17.5,7.2,10.2,L,L,O,"0
Dec","27,",2016,recap,Tue,2016,Heat,Thunder,home,94-106,3&1,5.0,203.0,-12,-7.0,-3.0,-5.0,2.0,L,L,U,"0
Dec","27,",2016,recap,Tue,2016,Thunder,Heat,away,106-94,1&3,-5.0,203.0,12,7.0,-3.0,2.0,-5.0,W,W,U,"0
Dec","27,",2016,recap,Tue,2016,Lakers,Jazz,home,100-102,1&3,4.5,204.5,-2,2.5,-2.5,0.0,-2.5,L,W,U,"0
Dec","27,",2016,recap,Tue,2016,Jazz,Lakers,away,102-100,3&1,-4.5,204.5,2,-2.5,-2.5,-2.5,0.0,W,L,U,"0
Dec","27,",2016,recap,Tue,2016,Mavericks,Rockets,home,107-123,0&0,6.5,211.0,-16,-9.5,19.0,4.8,14.2,L,L,O,"0
Dec","27,",2016,recap,Tue,2016,Rockets,Mavericks,away,123-107,0&0,-6.5,211.0,16,9.5,19.0,14.2,4.8,W,W,O,0
