Date,Link,Day,Season,Team,Opp,Site,Final,Rest,Line,Total,SUm,ATSm,OUm,DPS,DPA,SUr,ATSr,OUr,"ot
Mar","28,",2016,recap,Mon,2015,Bulls,Hawks,home,100-102,1&1,3.0,205.5,-2,1.0,-3.5,-1.2,-2.2,L,W,U,"0
Mar","28,",2016,recap,Mon,2015,Hawks,Bulls,away,102-100,1&1,-3.0,205.5,2,-1.0,-3.5,-2.2,-1.2,W,L,U,"0
Mar","28,",2016,recap,Mon,2015,Clippers,Celtics,home,114-90,0&1,-4.0,209.0,24,20.0,-5.0,7.5,-12.5,W,W,U,"0
Mar","28,",2016,recap,Mon,2015,Celtics,Clippers,away,90-114,1&0,4.0,209.0,-24,-20.0,-5.0,-12.5,7.5,L,L,U,"0
Mar","28,",2016,recap,Mon,2015,Grizzlies,Spurs,home,87-101,2&1,6.5,191.5,-14,-7.5,-3.5,-5.5,2.0,L,L,U,"0
Mar","28,",2016,recap,Mon,2015,Spurs,Grizzlies,away,101-87,1&2,-6.5,191.5,14,7.5,-3.5,2.0,-5.5,W,W,U,"0
Mar","28,",2016,recap,Mon,2015,Heat,Nets,home,110-99,2&1,-9.5,212.0,11,1.5,-3.0,-0.8,-2.2,W,W,U,"0
Mar","28,",2016,recap,Mon,2015,Nets,Heat,away,99-110,1&2,9.5,212.0,-11,-1.5,-3.0,-2.2,-0.8,L,L,U,"0
Mar","28,",2016,recap,Mon,2015,Jazz,Lakers,home,123-75,1&0,-14.0,191.0,48,34.0,7.0,20.5,-13.5,W,W,O,"0
Mar","28,",2016,recap,Mon,2015,Lakers,Jazz,away,75-123,0&1,14.0,191.0,-48,-34.0,7.0,-13.5,20.5,L,L,O,"0
Mar","28,",2016,recap,Mon,2015,Nuggets,Mavericks,home,88-97,0&0,-1.5,211.5,-9,-10.5,-26.5,-18.5,-8.0,L,L,U,"0
Mar","28,",2016,recap,Mon,2015,Mavericks,Nuggets,away,97-88,0&0,1.5,211.5,9,10.5,-26.5,-8.0,-18.5,W,W,U,"0
Mar","28,",2016,recap,Mon,2015,Pelicans,Knicks,home,99-91,1&1,5.0,202.0,8,13.0,-12.0,0.5,-12.5,W,W,U,"0
Mar","28,",2016,recap,Mon,2015,Knicks,Pelicans,away,91-99,1&1,-5.0,202.0,-8,-13.0,-12.0,-12.5,0.5,L,L,U,"0
Mar","28,",2016,recap,Mon,2015,Raptors,Thunder,home,100-119,1&1,3.0,211.0,-19,-16.0,8.0,-4.0,12.0,L,L,O,"0
Mar","28,",2016,recap,Mon,2015,Thunder,Raptors,away,119-100,1&1,-3.0,211.0,19,16.0,8.0,12.0,-4.0,W,W,O,"0
Mar","28,",2016,recap,Mon,2015,Timberwolves,Suns,home,121-116,1&1,-6.5,218.5,5,-1.5,18.5,8.5,10.0,W,L,O,"0
Mar","28,",2016,recap,Mon,2015,Suns,Timberwolves,away,116-121,1&1,6.5,218.5,-5,1.5,18.5,10.0,8.5,L,W,O,"0
Mar","28,",2016,recap,Mon,2015,Trailblazers,Kings,home,105-93,1&0,-11.5,220.0,12,0.5,-22.0,-10.8,-11.2,W,W,U,"0
Mar","28,",2016,recap,Mon,2015,Kings,Trailblazers,away,93-105,0&1,11.5,220.0,-12,-0.5,-22.0,-11.2,-10.8,L,L,U,0
