Date,Link,Day,Season,Team,Opp,Site,Final,Rest,Line,Total,SUm,ATSm,OUm,DPS,DPA,SUr,ATSr,OUr,"ot
Apr","10,",2016,recap,Sun,2015,Clippers,Mavericks,home,98-91,1&1,-6.0,195.0,7,1.0,-6.0,-2.5,-3.5,W,W,U,"0
Apr","10,",2016,recap,Sun,2015,Mavericks,Clippers,away,91-98,1&1,6.0,195.0,-7,-1.0,-6.0,-3.5,-2.5,L,L,U,"0
Apr","10,",2016,recap,Sun,2015,Heat,Magic,home,118-96,1&1,-9.5,211.5,22,12.5,2.5,7.5,-5.0,W,W,O,"0
Apr","10,",2016,recap,Sun,2015,Magic,Heat,away,96-118,1&1,9.5,211.5,-22,-12.5,2.5,-5.0,7.5,L,L,O,"0
Apr","10,",2016,recap,Sun,2015,Knicks,Raptors,home,89-93,1&1,5.0,195.0,-4,1.0,-13.0,-6.0,-7.0,L,W,U,"0
Apr","10,",2016,recap,Sun,2015,Raptors,Knicks,away,93-89,1&1,-5.0,195.0,4,-1.0,-13.0,-7.0,-6.0,W,L,U,"0
Apr","10,",2016,recap,Sun,2015,Nuggets,Jazz,home,84-100,1&1,7.0,192.0,-16,-9.0,-8.0,-8.5,0.5,L,L,U,"0
Apr","10,",2016,recap,Sun,2015,Jazz,Nuggets,away,100-84,1&1,-7.0,192.0,16,9.0,-8.0,0.5,-8.5,W,W,U,"0
Apr","10,",2016,recap,Sun,2015,Pacers,Nets,home,129-105,1&1,-14.0,204.0,24,10.0,30.0,20.0,10.0,W,W,O,"0
Apr","10,",2016,recap,Sun,2015,Nets,Pacers,away,105-129,1&1,14.0,204.0,-24,-10.0,30.0,10.0,20.0,L,L,O,"0
Apr","10,",2016,recap,Sun,2015,Rockets,Lakers,home,130-110,2&1,-14.5,213.0,20,5.5,27.0,16.2,10.8,W,W,O,"0
Apr","10,",2016,recap,Sun,2015,Lakers,Rockets,away,110-130,1&2,14.5,213.0,-20,-5.5,27.0,10.8,16.2,L,L,O,"0
Apr","10,",2016,recap,Sun,2015,Seventysixers,Bucks,home,108-109,1&1,3.0,205.0,-1,2.0,12.0,7.0,5.0,L,W,O,"1
Apr","10,",2016,recap,Sun,2015,Bucks,Seventysixers,away,109-108,1&1,-3.0,205.0,1,-2.0,12.0,5.0,7.0,W,L,O,"1
Apr","10,",2016,recap,Sun,2015,Spurs,Warriors,home,86-92,1&0,-4.0,205.0,-6,-10.0,-27.0,-18.5,-8.5,L,L,U,"0
Apr","10,",2016,recap,Sun,2015,Warriors,Spurs,away,92-86,0&1,4.0,205.0,6,10.0,-27.0,-8.5,-18.5,W,W,U,"0
Apr","10,",2016,recap,Sun,2015,Wizards,Hornets,home,113-98,1&1,5.5,206.5,15,20.5,4.5,12.5,-8.0,W,W,O,"0
Apr","10,",2016,recap,Sun,2015,Hornets,Wizards,away,98-113,1&1,-5.5,206.5,-15,-20.5,4.5,-8.0,12.5,L,L,O,0
