Date,Link,Day,Season,Team,Opp,Site,Final,Rest,Line,Total,SUm,ATSm,OUm,DPS,DPA,SUr,ATSr,OUr,"ot
Feb","27,",2016,recap,Sat,2015,Bucks,Pistons,home,91-102,1&2,-1.0,202.5,-11,-12.0,-9.5,-10.8,1.2,L,L,U,"0
Feb","27,",2016,recap,Sat,2015,Pistons,Bucks,away,102-91,2&1,1.0,202.5,11,12.0,-9.5,1.2,-10.8,W,W,U,"0
Feb","27,",2016,recap,Sat,2015,Bulls,Trailblazers,home,95-103,0&1,4.0,209.5,-8,-4.0,-11.5,-7.8,-3.8,L,L,U,"0
Feb","27,",2016,recap,Sat,2015,Trailblazers,Bulls,away,103-95,1&0,-4.0,209.5,8,4.0,-11.5,-3.8,-7.8,W,W,U,"0
Feb","27,",2016,recap,Sat,2015,Celtics,Heat,home,101-89,1&2,-5.5,211.0,12,6.5,-21.0,-7.2,-13.8,W,W,U,"0
Feb","27,",2016,recap,Sat,2015,Heat,Celtics,away,89-101,2&1,5.5,211.0,-12,-6.5,-21.0,-13.8,-7.2,L,L,U,"0
Feb","27,",2016,recap,Sat,2015,Jazz,Nets,home,96-98,1&1,-11.0,196.5,-2,-13.0,-2.5,-7.8,5.2,L,L,U,"0
Feb","27,",2016,recap,Sat,2015,Nets,Jazz,away,98-96,1&1,11.0,196.5,2,13.0,-2.5,5.2,-7.8,W,W,U,"0
Feb","27,",2016,recap,Sat,2015,Pelicans,Timberwolves,home,110-112,1&2,-2.5,219.0,-2,-4.5,3.0,-0.8,3.8,L,L,O,"0
Feb","27,",2016,recap,Sat,2015,Timberwolves,Pelicans,away,112-110,2&1,2.5,219.0,2,4.5,3.0,3.8,-0.8,W,W,O,"0
Feb","27,",2016,recap,Sat,2015,Rockets,Spurs,home,94-104,1&1,6.0,213.5,-10,-4.0,-15.5,-9.8,-5.8,L,L,U,"0
Feb","27,",2016,recap,Sat,2015,Spurs,Rockets,away,104-94,1&1,-6.0,213.5,10,4.0,-15.5,-5.8,-9.8,W,W,U,"0
Feb","27,",2016,recap,Sat,2015,Suns,Grizzlies,home,111-106,1&0,6.0,208.0,5,11.0,9.0,10.0,-1.0,W,W,O,"0
Feb","27,",2016,recap,Sat,2015,Grizzlies,Suns,away,106-111,0&1,-6.0,208.0,-5,-11.0,9.0,-1.0,10.0,L,L,O,"0
Feb","27,",2016,recap,Sat,2015,Thunder,Warriors,home,118-121,1&1,3.0,233.5,-3,0.0,5.5,2.8,2.8,L,P,O,"1
Feb","27,",2016,recap,Sat,2015,Warriors,Thunder,away,121-118,1&1,-3.0,233.5,3,0.0,5.5,2.8,2.8,W,P,O,1
