Date,Link,Day,Season,Team,Opp,Site,Final,Rest,Line,Total,SUm,ATSm,OUm,DPS,DPA,SUr,ATSr,OUr,"ot
Nov","25,",2016,recap,Fri,2016,Bucks,Raptors,home,99-105,3&1,3.0,209.0,-6,-3.0,-5.0,-4.0,-1.0,L,L,U,"0
Nov","25,",2016,recap,Fri,2016,Raptors,Bucks,away,105-99,1&3,-3.0,209.0,6,3.0,-5.0,-1.0,-4.0,W,W,U,"0
Nov","25,",2016,recap,Fri,2016,Cavaliers,Mavericks,home,128-90,1&1,-14.5,202.5,38,23.5,15.5,19.5,-4.0,W,W,O,"0
Nov","25,",2016,recap,Fri,2016,Mavericks,Cavaliers,away,90-128,1&1,14.5,202.5,-38,-23.5,15.5,-4.0,19.5,L,L,O,"0
Nov","25,",2016,recap,Fri,2016,Celtics,Spurs,home,103-109,1&1,3.0,201.5,-6,-3.0,10.5,3.8,6.8,L,L,O,"0
Nov","25,",2016,recap,Fri,2016,Spurs,Celtics,away,109-103,1&1,-3.0,201.5,6,3.0,10.5,6.8,3.8,W,W,O,"0
Nov","25,",2016,recap,Fri,2016,Grizzlies,Heat,home,81-90,1&1,-5.0,185.0,-9,-14.0,-14.0,-14.0,0.0,L,L,U,"0
Nov","25,",2016,recap,Fri,2016,Heat,Grizzlies,away,90-81,1&1,5.0,185.0,9,14.0,-14.0,0.0,-14.0,W,W,U,"0
Nov","25,",2016,recap,Fri,2016,Jazz,Hawks,home,95-68,1&1,-3.5,194.0,27,23.5,-31.0,-3.8,-27.2,W,W,U,"0
Nov","25,",2016,recap,Fri,2016,Hawks,Jazz,away,68-95,1&1,3.5,194.0,-27,-23.5,-31.0,-27.2,-3.8,L,L,U,"0
Nov","25,",2016,recap,Fri,2016,Kings,Rockets,home,104-117,1&1,3.5,216.0,-13,-9.5,5.0,-2.2,7.2,L,L,O,"0
Nov","25,",2016,recap,Fri,2016,Rockets,Kings,away,117-104,1&1,-3.5,216.0,13,9.5,5.0,7.2,-2.2,W,W,O,"0
Nov","25,",2016,recap,Fri,2016,Knicks,Hornets,home,113-111,2&1,1.5,210.5,2,3.5,13.5,8.5,5.0,W,W,O,"1
Nov","25,",2016,recap,Fri,2016,Hornets,Knicks,away,111-113,1&2,-1.5,210.5,-2,-3.5,13.5,5.0,8.5,L,L,O,"1
Nov","25,",2016,recap,Fri,2016,Lakers,Warriors,home,85-109,1&1,13.0,229.5,-24,-11.0,-35.5,-23.2,-12.2,L,L,U,"0
Nov","25,",2016,recap,Fri,2016,Warriors,Lakers,away,109-85,1&1,-13.0,229.5,24,11.0,-35.5,-12.2,-23.2,W,W,U,"0
Nov","25,",2016,recap,Fri,2016,Magic,Wizards,home,91-94,1&3,2.0,199.0,-3,-1.0,-14.0,-7.5,-6.5,L,L,U,"0
Nov","25,",2016,recap,Fri,2016,Wizards,Magic,away,94-91,3&1,-2.0,199.0,3,1.0,-14.0,-6.5,-7.5,W,W,U,"0
Nov","25,",2016,recap,Fri,2016,Nuggets,Thunder,home,129-132,1&1,2.5,214.5,-3,-0.5,46.5,23.0,23.5,L,L,O,"1
Nov","25,",2016,recap,Fri,2016,Thunder,Nuggets,away,132-129,1&1,-2.5,214.5,3,0.5,46.5,23.5,23.0,W,W,O,"1
Nov","25,",2016,recap,Fri,2016,Pacers,Nets,home,118-97,1&1,-8.0,215.0,21,13.0,0.0,6.5,-6.5,W,W,P,"0
Nov","25,",2016,recap,Fri,2016,Nets,Pacers,away,97-118,1&1,8.0,215.0,-21,-13.0,0.0,-6.5,6.5,L,L,P,"0
Nov","25,",2016,recap,Fri,2016,Pistons,Clippers,home,108-97,1&1,6.5,200.5,11,17.5,4.5,11.0,-6.5,W,W,O,"0
Nov","25,",2016,recap,Fri,2016,Clippers,Pistons,away,97-108,1&1,-6.5,200.5,-11,-17.5,4.5,-6.5,11.0,L,L,O,"0
Nov","25,",2016,recap,Fri,2016,Seventysixers,Bulls,home,89-105,1&2,9.0,204.0,-16,-7.0,-10.0,-8.5,-1.5,L,L,U,"0
Nov","25,",2016,recap,Fri,2016,Bulls,Seventysixers,away,105-89,2&1,-9.0,204.0,16,7.0,-10.0,-1.5,-8.5,W,W,U,"0
Nov","25,",2016,recap,Fri,2016,Suns,Timberwolves,home,85-98,1&1,2.0,213.5,-13,-11.0,-30.5,-20.8,-9.8,L,L,U,"0
Nov","25,",2016,recap,Fri,2016,Timberwolves,Suns,away,98-85,1&1,-2.0,213.5,13,11.0,-30.5,-9.8,-20.8,W,W,U,"0
Nov","25,",2016,recap,Fri,2016,Trailblazers,Pelicans,home,119-104,1&1,-4.5,218.5,15,10.5,4.5,7.5,-3.0,W,W,O,"0
Nov","25,",2016,recap,Fri,2016,Pelicans,Trailblazers,away,104-119,1&1,4.5,218.5,-15,-10.5,4.5,-3.0,7.5,L,L,O,0
