Date,Link,Day,Season,Team,Opp,Site,Final,Rest,Line,Total,SUm,ATSm,OUm,DPS,DPA,SUr,ATSr,OUr,"ot
Feb","22,",2016,recap,Mon,2015,Bucks,Lakers,home,108-101,1&0,-8.5,209.0,7,-1.5,0.0,-0.8,0.8,W,L,P,"0
Feb","22,",2016,recap,Mon,2015,Lakers,Bucks,away,101-108,0&1,8.5,209.0,-7,1.5,0.0,0.8,-0.8,L,W,P,"0
Feb","22,",2016,recap,Mon,2015,Cavaliers,Pistons,home,88-96,0&0,-8.5,206.5,-8,-16.5,-22.5,-19.5,-3.0,L,L,U,"0
Feb","22,",2016,recap,Mon,2015,Pistons,Cavaliers,away,96-88,0&0,8.5,206.5,8,16.5,-22.5,-3.0,-19.5,W,W,U,"0
Feb","22,",2016,recap,Mon,2015,Clippers,Suns,home,124-84,1&0,-16.0,210.0,40,24.0,-2.0,11.0,-13.0,W,W,U,"0
Feb","22,",2016,recap,Mon,2015,Suns,Clippers,away,84-124,0&1,16.0,210.0,-40,-24.0,-2.0,-13.0,11.0,L,L,U,"0
Feb","22,",2016,recap,Mon,2015,Hawks,Warriors,home,92-102,1&1,7.0,225.0,-10,-3.0,-31.0,-17.0,-14.0,L,L,U,"0
Feb","22,",2016,recap,Mon,2015,Warriors,Hawks,away,102-92,1&1,-7.0,225.0,10,3.0,-31.0,-14.0,-17.0,W,W,U,"0
Feb","22,",2016,recap,Mon,2015,Heat,Pacers,home,101-93,1&0,-2.0,202.5,8,6.0,-8.5,-1.2,-7.2,W,W,U,"1
Feb","22,",2016,recap,Mon,2015,Pacers,Heat,away,93-101,0&1,2.0,202.5,-8,-6.0,-8.5,-7.2,-1.2,L,L,U,"1
Feb","22,",2016,recap,Mon,2015,Knicks,Raptors,home,95-122,1&0,4.0,203.0,-27,-23.0,14.0,-4.5,18.5,L,L,O,"0
Feb","22,",2016,recap,Mon,2015,Raptors,Knicks,away,122-95,0&1,-4.0,203.0,27,23.0,14.0,18.5,-4.5,W,W,O,"0
Feb","22,",2016,recap,Mon,2015,Timberwolves,Celtics,home,124-122,1&0,4.0,217.5,2,6.0,28.5,17.2,11.2,W,W,O,"0
Feb","22,",2016,recap,Mon,2015,Celtics,Timberwolves,away,122-124,0&1,-4.0,217.5,-2,-6.0,28.5,11.2,17.2,L,L,O,0
