Date,Link,Day,Season,Team,Opp,Site,Final,Rest,Line,Total,SUm,ATSm,OUm,DPS,DPA,SUr,ATSr,OUr,"ot
Jan","28,",2016,recap,Thu,2015,Grizzlies,Bucks,home,103-83,2&1,-5.0,193.0,20,15.0,-7.0,4.0,-11.0,W,W,U,"0
Jan","28,",2016,recap,Thu,2015,Bucks,Grizzlies,away,83-103,1&2,5.0,193.0,-20,-15.0,-7.0,-11.0,4.0,L,L,U,"0
Jan","28,",2016,recap,Thu,2015,Lakers,Bulls,home,91-114,1&2,9.0,200.5,-23,-14.0,4.5,-4.8,9.2,L,L,O,"0
Jan","28,",2016,recap,Thu,2015,Bulls,Lakers,away,114-91,2&1,-9.0,200.5,23,14.0,4.5,9.2,-4.8,W,W,O,"0
Jan","28,",2016,recap,Thu,2015,Pacers,Hawks,home,111-92,1&0,-3.0,203.0,19,16.0,0.0,8.0,-8.0,W,W,P,"0
Jan","28,",2016,recap,Thu,2015,Hawks,Pacers,away,92-111,0&1,3.0,203.0,-19,-16.0,0.0,-8.0,8.0,L,L,P,"0
Jan","28,",2016,recap,Thu,2015,Pelicans,Kings,home,114-105,2&1,4.0,216.0,9,13.0,3.0,8.0,-5.0,W,W,O,"0
Jan","28,",2016,recap,Thu,2015,Kings,Pelicans,away,105-114,1&2,-4.0,216.0,-9,-13.0,3.0,-5.0,8.0,L,L,O,"0
Jan","28,",2016,recap,Thu,2015,Raptors,Knicks,home,103-93,1&1,-10.0,199.5,10,0.0,-3.5,-1.8,-1.8,W,P,U,"0
Jan","28,",2016,recap,Thu,2015,Knicks,Raptors,away,93-103,1&1,10.0,199.5,-10,0.0,-3.5,-1.8,-1.8,L,P,U,"0
Jan","28,",2016,recap,Thu,2015,Wizards,Nuggets,home,113-117,1&0,-7.0,211.0,-4,-11.0,19.0,4.0,15.0,L,L,O,"0
Jan","28,",2016,recap,Thu,2015,Nuggets,Wizards,away,117-113,0&1,7.0,211.0,4,11.0,19.0,15.0,4.0,W,W,O,0
