Date,Link,Day,Season,Team,Opp,Site,Final,Rest,Line,Total,SUm,ATSm,OUm,DPS,DPA,SUr,ATSr,OUr,"ot
Dec","22,",2016,recap,Thu,2016,Clippers,Spurs,home,106-101,1&1,1.0,205.0,5,6.0,2.0,4.0,-2.0,W,W,O,"0
Dec","22,",2016,recap,Thu,2016,Spurs,Clippers,away,101-106,1&1,-1.0,205.0,-5,-6.0,2.0,-2.0,4.0,L,L,O,"0
Dec","22,",2016,recap,Thu,2016,Heat,Lakers,home,115-107,1&1,-5.5,212.0,8,2.5,10.0,6.2,3.8,W,W,O,"0
Dec","22,",2016,recap,Thu,2016,Lakers,Heat,away,107-115,1&1,5.5,212.0,-8,-2.5,10.0,3.8,6.2,L,L,O,"0
Dec","22,",2016,recap,Thu,2016,Knicks,Magic,home,106-95,1&1,-5.0,211.0,11,6.0,-10.0,-2.0,-8.0,W,W,U,"0
Dec","22,",2016,recap,Thu,2016,Magic,Knicks,away,95-106,1&1,5.0,211.0,-11,-6.0,-10.0,-8.0,-2.0,L,L,U,"0
Dec","22,",2016,recap,Thu,2016,Nets,Warriors,home,101-117,1&1,13.5,230.0,-16,-2.5,-12.0,-7.2,-4.8,L,L,U,"0
Dec","22,",2016,recap,Thu,2016,Warriors,Nets,away,117-101,1&1,-13.5,230.0,16,2.5,-12.0,-4.8,-7.2,W,W,U,"0
Dec","22,",2016,recap,Thu,2016,Pacers,Celtics,home,102-109,1&1,1.5,210.0,-7,-5.5,1.0,-2.2,3.2,L,L,O,"0
Dec","22,",2016,recap,Thu,2016,Celtics,Pacers,away,109-102,1&1,-1.5,210.0,7,5.5,1.0,3.2,-2.2,W,W,O,0
