Date,Link,Day,Season,Team,Opp,Site,Final,Rest,Line,Total,SUm,ATSm,OUm,DPS,DPA,SUr,ATSr,OUr,"ot
Mar","24,",2016,recap,Thu,2015,Clippers,Trailblazers,home,96-94,0&0,-5.5,213.5,2,-3.5,-23.5,-13.5,-10.0,W,L,U,"0
Mar","24,",2016,recap,Thu,2015,Trailblazers,Clippers,away,94-96,0&0,5.5,213.5,-2,3.5,-23.5,-10.0,-13.5,L,W,U,"0
Mar","24,",2016,recap,Thu,2015,Knicks,Bulls,home,106-94,0&0,3.5,203.0,12,15.5,-3.0,6.2,-9.2,W,W,U,"0
Mar","24,",2016,recap,Thu,2015,Bulls,Knicks,away,94-106,0&0,-3.5,203.0,-12,-15.5,-3.0,-9.2,6.2,L,L,U,"0
Mar","24,",2016,recap,Thu,2015,Nets,Cavaliers,home,104-95,1&0,8.5,208.5,9,17.5,-9.5,4.0,-13.5,W,W,U,"0
Mar","24,",2016,recap,Thu,2015,Cavaliers,Nets,away,95-104,0&1,-8.5,208.5,-9,-17.5,-9.5,-13.5,4.0,L,L,U,"0
Mar","24,",2016,recap,Thu,2015,Pacers,Pelicans,home,92-84,2&1,-13.5,204.0,8,-5.5,-28.0,-16.8,-11.2,W,L,U,"0
Mar","24,",2016,recap,Thu,2015,Pelicans,Pacers,away,84-92,1&2,13.5,204.0,-8,5.5,-28.0,-11.2,-16.8,L,W,U,"0
Mar","24,",2016,recap,Thu,2015,Thunder,Jazz,home,113-91,1&0,-9.5,199.0,22,12.5,5.0,8.8,-3.8,W,W,O,"0
Mar","24,",2016,recap,Thu,2015,Jazz,Thunder,away,91-113,0&1,9.5,199.0,-22,-12.5,5.0,-3.8,8.8,L,L,O,0
