Date,Link,Day,Season,Team,Opp,Site,Final,Rest,Line,Total,SUm,ATSm,OUm,DPS,DPA,SUr,ATSr,OUr,"ot
Jan","30,",2016,recap,Sat,2015,Cavaliers,Spurs,home,117-103,0&2,1.0,205.0,14,15.0,15.0,15.0,0.0,W,W,O,"0
Jan","30,",2016,recap,Sat,2015,Spurs,Cavaliers,away,103-117,2&0,-1.0,205.0,-14,-15.0,15.0,0.0,15.0,L,L,O,"0
Jan","30,",2016,recap,Sat,2015,Grizzlies,Kings,home,121-117,1&1,-4.0,206.0,4,0.0,32.0,16.0,16.0,W,P,O,"0
Jan","30,",2016,recap,Sat,2015,Kings,Grizzlies,away,117-121,1&1,4.0,206.0,-4,0.0,32.0,16.0,16.0,L,P,O,"0
Jan","30,",2016,recap,Sat,2015,Pacers,Nuggets,home,109-105,1&1,-9.0,208.0,4,-5.0,6.0,0.5,5.5,W,L,O,"1
Jan","30,",2016,recap,Sat,2015,Nuggets,Pacers,away,105-109,1&1,9.0,208.0,-4,5.0,6.0,5.5,0.5,L,W,O,"1
Jan","30,",2016,recap,Sat,2015,Pelicans,Nets,home,105-103,1&0,-8.0,206.0,2,-6.0,2.0,-2.0,4.0,W,L,O,"0
Jan","30,",2016,recap,Sat,2015,Nets,Pelicans,away,103-105,0&1,8.0,206.0,-2,6.0,2.0,4.0,-2.0,L,W,O,"0
Jan","30,",2016,recap,Sat,2015,Raptors,Pistons,home,111-107,1&0,-7.0,204.0,4,-3.0,14.0,5.5,8.5,W,L,O,"0
Jan","30,",2016,recap,Sat,2015,Pistons,Raptors,away,107-111,0&1,7.0,204.0,-4,3.0,14.0,8.5,5.5,L,W,O,"0
Jan","30,",2016,recap,Sat,2015,Rockets,Wizards,home,122-123,0&1,-4.0,219.0,-1,-5.0,26.0,10.5,15.5,L,L,O,"0
Jan","30,",2016,recap,Sat,2015,Wizards,Rockets,away,123-122,1&0,4.0,219.0,1,5.0,26.0,15.5,10.5,W,W,O,"0
Jan","30,",2016,recap,Sat,2015,Seventysixers,Warriors,home,105-108,2&2,17.0,218.0,-3,14.0,-5.0,4.5,-9.5,L,W,U,"0
Jan","30,",2016,recap,Sat,2015,Warriors,Seventysixers,away,108-105,2&2,-17.0,218.0,3,-14.0,-5.0,-9.5,4.5,W,L,U,0
