Date,Link,Day,Season,Team,Opp,Site,Final,Rest,Line,Total,SUm,ATSm,OUm,DPS,DPA,SUr,ATSr,OUr,"ot
Nov","18,",2016,recap,Fri,2016,Cavaliers,Pistons,home,104-81,1&1,-9.0,203.0,23,14.0,-18.0,-2.0,-16.0,W,W,U,"0
Nov","18,",2016,recap,Fri,2016,Pistons,Cavaliers,away,81-104,1&1,9.0,203.0,-23,-14.0,-18.0,-16.0,-2.0,L,L,U,"0
Nov","18,",2016,recap,Fri,2016,Celtics,Warriors,home,88-104,1&1,8.5,225.0,-16,-7.5,-33.0,-20.2,-12.8,L,L,U,"0
Nov","18,",2016,recap,Fri,2016,Warriors,Celtics,away,104-88,1&1,-8.5,225.0,16,7.5,-33.0,-12.8,-20.2,W,W,U,"0
Nov","18,",2016,recap,Fri,2016,Hornets,Hawks,home,100-96,2&1,-2.5,206.0,4,1.5,-10.0,-4.2,-5.8,W,W,U,"0
Nov","18,",2016,recap,Fri,2016,Hawks,Hornets,away,96-100,1&2,2.5,206.0,-4,-1.5,-10.0,-5.8,-4.2,L,L,U,"0
Nov","18,",2016,recap,Fri,2016,Kings,Clippers,home,115-121,1&1,8.0,204.5,-6,2.0,31.5,16.8,14.8,L,W,O,"0
Nov","18,",2016,recap,Fri,2016,Clippers,Kings,away,121-115,1&1,-8.0,204.5,6,-2.0,31.5,14.8,16.8,W,L,O,"0
Nov","18,",2016,recap,Fri,2016,Lakers,Spurs,home,107-116,2&1,7.0,210.5,-9,-2.0,12.5,5.2,7.2,L,L,O,"0
Nov","18,",2016,recap,Fri,2016,Spurs,Lakers,away,116-107,1&2,-7.0,210.5,9,2.0,12.5,7.2,5.2,W,W,O,"0
Nov","18,",2016,recap,Fri,2016,Mavericks,Grizzlies,home,64-80,1&1,3.5,185.5,-16,-12.5,-41.5,-27.0,-14.5,L,L,U,"0
Nov","18,",2016,recap,Fri,2016,Grizzlies,Mavericks,away,80-64,1&1,-3.5,185.5,16,12.5,-41.5,-14.5,-27.0,W,W,U,"0
Nov","18,",2016,recap,Fri,2016,Nuggets,Raptors,home,111-113,1&1,3.0,216.0,-2,1.0,8.0,4.5,3.5,L,W,O,"1
Nov","18,",2016,recap,Fri,2016,Raptors,Nuggets,away,113-111,1&1,-3.0,216.0,2,-1.0,8.0,3.5,4.5,W,L,O,"1
Nov","18,",2016,recap,Fri,2016,Pacers,Suns,home,96-116,1&1,-4.5,217.0,-20,-24.5,-5.0,-14.8,9.8,L,L,U,"0
Nov","18,",2016,recap,Fri,2016,Suns,Pacers,away,116-96,1&1,4.5,217.0,20,24.5,-5.0,9.8,-14.8,W,W,U,"0
Nov","18,",2016,recap,Fri,2016,Pelicans,Trailblazers,home,113-101,1&0,1.0,214.0,12,13.0,0.0,6.5,-6.5,W,W,P,"0
Nov","18,",2016,recap,Fri,2016,Trailblazers,Pelicans,away,101-113,0&1,-1.0,214.0,-12,-13.0,0.0,-6.5,6.5,L,L,P,"0
Nov","18,",2016,recap,Fri,2016,Thunder,Nets,home,124-105,1&2,-9.5,218.0,19,9.5,11.0,10.2,0.8,W,W,O,"0
Nov","18,",2016,recap,Fri,2016,Nets,Thunder,away,105-124,2&1,9.5,218.0,-19,-9.5,11.0,0.8,10.2,L,L,O,0
