Date,Link,Day,Season,Team,Opp,Site,Final,Rest,Line,Total,SUm,ATSm,OUm,DPS,DPA,SUr,ATSr,OUr,"ot
Jan","31,",2016,recap,Sun,2015,Clippers,Bulls,home,120-93,1&2,-5.5,203.0,27,21.5,10.0,15.8,-5.8,W,W,O,"0
Jan","31,",2016,recap,Sun,2015,Bulls,Clippers,away,93-120,2&1,5.5,203.0,-27,-21.5,10.0,-5.8,15.8,L,L,O,"0
Jan","31,",2016,recap,Sun,2015,Heat,Hawks,home,105-87,1&2,1.0,195.0,18,19.0,-3.0,8.0,-11.0,W,W,U,"0
Jan","31,",2016,recap,Sun,2015,Hawks,Heat,away,87-105,2&1,-1.0,195.0,-18,-19.0,-3.0,-11.0,8.0,L,L,U,"0
Jan","31,",2016,recap,Sun,2015,Knicks,Warriors,home,95-116,1&0,10.5,219.0,-21,-10.5,-8.0,-9.2,1.2,L,L,U,"0
Jan","31,",2016,recap,Sun,2015,Warriors,Knicks,away,116-95,0&1,-10.5,219.0,21,10.5,-8.0,1.2,-9.2,W,W,U,"0
Jan","31,",2016,recap,Sun,2015,Lakers,Hornets,home,82-101,1&1,4.0,201.0,-19,-15.0,-18.0,-16.5,-1.5,L,L,U,"0
Jan","31,",2016,recap,Sun,2015,Hornets,Lakers,away,101-82,1&1,-4.0,201.0,19,15.0,-18.0,-1.5,-16.5,W,W,U,"0
Jan","31,",2016,recap,Sun,2015,Magic,Celtics,home,119-114,1&1,4.0,204.5,5,9.0,28.5,18.8,9.8,W,W,O,"0
Jan","31,",2016,recap,Sun,2015,Celtics,Magic,away,114-119,1&1,-4.0,204.5,-5,-9.0,28.5,9.8,18.8,L,L,O,"0
Jan","31,",2016,recap,Sun,2015,Mavericks,Suns,home,91-78,1&1,-10.0,199.5,13,3.0,-30.5,-13.8,-16.8,W,W,U,"0
Jan","31,",2016,recap,Sun,2015,Suns,Mavericks,away,78-91,1&1,10.0,199.5,-13,-3.0,-30.5,-16.8,-13.8,L,L,U,"0
Jan","31,",2016,recap,Sun,2015,Trailblazers,Timberwolves,home,96-93,1&1,-6.5,208.5,3,-3.5,-19.5,-11.5,-8.0,W,L,U,"0
Jan","31,",2016,recap,Sun,2015,Timberwolves,Trailblazers,away,93-96,1&1,6.5,208.5,-3,3.5,-19.5,-8.0,-11.5,L,W,U,0
