Date,Link,Day,Season,Team,Opp,Site,Final,Rest,Line,Total,SUm,ATSm,OUm,DPS,DPA,SUr,ATSr,OUr,"ot
Feb","28,",2016,recap,Sun,2015,Hawks,Hornets,home,87-76,1&1,-4.0,201.5,11,7.0,-38.5,-15.8,-22.8,W,W,U,"0
Feb","28,",2016,recap,Sun,2015,Hornets,Hawks,away,76-87,1&1,4.0,201.5,-11,-7.0,-38.5,-22.8,-15.8,L,L,U,"0
Feb","28,",2016,recap,Sun,2015,Knicks,Heat,home,81-98,1&0,1.0,197.5,-17,-16.0,-18.5,-17.2,-1.2,L,L,U,"0
Feb","28,",2016,recap,Sun,2015,Heat,Knicks,away,98-81,0&1,-1.0,197.5,17,16.0,-18.5,-1.2,-17.2,W,W,U,"0
Feb","28,",2016,recap,Sun,2015,Magic,Seventysixers,home,130-116,1&1,-10.0,214.0,14,4.0,32.0,18.0,14.0,W,W,O,"0
Feb","28,",2016,recap,Sun,2015,Seventysixers,Magic,away,116-130,1&1,10.0,214.0,-14,-4.0,32.0,14.0,18.0,L,L,O,"0
Feb","28,",2016,recap,Sun,2015,Mavericks,Timberwolves,home,128-101,1&0,-7.5,213.0,27,19.5,16.0,17.8,-1.8,W,W,O,"0
Feb","28,",2016,recap,Sun,2015,Timberwolves,Mavericks,away,101-128,0&1,7.5,213.0,-27,-19.5,16.0,-1.8,17.8,L,L,O,"0
Feb","28,",2016,recap,Sun,2015,Pacers,Trailblazers,home,102-111,1&0,-5.0,209.0,-9,-14.0,4.0,-5.0,9.0,L,L,O,"0
Feb","28,",2016,recap,Sun,2015,Trailblazers,Pacers,away,111-102,0&1,5.0,209.0,9,14.0,4.0,9.0,-5.0,W,W,O,"0
Feb","28,",2016,recap,Sun,2015,Pistons,Raptors,home,114-101,0&1,-1.0,202.5,13,12.0,12.5,12.2,0.2,W,W,O,"0
Feb","28,",2016,recap,Sun,2015,Raptors,Pistons,away,101-114,1&0,1.0,202.5,-13,-12.0,12.5,0.2,12.2,L,L,O,"0
Feb","28,",2016,recap,Sun,2015,Wizards,Cavaliers,home,113-99,1&1,2.5,206.5,14,16.5,5.5,11.0,-5.5,W,W,O,"0
Feb","28,",2016,recap,Sun,2015,Cavaliers,Wizards,away,99-113,1&1,-2.5,206.5,-14,-16.5,5.5,-5.5,11.0,L,L,O,0
