Date,Link,Day,Season,Team,Opp,Site,Final,Rest,Line,Total,SUm,ATSm,OUm,DPS,DPA,SUr,ATSr,OUr,"ot
Dec","30,",2016,recap,Fri,2016,Celtics,Heat,home,117-114,0&0,-9.0,204.5,3,-6.0,26.5,10.2,16.2,W,L,O,"0
Dec","30,",2016,recap,Fri,2016,Heat,Celtics,away,114-117,0&0,9.0,204.5,-3,6.0,26.5,16.2,10.2,L,W,O,"0
Dec","30,",2016,recap,Fri,2016,Hawks,Pistons,home,105-98,1&1,-3.5,202.0,7,3.5,1.0,2.2,-1.2,W,W,O,"0
Dec","30,",2016,recap,Fri,2016,Pistons,Hawks,away,98-105,1&1,3.5,202.0,-7,-3.5,1.0,-1.2,2.2,L,L,O,"0
Dec","30,",2016,recap,Fri,2016,Nuggets,Seventysixers,home,122-124,1&0,-10.5,213.0,-2,-12.5,33.0,10.2,22.8,L,L,O,"0
Dec","30,",2016,recap,Fri,2016,Seventysixers,Nuggets,away,124-122,0&1,10.5,213.0,2,12.5,33.0,22.8,10.2,W,W,O,"0
Dec","30,",2016,recap,Fri,2016,Pacers,Bulls,home,111-101,1&1,-4.5,202.0,10,5.5,10.0,7.8,2.2,W,W,O,"0
Dec","30,",2016,recap,Fri,2016,Bulls,Pacers,away,101-111,1&1,4.5,202.0,-10,-5.5,10.0,2.2,7.8,L,L,O,"0
Dec","30,",2016,recap,Fri,2016,Pelicans,Knicks,home,104-92,1&1,-3.0,214.5,12,9.0,-18.5,-4.8,-13.8,W,W,U,"0
Dec","30,",2016,recap,Fri,2016,Knicks,Pelicans,away,92-104,1&1,3.0,214.5,-12,-9.0,-18.5,-13.8,-4.8,L,L,U,"0
Dec","30,",2016,recap,Fri,2016,Rockets,Clippers,home,140-116,2&1,-10.5,220.0,24,13.5,36.0,24.8,11.2,W,W,O,"0
Dec","30,",2016,recap,Fri,2016,Clippers,Rockets,away,116-140,1&2,10.5,220.0,-24,-13.5,36.0,11.2,24.8,L,L,O,"0
Dec","30,",2016,recap,Fri,2016,Spurs,Trailblazers,home,110-94,1&1,-12.0,204.5,16,4.0,-0.5,1.8,-2.2,W,W,U,"0
Dec","30,",2016,recap,Fri,2016,Trailblazers,Spurs,away,94-110,1&1,12.0,204.5,-16,-4.0,-0.5,-2.2,1.8,L,L,U,"0
Dec","30,",2016,recap,Fri,2016,Timberwolves,Bucks,home,116-99,1&1,-1.5,209.5,17,15.5,5.5,10.5,-5.0,W,W,O,"0
Dec","30,",2016,recap,Fri,2016,Bucks,Timberwolves,away,99-116,1&1,1.5,209.5,-17,-15.5,5.5,-5.0,10.5,L,L,O,"0
Dec","30,",2016,recap,Fri,2016,Warriors,Mavericks,home,108-99,1&0,-18.0,212.0,9,-9.0,-5.0,-7.0,2.0,W,L,U,"0
Dec","30,",2016,recap,Fri,2016,Mavericks,Warriors,away,99-108,0&1,18.0,212.0,-9,9.0,-5.0,2.0,-7.0,L,W,U,"0
Dec","30,",2016,recap,Fri,2016,Wizards,Nets,home,118-95,1&1,-8.5,220.0,23,14.5,-7.0,3.8,-10.8,W,W,U,"0
Dec","30,",2016,recap,Fri,2016,Nets,Wizards,away,95-118,1&1,8.5,220.0,-23,-14.5,-7.0,-10.8,3.8,L,L,U,0
