Date,Link,Day,Season,Team,Opp,Site,Final,Rest,Line,Total,SUm,ATSm,OUm,DPS,DPA,SUr,ATSr,OUr,"ot
Mar","14,",2016,recap,Mon,2015,Heat,Nuggets,home,124-119,1&1,-7.0,209.0,5,-2.0,34.0,16.0,18.0,W,L,O,"0
Mar","14,",2016,recap,Mon,2015,Nuggets,Heat,away,119-124,1&1,7.0,209.0,-5,2.0,34.0,18.0,16.0,L,W,O,"0
Mar","14,",2016,recap,Mon,2015,Hornets,Mavericks,home,96-107,1&1,-5.5,209.0,-11,-16.5,-6.0,-11.2,5.2,L,L,U,"0
Mar","14,",2016,recap,Mon,2015,Mavericks,Hornets,away,107-96,1&1,5.5,209.0,11,16.5,-6.0,5.2,-11.2,W,W,U,"0
Mar","14,",2016,recap,Mon,2015,Jazz,Cavaliers,home,94-85,0&0,5.5,194.0,9,14.5,-15.0,-0.2,-14.8,W,W,U,"0
Mar","14,",2016,recap,Mon,2015,Cavaliers,Jazz,away,85-94,0&0,-5.5,194.0,-9,-14.5,-15.0,-14.8,-0.2,L,L,U,"0
Mar","14,",2016,recap,Mon,2015,Raptors,Bulls,home,107-109,1&2,-9.0,206.0,-2,-11.0,10.0,-0.5,10.5,L,L,O,"0
Mar","14,",2016,recap,Mon,2015,Bulls,Raptors,away,109-107,2&1,9.0,206.0,2,11.0,10.0,10.5,-0.5,W,W,O,"0
Mar","14,",2016,recap,Mon,2015,Rockets,Grizzlies,home,130-81,1&1,-11.5,208.5,49,37.5,2.5,20.0,-17.5,W,W,O,"0
Mar","14,",2016,recap,Mon,2015,Grizzlies,Rockets,away,81-130,1&1,11.5,208.5,-49,-37.5,2.5,-17.5,20.0,L,L,O,"0
Mar","14,",2016,recap,Mon,2015,Suns,Timberwolves,home,107-104,1&2,0.0,220.5,3,3.0,-9.5,-3.2,-6.2,W,W,U,"0
Mar","14,",2016,recap,Mon,2015,Timberwolves,Suns,away,104-107,2&1,0.0,220.5,-3,-3.0,-9.5,-6.2,-3.2,L,L,U,"0
Mar","14,",2016,recap,Mon,2015,Thunder,Trailblazers,home,128-94,1&1,-8.0,220.5,34,26.0,1.5,13.8,-12.2,W,W,O,"0
Mar","14,",2016,recap,Mon,2015,Trailblazers,Thunder,away,94-128,1&1,8.0,220.5,-34,-26.0,1.5,-12.2,13.8,L,L,O,"0
Mar","14,",2016,recap,Mon,2015,Warriors,Pelicans,home,125-107,1&1,-15.5,230.5,18,2.5,1.5,2.0,-0.5,W,W,O,"0
Mar","14,",2016,recap,Mon,2015,Pelicans,Warriors,away,107-125,1&1,15.5,230.5,-18,-2.5,1.5,-0.5,2.0,L,L,O,"0
Mar","14,",2016,recap,Mon,2015,Wizards,Pistons,home,124-81,1&1,-2.0,210.0,43,41.0,-5.0,18.0,-23.0,W,W,U,"0
Mar","14,",2016,recap,Mon,2015,Pistons,Wizards,away,81-124,1&1,2.0,210.0,-43,-41.0,-5.0,-23.0,18.0,L,L,U,0
