Date,Link,Day,Season,Team,Opp,Site,Final,Rest,Line,Total,SUm,ATSm,OUm,DPS,DPA,SUr,ATSr,OUr,"ot
Nov","13,",2016,recap,Sun,2016,Cavaliers,Hornets,home,100-93,1&1,-7.5,208.5,7,-0.5,-15.5,-8.0,-7.5,W,L,U,"0
Nov","13,",2016,recap,Sun,2016,Hornets,Cavaliers,away,93-100,1&1,7.5,208.5,-7,0.5,-15.5,-7.5,-8.0,L,W,U,"0
Nov","13,",2016,recap,Sun,2016,Thunder,Magic,home,117-119,1&1,-9.0,204.0,-2,-11.0,32.0,10.5,21.5,L,L,O,"0
Nov","13,",2016,recap,Sun,2016,Magic,Thunder,away,119-117,1&1,9.0,204.0,2,11.0,32.0,21.5,10.5,W,W,O,"0
Nov","13,",2016,recap,Sun,2016,Timberwolves,Lakers,home,125-99,0&0,-2.0,215.0,26,24.0,9.0,16.5,-7.5,W,W,O,"0
Nov","13,",2016,recap,Sun,2016,Lakers,Timberwolves,away,99-125,0&0,2.0,215.0,-26,-24.0,9.0,-7.5,16.5,L,L,O,"0
Nov","13,",2016,recap,Sun,2016,Trailblazers,Nuggets,home,112-105,1&0,-7.5,216.5,7,-0.5,0.5,0.0,0.5,W,L,O,"0
Nov","13,",2016,recap,Sun,2016,Nuggets,Trailblazers,away,105-112,0&1,7.5,216.5,-7,0.5,0.5,0.5,0.0,L,W,O,"0
Nov","13,",2016,recap,Sun,2016,Warriors,Suns,home,133-120,2&0,-16.5,228.0,13,-3.5,25.0,10.8,14.2,W,L,O,"0
Nov","13,",2016,recap,Sun,2016,Suns,Warriors,away,120-133,0&2,16.5,228.0,-13,3.5,25.0,14.2,10.8,L,W,O,0
