Date,Link,Day,Season,Team,Opp,Site,Final,Rest,Line,Total,SUm,ATSm,OUm,DPS,DPA,SUr,ATSr,OUr,"ot
Dec","09,",2016,recap,Fri,2016,Bucks,Hawks,home,110-114,1&1,-2.5,208.0,-4,-6.5,16.0,4.8,11.2,L,L,O,"0
Dec","09,",2016,recap,Fri,2016,Hawks,Bucks,away,114-110,1&1,2.5,208.0,4,6.5,16.0,11.2,4.8,W,W,O,"0
Dec","09,",2016,recap,Fri,2016,Cavaliers,Heat,home,114-84,1&1,-12.5,207.5,30,17.5,-9.5,4.0,-13.5,W,W,U,"0
Dec","09,",2016,recap,Fri,2016,Heat,Cavaliers,away,84-114,1&1,12.5,207.5,-30,-17.5,-9.5,-13.5,4.0,L,L,U,"0
Dec","09,",2016,recap,Fri,2016,Celtics,Raptors,home,94-101,1&0,-1.5,207.5,-7,-8.5,-12.5,-10.5,-2.0,L,L,U,"0
Dec","09,",2016,recap,Fri,2016,Raptors,Celtics,away,101-94,0&1,1.5,207.5,7,8.5,-12.5,-2.0,-10.5,W,W,U,"0
Dec","09,",2016,recap,Fri,2016,Hornets,Magic,home,109-88,1&1,-7.0,202.0,21,14.0,-5.0,4.5,-9.5,W,W,U,"0
Dec","09,",2016,recap,Fri,2016,Magic,Hornets,away,88-109,1&1,7.0,202.0,-21,-14.0,-5.0,-9.5,4.5,L,L,U,"0
Dec","09,",2016,recap,Fri,2016,Kings,Knicks,home,100-103,1&1,-4.0,210.5,-3,-7.0,-7.5,-7.2,-0.2,L,L,U,"0
Dec","09,",2016,recap,Fri,2016,Knicks,Kings,away,103-100,1&1,4.0,210.5,3,7.0,-7.5,-0.2,-7.2,W,W,U,"0
Dec","09,",2016,recap,Fri,2016,Lakers,Suns,home,115-119,1&1,-1.5,220.5,-4,-5.5,13.5,4.0,9.5,L,L,O,"0
Dec","09,",2016,recap,Fri,2016,Suns,Lakers,away,119-115,1&1,1.5,220.5,4,5.5,13.5,9.5,4.0,W,W,O,"0
Dec","09,",2016,recap,Fri,2016,Mavericks,Pacers,home,111-103,1&1,3.5,200.0,8,11.5,14.0,12.8,1.2,W,W,O,"0
Dec","09,",2016,recap,Fri,2016,Pacers,Mavericks,away,103-111,1&1,-3.5,200.0,-8,-11.5,14.0,1.2,12.8,L,L,O,"0
Dec","09,",2016,recap,Fri,2016,Thunder,Rockets,home,99-102,3&1,1.5,224.0,-3,-1.5,-23.0,-12.2,-10.8,L,L,U,"0
Dec","09,",2016,recap,Fri,2016,Rockets,Thunder,away,102-99,1&3,-1.5,224.0,3,1.5,-23.0,-10.8,-12.2,W,W,U,"0
Dec","09,",2016,recap,Fri,2016,Timberwolves,Pistons,home,90-117,0&1,3.5,204.0,-27,-23.5,3.0,-10.2,13.2,L,L,O,"0
Dec","09,",2016,recap,Fri,2016,Pistons,Timberwolves,away,117-90,1&0,-3.5,204.0,27,23.5,3.0,13.2,-10.2,W,W,O,0
