Date,Link,Day,Season,Team,Opp,Site,Final,Rest,Line,Total,SUm,ATSm,OUm,DPS,DPA,SUr,ATSr,OUr,"ot
Feb","10,",2016,recap,Wed,2015,Bulls,Hawks,home,90-113,1&1,4.0,205.0,-23,-19.0,-2.0,-10.5,8.5,L,L,U,"0
Feb","10,",2016,recap,Wed,2015,Hawks,Bulls,away,113-90,1&1,-4.0,205.0,23,19.0,-2.0,8.5,-10.5,W,W,U,"0
Feb","10,",2016,recap,Wed,2015,Cavaliers,Lakers,home,120-111,1&1,-15.5,210.0,9,-6.5,21.0,7.2,13.8,W,L,O,"0
Feb","10,",2016,recap,Wed,2015,Lakers,Cavaliers,away,111-120,1&1,15.5,210.0,-9,6.5,21.0,13.8,7.2,L,W,O,"0
Feb","10,",2016,recap,Wed,2015,Celtics,Clippers,home,139-134,0&1,-1.5,211.0,5,3.5,62.0,32.8,29.2,W,W,O,"1
Feb","10,",2016,recap,Wed,2015,Clippers,Celtics,away,134-139,1&0,1.5,211.0,-5,-3.5,62.0,29.2,32.8,L,L,O,"1
Feb","10,",2016,recap,Wed,2015,Magic,Spurs,home,96-98,1&0,8.0,202.5,-2,6.0,-8.5,-1.2,-7.2,L,W,U,"0
Feb","10,",2016,recap,Wed,2015,Spurs,Magic,away,98-96,0&1,-8.0,202.5,2,-6.0,-8.5,-7.2,-1.2,W,L,U,"0
Feb","10,",2016,recap,Wed,2015,Nets,Grizzlies,home,90-109,1&1,4.0,198.5,-19,-15.0,0.5,-7.2,7.8,L,L,O,"0
Feb","10,",2016,recap,Wed,2015,Grizzlies,Nets,away,109-90,1&1,-4.0,198.5,19,15.0,0.5,7.8,-7.2,W,W,O,"0
Feb","10,",2016,recap,Wed,2015,Pacers,Hornets,home,95-117,1&1,-3.5,201.0,-22,-25.5,11.0,-7.2,18.2,L,L,O,"0
Feb","10,",2016,recap,Wed,2015,Hornets,Pacers,away,117-95,1&1,3.5,201.0,22,25.5,11.0,18.2,-7.2,W,W,O,"0
Feb","10,",2016,recap,Wed,2015,Pelicans,Jazz,home,100-96,1&0,-2.0,195.0,4,2.0,1.0,1.5,-0.5,W,W,O,"0
Feb","10,",2016,recap,Wed,2015,Jazz,Pelicans,away,96-100,0&1,2.0,195.0,-4,-2.0,1.0,-0.5,1.5,L,L,O,"0
Feb","10,",2016,recap,Wed,2015,Pistons,Nuggets,home,92-103,1&1,-4.5,207.0,-11,-15.5,-12.0,-13.8,1.8,L,L,U,"0
Feb","10,",2016,recap,Wed,2015,Nuggets,Pistons,away,103-92,1&1,4.5,207.0,11,15.5,-12.0,1.8,-13.8,W,W,U,"0
Feb","10,",2016,recap,Wed,2015,Seventysixers,Kings,home,110-114,1&1,5.0,219.0,-4,1.0,5.0,3.0,2.0,L,W,O,"0
Feb","10,",2016,recap,Wed,2015,Kings,Seventysixers,away,114-110,1&1,-5.0,219.0,4,-1.0,5.0,2.0,3.0,W,L,O,"0
Feb","10,",2016,recap,Wed,2015,Suns,Warriors,home,104-112,1&0,16.5,219.5,-8,8.5,-3.5,2.5,-6.0,L,W,U,"0
Feb","10,",2016,recap,Wed,2015,Warriors,Suns,away,112-104,0&1,-16.5,219.5,8,-8.5,-3.5,-6.0,2.5,W,L,U,"0
Feb","10,",2016,recap,Wed,2015,Timberwolves,Raptors,home,117-112,1&1,6.0,207.0,5,11.0,22.0,16.5,5.5,W,W,O,"0
Feb","10,",2016,recap,Wed,2015,Raptors,Timberwolves,away,112-117,1&1,-6.0,207.0,-5,-11.0,22.0,5.5,16.5,L,L,O,"0
Feb","10,",2016,recap,Wed,2015,Trailblazers,Rockets,home,116-103,1&0,-4.5,216.0,13,8.5,3.0,5.8,-2.8,W,W,O,"0
Feb","10,",2016,recap,Wed,2015,Rockets,Trailblazers,away,103-116,0&1,4.5,216.0,-13,-8.5,3.0,-2.8,5.8,L,L,O,0
