Date,Link,Day,Season,Team,Opp,Site,Final,Rest,Line,Total,SUm,ATSm,OUm,DPS,DPA,SUr,ATSr,OUr,"ot
Nov","09,",2016,recap,Wed,2016,Clippers,Trailblazers,home,111-80,1&0,-10.0,208.5,31,21.0,-17.5,1.8,-19.2,W,W,U,"0
Nov","09,",2016,recap,Wed,2016,Trailblazers,Clippers,away,80-111,0&1,10.0,208.5,-31,-21.0,-17.5,-19.2,1.8,L,L,U,"0
Nov","09,",2016,recap,Wed,2016,Hawks,Bulls,home,115-107,0&1,-3.5,204.0,8,4.5,18.0,11.2,6.8,W,W,O,"0
Nov","09,",2016,recap,Wed,2016,Bulls,Hawks,away,107-115,1&0,3.5,204.0,-8,-4.5,18.0,6.8,11.2,L,L,O,"0
Nov","09,",2016,recap,Wed,2016,Hornets,Jazz,home,104-98,1&1,-3.0,193.0,6,3.0,9.0,6.0,3.0,W,W,O,"0
Nov","09,",2016,recap,Wed,2016,Jazz,Hornets,away,98-104,1&1,3.0,193.0,-6,-3.0,9.0,3.0,6.0,L,L,O,"0
Nov","09,",2016,recap,Wed,2016,Knicks,Nets,home,110-96,2&0,-8.5,214.0,14,5.5,-8.0,-1.2,-6.8,W,W,U,"0
Nov","09,",2016,recap,Wed,2016,Nets,Knicks,away,96-110,0&2,8.5,214.0,-14,-5.5,-8.0,-6.8,-1.2,L,L,U,"0
Nov","09,",2016,recap,Wed,2016,Magic,Timberwolves,home,107-123,1&0,-2.5,202.5,-16,-18.5,27.5,4.5,23.0,L,L,O,"0
Nov","09,",2016,recap,Wed,2016,Timberwolves,Magic,away,123-107,0&1,2.5,202.5,16,18.5,27.5,23.0,4.5,W,W,O,"0
Nov","09,",2016,recap,Wed,2016,Pacers,Seventysixers,home,122-115,1&1,-11.5,212.5,7,-4.5,24.5,10.0,14.5,W,L,O,"1
Nov","09,",2016,recap,Wed,2016,Seventysixers,Pacers,away,115-122,1&1,11.5,212.5,-7,4.5,24.5,14.5,10.0,L,W,O,"1
Nov","09,",2016,recap,Wed,2016,Spurs,Rockets,home,99-101,3&1,-7.5,211.0,-2,-9.5,-11.0,-10.2,-0.8,L,L,U,"0
Nov","09,",2016,recap,Wed,2016,Rockets,Spurs,away,101-99,1&3,7.5,211.0,2,9.5,-11.0,-0.8,-10.2,W,W,U,"0
Nov","09,",2016,recap,Wed,2016,Suns,Pistons,home,107-100,0&1,4.0,206.5,7,11.0,0.5,5.8,-5.2,W,W,O,"0
Nov","09,",2016,recap,Wed,2016,Pistons,Suns,away,100-107,1&0,-4.0,206.5,-7,-11.0,0.5,-5.2,5.8,L,L,O,"0
Nov","09,",2016,recap,Wed,2016,Thunder,Raptors,home,102-112,1&2,-3.5,203.5,-10,-13.5,10.5,-1.5,12.0,L,L,O,"0
Nov","09,",2016,recap,Wed,2016,Raptors,Thunder,away,112-102,2&1,3.5,203.5,10,13.5,10.5,12.0,-1.5,W,W,O,"0
Nov","09,",2016,recap,Wed,2016,Warriors,Mavericks,home,116-95,1&0,-16.0,209.0,21,5.0,2.0,3.5,-1.5,W,W,O,"0
Nov","09,",2016,recap,Wed,2016,Mavericks,Warriors,away,95-116,0&1,16.0,209.0,-21,-5.0,2.0,-1.5,3.5,L,L,O,"0
Nov","09,",2016,recap,Wed,2016,Wizards,Celtics,home,118-93,1&2,-1.0,213.0,25,24.0,-2.0,11.0,-13.0,W,W,U,"0
Nov","09,",2016,recap,Wed,2016,Celtics,Wizards,away,93-118,2&1,1.0,213.0,-25,-24.0,-2.0,-13.0,11.0,L,L,U,0
