Date,Link,Day,Season,Team,Opp,Site,Final,Rest,Line,Total,SUm,ATSm,OUm,DPS,DPA,SUr,ATSr,OUr,"ot
Mar","13,",2016,recap,Sun,2015,Clippers,Cavaliers,home,90-114,1&2,2.5,207.5,-24,-21.5,-3.5,-12.5,9.0,L,L,U,"0
Mar","13,",2016,recap,Sun,2015,Cavaliers,Clippers,away,114-90,2&1,-2.5,207.5,24,21.5,-3.5,9.0,-12.5,W,W,U,"0
Mar","13,",2016,recap,Sun,2015,Hawks,Pacers,home,104-75,0&0,-5.0,197.5,29,24.0,-18.5,2.8,-21.2,W,W,U,"0
Mar","13,",2016,recap,Sun,2015,Pacers,Hawks,away,75-104,0&0,5.0,197.5,-29,-24.0,-18.5,-21.2,2.8,L,L,U,"0
Mar","13,",2016,recap,Sun,2015,Kings,Jazz,home,99-108,1&1,2.0,207.0,-9,-7.0,0.0,-3.5,3.5,L,L,P,"0
Mar","13,",2016,recap,Sun,2015,Jazz,Kings,away,108-99,1&1,-2.0,207.0,9,7.0,0.0,3.5,-3.5,W,W,P,"0
Mar","13,",2016,recap,Sun,2015,Lakers,Knicks,home,87-90,2&1,2.0,207.0,-3,-1.0,-30.0,-15.5,-14.5,L,L,U,"0
Mar","13,",2016,recap,Sun,2015,Knicks,Lakers,away,90-87,1&2,-2.0,207.0,3,1.0,-30.0,-14.5,-15.5,W,W,U,"0
Mar","13,",2016,recap,Sun,2015,Nets,Bucks,home,100-109,1&0,2.0,208.5,-9,-7.0,0.5,-3.2,3.8,L,L,O,"0
Mar","13,",2016,recap,Sun,2015,Bucks,Nets,away,109-100,0&1,-2.0,208.5,9,7.0,0.5,3.8,-3.2,W,W,O,0
