Date,Link,Day,Season,Team,Opp,Site,Final,Rest,Line,Total,SUm,ATSm,OUm,DPS,DPA,SUr,ATSr,OUr,"ot
Jan","19,",2017,recap,Thu,2016,Cavaliers,Suns,home,118-103,2&2,-13.0,220.0,15,2.0,1.0,1.5,-0.5,W,W,O,"0
Jan","19,",2017,recap,Thu,2016,Suns,Cavaliers,away,103-118,2&2,13.0,220.0,-15,-2.0,1.0,-0.5,1.5,L,L,O,"0
Jan","19,",2017,recap,Thu,2016,Clippers,Timberwolves,home,101-104,2&1,1.0,205.5,-3,-2.0,-0.5,-1.2,0.8,L,L,U,"0
Jan","19,",2017,recap,Thu,2016,Timberwolves,Clippers,away,104-101,1&2,-1.0,205.5,3,2.0,-0.5,0.8,-1.2,W,W,U,"0
Jan","19,",2017,recap,Thu,2016,Heat,Mavericks,home,99-95,1&1,-2.5,198.0,4,1.5,-4.0,-1.2,-2.8,W,W,U,"0
Jan","19,",2017,recap,Thu,2016,Mavericks,Heat,away,95-99,1&1,2.5,198.0,-4,-1.5,-4.0,-2.8,-1.2,L,L,U,"0
Jan","19,",2017,recap,Thu,2016,Knicks,Wizards,home,110-113,0&0,2.5,220.5,-3,-0.5,2.5,1.0,1.5,L,L,O,"0
Jan","19,",2017,recap,Thu,2016,Wizards,Knicks,away,113-110,0&0,-2.5,220.5,3,0.5,2.5,1.5,1.0,W,W,O,"0
Jan","19,",2017,recap,Thu,2016,Spurs,Nuggets,home,118-104,1&1,-12.5,220.5,14,1.5,1.5,1.5,0.0,W,W,O,"0
Jan","19,",2017,recap,Thu,2016,Nuggets,Spurs,away,104-118,1&1,12.5,220.5,-14,-1.5,1.5,0.0,1.5,L,L,O,0
