Date,Link,Day,Season,Team,Opp,Site,Final,Rest,Line,Total,SUm,ATSm,OUm,DPS,DPA,SUr,ATSr,OUr,"ot
Nov","26,",2017,recap,Sun,2017,Bulls,Heat,home,93-100,1&1,6.5,197.0,-7,-0.5,-4.0,-2.2,-1.8,L,L,U,"0
Nov","26,",2017,recap,Sun,2017,Heat,Bulls,away,100-93,1&1,-6.5,197.0,7,0.5,-4.0,-1.8,-2.2,W,W,U,"0
Nov","26,",2017,recap,Sun,2017,Grizzlies,Nets,home,88-98,1&1,-5.5,212.0,-10,-15.5,-26.0,-20.8,-5.2,L,L,U,"0
Nov","26,",2017,recap,Sun,2017,Nets,Grizzlies,away,98-88,1&1,5.5,212.0,10,15.5,-26.0,-5.2,-20.8,W,W,U,"0
Nov","26,",2017,recap,Sun,2017,Timberwolves,Suns,home,119-108,1&1,-11.5,224.5,11,-0.5,2.5,1.0,1.5,W,L,O,"0
Nov","26,",2017,recap,Sun,2017,Suns,Timberwolves,away,108-119,1&1,11.5,224.5,-11,0.5,2.5,1.5,1.0,L,W,O,0
