Date,Link,Day,Season,Team,Opp,Site,Final,Rest,Line,Total,SUm,ATSm,OUm,DPS,DPA,SUr,ATSr,OUr,"ot
Dec","14,",2017,recap,Thu,2017,Cavaliers,Lakers,home,121-112,1&1,-9.5,220.5,9,-0.5,12.5,6.0,6.5,W,L,O,"0
Dec","14,",2017,recap,Thu,2017,Lakers,Cavaliers,away,112-121,1&1,9.5,220.5,-9,0.5,12.5,6.5,6.0,L,W,O,"0
Dec","14,",2017,recap,Thu,2017,Hawks,Pistons,home,91-105,1&1,4.0,205.5,-14,-10.0,-9.5,-9.8,0.2,L,L,U,"0
Dec","14,",2017,recap,Thu,2017,Pistons,Hawks,away,105-91,1&1,-4.0,205.5,14,10.0,-9.5,0.2,-9.8,W,W,U,"0
Dec","14,",2017,recap,Thu,2017,Nets,Knicks,home,104-111,1&1,-1.0,213.0,-7,-8.0,2.0,-3.0,5.0,L,L,O,"0
Dec","14,",2017,recap,Thu,2017,Knicks,Nets,away,111-104,1&1,1.0,213.0,7,8.0,2.0,5.0,-3.0,W,W,O,"0
Dec","14,",2017,recap,Thu,2017,Timberwolves,Kings,home,119-96,1&1,-10.5,203.5,23,12.5,11.5,12.0,-0.5,W,W,O,"0
Dec","14,",2017,recap,Thu,2017,Kings,Timberwolves,away,96-119,1&1,10.5,203.5,-23,-12.5,11.5,-0.5,12.0,L,L,O,"0
Dec","14,",2017,recap,Thu,2017,Warriors,Mavericks,home,112-97,2&1,-10.5,212.5,15,4.5,-3.5,0.5,-4.0,W,W,U,"0
Dec","14,",2017,recap,Thu,2017,Mavericks,Warriors,away,97-112,1&2,10.5,212.5,-15,-4.5,-3.5,-4.0,0.5,L,L,U,0
