Date,Link,Day,Season,Team,Opp,Site,Final,Rest,Line,Total,SUm,ATSm,OUm,DPS,DPA,SUr,ATSr,OUr,"ot
Dec","25,",2017,recap,Mon,2017,Celtics,Wizards,home,103-111,1&1,-4.0,208.5,-8,-12.0,5.5,-3.2,8.8,L,L,O,"0
Dec","25,",2017,recap,Mon,2017,Wizards,Celtics,away,111-103,1&1,4.0,208.5,8,12.0,5.5,8.8,-3.2,W,W,O,"0
Dec","25,",2017,recap,Mon,2017,Knicks,Seventysixers,home,98-105,2&1,1.0,210.0,-7,-6.0,-7.0,-6.5,-0.5,L,L,U,"0
Dec","25,",2017,recap,Mon,2017,Seventysixers,Knicks,away,105-98,1&2,-1.0,210.0,7,6.0,-7.0,-0.5,-6.5,W,W,U,"0
Dec","25,",2017,recap,Mon,2017,Lakers,Timberwolves,home,104-121,1&1,5.5,215.5,-17,-11.5,9.5,-1.0,10.5,L,L,O,"0
Dec","25,",2017,recap,Mon,2017,Timberwolves,Lakers,away,121-104,1&1,-5.5,215.5,17,11.5,9.5,10.5,-1.0,W,W,O,"0
Dec","25,",2017,recap,Mon,2017,Thunder,Rockets,home,112-107,1&2,-1.0,218.0,5,4.0,1.0,2.5,-1.5,W,W,O,"0
Dec","25,",2017,recap,Mon,2017,Rockets,Thunder,away,107-112,2&1,1.0,218.0,-5,-4.0,1.0,-1.5,2.5,L,L,O,"0
Dec","25,",2017,recap,Mon,2017,Warriors,Cavaliers,home,99-92,1&3,-5.0,215.5,7,2.0,-24.5,-11.2,-13.2,W,W,U,"0
Dec","25,",2017,recap,Mon,2017,Cavaliers,Warriors,away,92-99,3&1,5.0,215.5,-7,-2.0,-24.5,-13.2,-11.2,L,L,U,0
