Date,Link,Day,Season,Team,Opp,Site,Final,Rest,Line,Total,SUm,ATSm,OUm,DPS,DPA,SUr,ATSr,OUr,"ot
Mar","30,",2017,recap,Thu,2016,Bulls,Cavaliers,home,99-93,3&2,5.5,211.0,6,11.5,-19.0,-3.8,-15.2,W,W,U,"0
Mar","30,",2017,recap,Thu,2016,Cavaliers,Bulls,away,93-99,2&3,-5.5,211.0,-6,-11.5,-19.0,-15.2,-3.8,L,L,U,"0
Mar","30,",2017,recap,Thu,2016,Pistons,Nets,home,90-89,1&1,-5.5,212.0,1,-4.5,-33.0,-18.8,-14.2,W,L,U,"0
Mar","30,",2017,recap,Thu,2016,Nets,Pistons,away,89-90,1&1,5.5,212.0,-1,4.5,-33.0,-14.2,-18.8,L,W,U,"0
Mar","30,",2017,recap,Thu,2016,Suns,Clippers,home,118-124,1&0,10.0,220.0,-6,4.0,22.0,13.0,9.0,L,W,O,"0
Mar","30,",2017,recap,Thu,2016,Clippers,Suns,away,124-118,0&1,-10.0,220.0,6,-4.0,22.0,9.0,13.0,W,L,O,"0
Mar","30,",2017,recap,Thu,2016,Timberwolves,Lakers,home,119-104,1&1,-11.0,220.0,15,4.0,3.0,3.5,-0.5,W,W,O,"0
Mar","30,",2017,recap,Thu,2016,Lakers,Timberwolves,away,104-119,1&1,11.0,220.0,-15,-4.0,3.0,-0.5,3.5,L,L,O,"0
Mar","30,",2017,recap,Thu,2016,Trailblazers,Rockets,home,117-107,1&1,0.0,230.0,10,10.0,-6.0,2.0,-8.0,W,W,U,"0
Mar","30,",2017,recap,Thu,2016,Rockets,Trailblazers,away,107-117,1&1,-0.0,230.0,-10,-10.0,-6.0,-8.0,2.0,L,L,U,0
