Date,Link,Day,Season,Team,Opp,Site,Final,Rest,Line,Total,SUm,ATSm,OUm,DPS,DPA,SUr,ATSr,OUr,"ot
Feb","09,",2017,recap,Thu,2016,Hornets,Rockets,home,95-107,1&1,4.0,224.0,-12,-8.0,-22.0,-15.0,-7.0,L,L,U,"0
Feb","09,",2017,recap,Thu,2016,Rockets,Hornets,away,107-95,1&1,-4.0,224.0,12,8.0,-22.0,-7.0,-15.0,W,W,U,"0
Feb","09,",2017,recap,Thu,2016,Magic,Seventysixers,home,111-112,1&0,-5.5,210.0,-1,-6.5,13.0,3.2,9.8,L,L,O,"0
Feb","09,",2017,recap,Thu,2016,Seventysixers,Magic,away,112-111,0&1,5.5,210.0,1,6.5,13.0,9.8,3.2,W,W,O,"0
Feb","09,",2017,recap,Thu,2016,Mavericks,Jazz,home,112-105,1&0,2.0,194.0,7,9.0,23.0,16.0,7.0,W,W,O,"1
Feb","09,",2017,recap,Thu,2016,Jazz,Mavericks,away,105-112,0&1,-2.0,194.0,-7,-9.0,23.0,7.0,16.0,L,L,O,"1
Feb","09,",2017,recap,Thu,2016,Thunder,Cavaliers,home,118-109,2&0,-8.5,219.0,9,0.5,8.0,4.2,3.8,W,W,O,"0
Feb","09,",2017,recap,Thu,2016,Cavaliers,Thunder,away,109-118,0&2,8.5,219.0,-9,-0.5,8.0,3.8,4.2,L,L,O,"0
Feb","09,",2017,recap,Thu,2016,Trailblazers,Celtics,home,111-120,1&0,-1.5,220.5,-9,-10.5,10.5,0.0,10.5,L,L,O,"0
Feb","09,",2017,recap,Thu,2016,Celtics,Trailblazers,away,120-111,0&1,1.5,220.5,9,10.5,10.5,10.5,0.0,W,W,O,0
