Date,Link,Day,Season,Team,Opp,Site,Final,Rest,Line,Total,SUm,ATSm,OUm,DPS,DPA,SUr,ATSr,OUr,"ot
Oct","20,",2017,recap,Fri,2017,Bucks,Cavaliers,home,97-116,1&2,1.5,209.5,-19,-17.5,3.5,-7.0,10.5,L,L,O,"0
Oct","20,",2017,recap,Fri,2017,Cavaliers,Bucks,away,116-97,2&1,-1.5,209.5,19,17.5,3.5,10.5,-7.0,W,W,O,"0
Oct","20,",2017,recap,Fri,2017,Hornets,Hawks,home,109-91,1&1,-5.5,203.5,18,12.5,-3.5,4.5,-8.0,W,W,U,"0
Oct","20,",2017,recap,Fri,2017,Hawks,Hornets,away,91-109,1&1,5.5,203.5,-18,-12.5,-3.5,-8.0,4.5,L,L,U,"0
Oct","20,",2017,recap,Fri,2017,Mavericks,Kings,home,88-93,1&1,-5.5,202.5,-5,-10.5,-21.5,-16.0,-5.5,L,L,U,"0
Oct","20,",2017,recap,Fri,2017,Kings,Mavericks,away,93-88,1&1,5.5,202.5,5,10.5,-21.5,-5.5,-16.0,W,W,U,"0
Oct","20,",2017,recap,Fri,2017,Nets,Magic,home,126-121,1&1,-2.0,226.0,5,3.0,21.0,12.0,9.0,W,W,O,"0
Oct","20,",2017,recap,Fri,2017,Magic,Nets,away,121-126,1&1,2.0,226.0,-5,-3.0,21.0,9.0,12.0,L,L,O,"0
Oct","20,",2017,recap,Fri,2017,Pacers,Trailblazers,home,96-114,1&1,6.0,220.5,-18,-12.0,-10.5,-11.2,0.8,L,L,U,"0
Oct","20,",2017,recap,Fri,2017,Trailblazers,Pacers,away,114-96,1&1,-6.0,220.5,18,12.0,-10.5,0.8,-11.2,W,W,U,"0
Oct","20,",2017,recap,Fri,2017,Pelicans,Warriors,home,120-128,1&2,8.5,222.0,-8,0.5,26.0,13.2,12.8,L,W,O,"0
Oct","20,",2017,recap,Fri,2017,Warriors,Pelicans,away,128-120,2&1,-8.5,222.0,8,-0.5,26.0,12.8,13.2,W,L,O,"0
Oct","20,",2017,recap,Fri,2017,Seventysixers,Celtics,home,92-102,1&1,-2.0,216.5,-10,-12.0,-22.5,-17.2,-5.2,L,L,U,"0
Oct","20,",2017,recap,Fri,2017,Celtics,Seventysixers,away,102-92,1&1,2.0,216.5,10,12.0,-22.5,-5.2,-17.2,W,W,U,"0
Oct","20,",2017,recap,Fri,2017,Suns,Lakers,home,130-132,1&0,-3.0,220.0,-2,-5.0,42.0,18.5,23.5,L,L,O,"0
Oct","20,",2017,recap,Fri,2017,Lakers,Suns,away,132-130,0&1,3.0,220.0,2,5.0,42.0,23.5,18.5,W,W,O,"0
Oct","20,",2017,recap,Fri,2017,Timberwolves,Jazz,home,100-97,1&1,-4.5,197.5,3,-1.5,-0.5,-1.0,0.5,W,L,U,"0
Oct","20,",2017,recap,Fri,2017,Jazz,Timberwolves,away,97-100,1&1,4.5,197.5,-3,1.5,-0.5,0.5,-1.0,L,W,U,"0
Oct","20,",2017,recap,Fri,2017,Wizards,Pistons,home,115-111,1&1,-6.0,211.5,4,-2.0,14.5,6.2,8.2,W,L,O,"0
Oct","20,",2017,recap,Fri,2017,Pistons,Wizards,away,111-115,1&1,6.0,211.5,-4,2.0,14.5,8.2,6.2,L,W,O,0
