Date,Link,Day,Season,Team,Opp,Site,Final,Rest,Line,Total,SUm,ATSm,OUm,DPS,DPA,SUr,ATSr,OUr,"ot
Feb","01,",2017,recap,Wed,2016,Cavaliers,Timberwolves,home,125-97,1&1,-7.0,216.0,28,21.0,6.0,13.5,-7.5,W,W,O,"0
Feb","01,",2017,recap,Wed,2016,Timberwolves,Cavaliers,away,97-125,1&1,7.0,216.0,-28,-21.0,6.0,-7.5,13.5,L,L,O,"0
Feb","01,",2017,recap,Wed,2016,Celtics,Raptors,home,109-104,1&0,-5.5,214.5,5,-0.5,-1.5,-1.0,-0.5,W,L,U,"0
Feb","01,",2017,recap,Wed,2016,Raptors,Celtics,away,104-109,0&1,5.5,214.5,-5,0.5,-1.5,-0.5,-1.0,L,W,U,"0
Feb","01,",2017,recap,Wed,2016,Heat,Hawks,home,116-93,1&2,-1.0,205.5,23,22.0,3.5,12.8,-9.2,W,W,O,"0
Feb","01,",2017,recap,Wed,2016,Hawks,Heat,away,93-116,2&1,1.0,205.5,-23,-22.0,3.5,-9.2,12.8,L,L,O,"0
Feb","01,",2017,recap,Wed,2016,Jazz,Bucks,home,104-88,3&3,-8.0,197.0,16,8.0,-5.0,1.5,-6.5,W,W,U,"0
Feb","01,",2017,recap,Wed,2016,Bucks,Jazz,away,88-104,3&3,8.0,197.0,-16,-8.0,-5.0,-6.5,1.5,L,L,U,"0
Feb","01,",2017,recap,Wed,2016,Magic,Pacers,home,88-98,1&2,2.5,212.0,-10,-7.5,-26.0,-16.8,-9.2,L,L,U,"0
Feb","01,",2017,recap,Wed,2016,Pacers,Magic,away,98-88,2&1,-2.5,212.0,10,7.5,-26.0,-9.2,-16.8,W,W,U,"0
Feb","01,",2017,recap,Wed,2016,Mavericks,Seventysixers,home,113-95,1&1,-6.5,206.0,18,11.5,2.0,6.8,-4.8,W,W,O,"0
Feb","01,",2017,recap,Wed,2016,Seventysixers,Mavericks,away,95-113,1&1,6.5,206.0,-18,-11.5,2.0,-4.8,6.8,L,L,O,"0
Feb","01,",2017,recap,Wed,2016,Nets,Knicks,home,90-95,1&0,2.5,223.5,-5,-2.5,-38.5,-20.5,-18.0,L,L,U,"0
Feb","01,",2017,recap,Wed,2016,Knicks,Nets,away,95-90,0&1,-2.5,223.5,5,2.5,-38.5,-18.0,-20.5,W,W,U,"0
Feb","01,",2017,recap,Wed,2016,Nuggets,Grizzlies,home,99-119,0&1,3.5,215.0,-20,-16.5,3.0,-6.8,9.8,L,L,O,"0
Feb","01,",2017,recap,Wed,2016,Grizzlies,Nuggets,away,119-99,1&0,-3.5,215.0,20,16.5,3.0,9.8,-6.8,W,W,O,"0
Feb","01,",2017,recap,Wed,2016,Pistons,Pelicans,home,118-98,1&0,-7.5,212.5,20,12.5,3.5,8.0,-4.5,W,W,O,"0
Feb","01,",2017,recap,Wed,2016,Pelicans,Pistons,away,98-118,0&1,7.5,212.5,-20,-12.5,3.5,-4.5,8.0,L,L,O,"0
Feb","01,",2017,recap,Wed,2016,Suns,Clippers,home,114-124,1&3,3.0,220.0,-10,-7.0,18.0,5.5,12.5,L,L,O,"0
Feb","01,",2017,recap,Wed,2016,Clippers,Suns,away,124-114,3&1,-3.0,220.0,10,7.0,18.0,12.5,5.5,W,W,O,"0
Feb","01,",2017,recap,Wed,2016,Thunder,Bulls,home,100-128,0&2,-2.5,206.5,-28,-30.5,21.5,-4.5,26.0,L,L,O,"0
Feb","01,",2017,recap,Wed,2016,Bulls,Thunder,away,128-100,2&0,2.5,206.5,28,30.5,21.5,26.0,-4.5,W,W,O,"0
Feb","01,",2017,recap,Wed,2016,Warriors,Hornets,home,126-111,2&0,-15.0,226.0,15,0.0,11.0,5.5,5.5,W,P,O,"0
Feb","01,",2017,recap,Wed,2016,Hornets,Warriors,away,111-126,0&2,15.0,226.0,-15,0.0,11.0,5.5,5.5,L,P,O,0
