Date,Link,Day,Season,Team,Opp,Site,Final,Rest,Line,Total,SUm,ATSm,OUm,DPS,DPA,SUr,ATSr,OUr,"ot
Dec","19,",2017,recap,Tue,2017,Bucks,Cavaliers,home,119-116,2&1,1.0,217.0,3,4.0,18.0,11.0,7.0,W,W,O,"0
Dec","19,",2017,recap,Tue,2017,Cavaliers,Bucks,away,116-119,1&2,-1.0,217.0,-3,-4.0,18.0,7.0,11.0,L,L,O,"0
Dec","19,",2017,recap,Tue,2017,Seventysixers,Kings,home,95-101,0&1,-8.0,207.0,-6,-14.0,-11.0,-12.5,1.5,L,L,U,"0
Dec","19,",2017,recap,Tue,2017,Kings,Seventysixers,away,101-95,1&0,8.0,207.0,6,14.0,-11.0,1.5,-12.5,W,W,U,"0
Dec","19,",2017,recap,Tue,2017,Wizards,Pelicans,home,116-106,1&3,-3.0,218.5,10,7.0,3.5,5.2,-1.8,W,W,O,"0
Dec","19,",2017,recap,Tue,2017,Pelicans,Wizards,away,106-116,3&1,3.0,218.5,-10,-7.0,3.5,-1.8,5.2,L,L,O,0
