Date,Link,Day,Season,Team,Opp,Site,Final,Rest,Line,Total,SUm,ATSm,OUm,DPS,DPA,SUr,ATSr,OUr,"ot
Feb","14,",2017,recap,Tue,2016,Bulls,Raptors,home,105-94,1&1,4.5,208.0,11,15.5,-9.0,3.2,-12.2,W,W,U,"0
Feb","14,",2017,recap,Tue,2016,Raptors,Bulls,away,94-105,1&1,-4.5,208.0,-11,-15.5,-9.0,-12.2,3.2,L,L,U,"0
Feb","14,",2017,recap,Tue,2016,Lakers,Kings,home,96-97,3&1,-2.0,217.5,-1,-3.0,-24.5,-13.8,-10.8,L,L,U,"0
Feb","14,",2017,recap,Tue,2016,Kings,Lakers,away,97-96,1&3,2.0,217.5,1,3.0,-24.5,-10.8,-13.8,W,W,U,"0
Feb","14,",2017,recap,Tue,2016,Timberwolves,Cavaliers,home,108-116,1&2,4.5,219.5,-8,-3.5,4.5,0.5,4.0,L,L,O,"0
Feb","14,",2017,recap,Tue,2016,Cavaliers,Timberwolves,away,116-108,2&1,-4.5,219.5,8,3.5,4.5,4.0,0.5,W,W,O,0
