Date,Link,Day,Season,Team,Opp,Site,Final,Rest,Line,Total,SUm,ATSm,OUm,DPS,DPA,SUr,ATSr,OUr,"ot
Dec","09,",2017,recap,Sat,2017,Bucks,Jazz,home,117-100,0&1,-3.0,199.5,17,14.0,17.5,15.8,1.8,W,W,O,"0
Dec","09,",2017,recap,Sat,2017,Jazz,Bucks,away,100-117,1&0,3.0,199.5,-17,-14.0,17.5,1.8,15.8,L,L,O,"0
Dec","09,",2017,recap,Sat,2017,Bulls,Knicks,home,104-102,0&2,3.5,201.0,2,5.5,5.0,5.2,-0.2,W,W,O,"0
Dec","09,",2017,recap,Sat,2017,Knicks,Bulls,away,102-104,2&0,-3.5,201.0,-2,-5.5,5.0,-0.2,5.2,L,L,O,"0
Dec","09,",2017,recap,Sat,2017,Cavaliers,Seventysixers,home,105-98,0&1,-7.0,218.5,7,0.0,-15.5,-7.8,-7.8,W,P,U,"0
Dec","09,",2017,recap,Sat,2017,Seventysixers,Cavaliers,away,98-105,1&0,7.0,218.5,-7,0.0,-15.5,-7.8,-7.8,L,P,U,"0
Dec","09,",2017,recap,Sat,2017,Clippers,Wizards,home,113-112,2&1,2.5,207.0,1,3.5,18.0,10.8,7.2,W,W,O,"0
Dec","09,",2017,recap,Sat,2017,Wizards,Clippers,away,112-113,1&2,-2.5,207.0,-1,-3.5,18.0,7.2,10.8,L,L,O,"0
Dec","09,",2017,recap,Sat,2017,Grizzlies,Thunder,home,101-102,0&1,5.0,197.5,-1,4.0,5.5,4.8,0.8,L,W,O,"1
Dec","09,",2017,recap,Sat,2017,Thunder,Grizzlies,away,102-101,1&0,-5.0,197.5,1,-4.0,5.5,0.8,4.8,W,L,O,"1
Dec","09,",2017,recap,Sat,2017,Hawks,Magic,home,117-110,2&0,-4.5,211.5,7,2.5,15.5,9.0,6.5,W,W,O,"0
Dec","09,",2017,recap,Sat,2017,Magic,Hawks,away,110-117,0&2,4.5,211.5,-7,-2.5,15.5,6.5,9.0,L,L,O,"0
Dec","09,",2017,recap,Sat,2017,Hornets,Lakers,home,99-110,0&1,-3.0,212.0,-11,-14.0,-3.0,-8.5,5.5,L,L,U,"0
Dec","09,",2017,recap,Sat,2017,Lakers,Hornets,away,110-99,1&0,3.0,212.0,11,14.0,-3.0,5.5,-8.5,W,W,U,"0
Dec","09,",2017,recap,Sat,2017,Nets,Heat,home,89-101,1&2,2.5,212.5,-12,-9.5,-22.5,-16.0,-6.5,L,L,U,"0
Dec","09,",2017,recap,Sat,2017,Heat,Nets,away,101-89,2&1,-2.5,212.5,12,9.5,-22.5,-6.5,-16.0,W,W,U,"0
Dec","09,",2017,recap,Sat,2017,Suns,Spurs,home,101-104,1&0,5.5,205.5,-3,2.5,-0.5,1.0,-1.5,L,W,U,"0
Dec","09,",2017,recap,Sat,2017,Spurs,Suns,away,104-101,0&1,-5.5,205.5,3,-2.5,-0.5,-1.5,1.0,W,L,U,"0
Dec","09,",2017,recap,Sat,2017,Trailblazers,Rockets,home,117-124,3&1,8.5,216.5,-7,1.5,24.5,13.0,11.5,L,W,O,"0
Dec","09,",2017,recap,Sat,2017,Rockets,Trailblazers,away,124-117,1&3,-8.5,216.5,7,-1.5,24.5,11.5,13.0,W,L,O,0
