Date,Link,Day,Season,Team,Opp,Site,Final,Rest,Line,Total,SUm,ATSm,OUm,DPS,DPA,SUr,ATSr,OUr,"ot
Nov","05,",2017,recap,Sun,2017,Cavaliers,Hawks,home,115-117,1&1,-11.5,221.0,-2,-13.5,11.0,-1.2,12.2,L,L,O,"0
Nov","05,",2017,recap,Sun,2017,Hawks,Cavaliers,away,117-115,1&1,11.5,221.0,2,13.5,11.0,12.2,-1.2,W,W,O,"0
Nov","05,",2017,recap,Sun,2017,Clippers,Heat,home,101-104,0&1,-5.0,205.0,-3,-8.0,0.0,-4.0,4.0,L,L,P,"0
Nov","05,",2017,recap,Sun,2017,Heat,Clippers,away,104-101,1&0,5.0,205.0,3,8.0,0.0,4.0,-4.0,W,W,P,"0
Nov","05,",2017,recap,Sun,2017,Knicks,Pacers,home,108-101,1&1,-1.5,215.0,7,5.5,-6.0,-0.2,-5.8,W,W,U,"0
Nov","05,",2017,recap,Sun,2017,Pacers,Knicks,away,101-108,1&1,1.5,215.0,-7,-5.5,-6.0,-5.8,-0.2,L,L,U,"0
Nov","05,",2017,recap,Sun,2017,Lakers,Grizzlies,home,107-102,1&0,1.5,207.0,5,6.5,2.0,4.2,-2.2,W,W,O,"0
Nov","05,",2017,recap,Sun,2017,Grizzlies,Lakers,away,102-107,0&1,-1.5,207.0,-5,-6.5,2.0,-2.2,4.2,L,L,O,"0
Nov","05,",2017,recap,Sun,2017,Magic,Celtics,home,88-104,1&1,3.5,208.0,-16,-12.5,-16.0,-14.2,-1.8,L,L,U,"0
Nov","05,",2017,recap,Sun,2017,Celtics,Magic,away,104-88,1&1,-3.5,208.0,16,12.5,-16.0,-1.8,-14.2,W,W,U,"0
Nov","05,",2017,recap,Sun,2017,Raptors,Wizards,home,96-107,1&1,-5.5,214.0,-11,-16.5,-11.0,-13.8,2.8,L,L,U,"0
Nov","05,",2017,recap,Sun,2017,Wizards,Raptors,away,107-96,1&1,5.5,214.0,11,16.5,-11.0,2.8,-13.8,W,W,U,"0
Nov","05,",2017,recap,Sun,2017,Rockets,Jazz,home,137-110,1&1,-7.0,204.0,27,20.0,43.0,31.5,11.5,W,W,O,"0
Nov","05,",2017,recap,Sun,2017,Jazz,Rockets,away,110-137,1&1,7.0,204.0,-27,-20.0,43.0,11.5,31.5,L,L,O,"0
Nov","05,",2017,recap,Sun,2017,Spurs,Suns,home,112-95,1&1,-10.5,210.5,17,6.5,-3.5,1.5,-5.0,W,W,U,"0
Nov","05,",2017,recap,Sun,2017,Suns,Spurs,away,95-112,1&1,10.5,210.5,-17,-6.5,-3.5,-5.0,1.5,L,L,U,"0
Nov","05,",2017,recap,Sun,2017,Timberwolves,Hornets,home,112-94,0&1,-5.5,216.5,18,12.5,-10.5,1.0,-11.5,W,W,U,"0
Nov","05,",2017,recap,Sun,2017,Hornets,Timberwolves,away,94-112,1&0,5.5,216.5,-18,-12.5,-10.5,-11.5,1.0,L,L,U,"0
Nov","05,",2017,recap,Sun,2017,Trailblazers,Thunder,home,103-99,2&1,2.5,209.5,4,6.5,-7.5,-0.5,-7.0,W,W,U,"0
Nov","05,",2017,recap,Sun,2017,Thunder,Trailblazers,away,99-103,1&2,-2.5,209.5,-4,-6.5,-7.5,-7.0,-0.5,L,L,U,0
