Date,Link,Day,Season,Team,Opp,Site,Final,Rest,Line,Total,SUm,ATSm,OUm,DPS,DPA,SUr,ATSr,OUr,"ot
Nov","08,",2017,recap,Wed,2017,Celtics,Lakers,home,107-96,1&2,-8.5,210.5,11,2.5,-7.5,-2.5,-5.0,W,W,U,"0
Nov","08,",2017,recap,Wed,2017,Lakers,Celtics,away,96-107,2&1,8.5,210.5,-11,-2.5,-7.5,-5.0,-2.5,L,L,U,"0
Nov","08,",2017,recap,Wed,2017,Magic,Knicks,home,112-99,2&0,-8.5,214.0,13,4.5,-3.0,0.8,-3.8,W,W,U,"0
Nov","08,",2017,recap,Wed,2017,Knicks,Magic,away,99-112,0&2,8.5,214.0,-13,-4.5,-3.0,-3.8,0.8,L,L,U,"0
Nov","08,",2017,recap,Wed,2017,Pistons,Pacers,home,114-97,3&0,-7.0,210.0,17,10.0,1.0,5.5,-4.5,W,W,O,"0
Nov","08,",2017,recap,Wed,2017,Pacers,Pistons,away,97-114,0&3,7.0,210.0,-17,-10.0,1.0,-4.5,5.5,L,L,O,"0
Nov","08,",2017,recap,Wed,2017,Suns,Heat,home,115-126,1&1,6.5,215.5,-11,-4.5,25.5,10.5,15.0,L,L,O,"0
Nov","08,",2017,recap,Wed,2017,Heat,Suns,away,126-115,1&1,-6.5,215.5,11,4.5,25.5,15.0,10.5,W,W,O,"0
Nov","08,",2017,recap,Wed,2017,Warriors,Timberwolves,home,125-101,1&2,-10.5,227.0,24,13.5,-1.0,6.2,-7.2,W,W,U,"0
Nov","08,",2017,recap,Wed,2017,Timberwolves,Warriors,away,101-125,2&1,10.5,227.0,-24,-13.5,-1.0,-7.2,6.2,L,L,U,0
