Date,Link,Day,Season,Team,Opp,Site,Final,Rest,Line,Total,SUm,ATSm,OUm,DPS,DPA,SUr,ATSr,OUr,"ot
Nov","04,",2017,recap,Sat,2017,Bulls,Pelicans,home,90-96,0&0,6.5,199.5,-6,0.5,-13.5,-6.5,-7.0,L,W,U,"1
Nov","04,",2017,recap,Sat,2017,Pelicans,Bulls,away,96-90,0&0,-6.5,199.5,6,-0.5,-13.5,-7.0,-6.5,W,L,U,"1
Nov","04,",2017,recap,Sat,2017,Clippers,Grizzlies,home,104-113,2&2,-5.0,200.0,-9,-14.0,17.0,1.5,15.5,L,L,O,"0
Nov","04,",2017,recap,Sat,2017,Grizzlies,Clippers,away,113-104,2&2,5.0,200.0,9,14.0,17.0,15.5,1.5,W,W,O,"0
Nov","04,",2017,recap,Sat,2017,Nuggets,Warriors,home,108-127,0&1,9.0,228.5,-19,-10.0,6.5,-1.8,8.2,L,L,O,"0
Nov","04,",2017,recap,Sat,2017,Warriors,Nuggets,away,127-108,1&0,-9.0,228.5,19,10.0,6.5,8.2,-1.8,W,W,O,"0
Nov","04,",2017,recap,Sat,2017,Pistons,Kings,home,108-99,0&2,-9.0,194.0,9,0.0,13.0,6.5,6.5,W,P,O,"0
Nov","04,",2017,recap,Sat,2017,Kings,Pistons,away,99-108,2&0,9.0,194.0,-9,0.0,13.0,6.5,6.5,L,P,O,"0
Nov","04,",2017,recap,Sat,2017,Timberwolves,Mavericks,home,112-99,2&0,-12.5,213.5,13,0.5,-2.5,-1.0,-1.5,W,W,U,"0
Nov","04,",2017,recap,Sat,2017,Mavericks,Timberwolves,away,99-112,0&2,12.5,213.5,-13,-0.5,-2.5,-1.5,-1.0,L,L,U,0
