Date,Link,Day,Season,Team,Opp,Site,Final,Rest,Line,Total,SUm,ATSm,OUm,DPS,DPA,SUr,ATSr,OUr,"ot
Apr","05,",2017,recap,Wed,2016,Celtics,Cavaliers,home,91-114,2&0,-3.5,219.5,-23,-26.5,-14.5,-20.5,6.0,L,L,U,"0
Apr","05,",2017,recap,Wed,2016,Cavaliers,Celtics,away,114-91,0&2,3.5,219.5,23,26.5,-14.5,6.0,-20.5,W,W,U,"0
Apr","05,",2017,recap,Wed,2016,Clippers,Mavericks,home,112-101,3&0,-11.5,203.0,11,-0.5,10.0,4.8,5.2,W,L,O,"0
Apr","05,",2017,recap,Wed,2016,Mavericks,Clippers,away,101-112,0&3,11.5,203.0,-11,0.5,10.0,5.2,4.8,L,W,O,"0
Apr","05,",2017,recap,Wed,2016,Grizzlies,Thunder,home,100-103,0&0,1.5,201.0,-3,-1.5,2.0,0.2,1.8,L,L,O,"0
Apr","05,",2017,recap,Wed,2016,Thunder,Grizzlies,away,103-100,0&0,-1.5,201.0,3,1.5,2.0,1.8,0.2,W,W,O,"0
Apr","05,",2017,recap,Wed,2016,Hornets,Heat,home,99-112,0&2,-1.5,206.0,-13,-14.5,5.0,-4.8,9.8,L,L,O,"0
Apr","05,",2017,recap,Wed,2016,Heat,Hornets,away,112-99,2&0,1.5,206.0,13,14.5,5.0,9.8,-4.8,W,W,O,"0
Apr","05,",2017,recap,Wed,2016,Pistons,Raptors,home,102-105,4&0,2.0,201.0,-3,-1.0,6.0,2.5,3.5,L,L,O,"0
Apr","05,",2017,recap,Wed,2016,Raptors,Pistons,away,105-102,0&4,-2.0,201.0,3,1.0,6.0,3.5,2.5,W,W,O,"0
Apr","05,",2017,recap,Wed,2016,Rockets,Nuggets,home,110-104,2&0,-8.0,240.0,6,-2.0,-26.0,-14.0,-12.0,W,L,U,"0
Apr","05,",2017,recap,Wed,2016,Nuggets,Rockets,away,104-110,0&2,8.0,240.0,-6,2.0,-26.0,-12.0,-14.0,L,W,U,"0
Apr","05,",2017,recap,Wed,2016,Spurs,Lakers,home,95-102,0&2,-12.0,206.5,-7,-19.0,-9.5,-14.2,4.8,L,L,U,"0
Apr","05,",2017,recap,Wed,2016,Lakers,Spurs,away,102-95,2&0,12.0,206.5,7,19.0,-9.5,4.8,-14.2,W,W,U,"0
Apr","05,",2017,recap,Wed,2016,Suns,Warriors,home,111-120,2&0,9.0,228.0,-9,0.0,3.0,1.5,1.5,L,P,O,"0
Apr","05,",2017,recap,Wed,2016,Warriors,Suns,away,120-111,0&2,-9.0,228.0,9,0.0,3.0,1.5,1.5,W,P,O,0
