Date,Link,Day,Season,Team,Opp,Site,Final,Rest,Line,Total,SUm,ATSm,OUm,DPS,DPA,SUr,ATSr,OUr,"ot
Feb","23,",2017,recap,Thu,2016,Cavaliers,Knicks,home,119-104,7&7,-10.5,223.0,15,4.5,0.0,2.2,-2.2,W,W,P,"0
Feb","23,",2017,recap,Thu,2016,Knicks,Cavaliers,away,104-119,7&7,10.5,223.0,-15,-4.5,0.0,-2.2,2.2,L,L,P,"0
Feb","23,",2017,recap,Thu,2016,Kings,Nuggets,home,116-100,7&7,6.0,220.5,16,22.0,-4.5,8.8,-13.2,W,W,U,"0
Feb","23,",2017,recap,Thu,2016,Nuggets,Kings,away,100-116,7&7,-6.0,220.5,-16,-22.0,-4.5,-13.2,8.8,L,L,U,"0
Feb","23,",2017,recap,Thu,2016,Magic,Trailblazers,home,103-112,7&7,2.5,216.5,-9,-6.5,-1.5,-4.0,2.5,L,L,U,"0
Feb","23,",2017,recap,Thu,2016,Trailblazers,Magic,away,112-103,7&7,-2.5,216.5,9,6.5,-1.5,2.5,-4.0,W,W,U,"0
Feb","23,",2017,recap,Thu,2016,Pelicans,Rockets,home,99-129,7&7,4.0,228.5,-30,-26.0,-0.5,-13.2,12.8,L,L,U,"0
Feb","23,",2017,recap,Thu,2016,Rockets,Pelicans,away,129-99,7&7,-4.0,228.5,30,26.0,-0.5,12.8,-13.2,W,W,U,"0
Feb","23,",2017,recap,Thu,2016,Pistons,Hornets,home,114-108,7&7,-5.0,207.5,6,1.0,14.5,7.8,6.8,W,W,O,"1
Feb","23,",2017,recap,Thu,2016,Hornets,Pistons,away,108-114,7&7,5.0,207.5,-6,-1.0,14.5,6.8,7.8,L,L,O,"1
Feb","23,",2017,recap,Thu,2016,Warriors,Clippers,home,123-113,7&7,-12.5,230.5,10,-2.5,5.5,1.5,4.0,W,L,O,"0
Feb","23,",2017,recap,Thu,2016,Clippers,Warriors,away,113-123,7&7,12.5,230.5,-10,2.5,5.5,4.0,1.5,L,W,O,0
