Date,Link,Day,Season,Team,Opp,Site,Final,Rest,Line,Total,SUm,ATSm,OUm,DPS,DPA,SUr,ATSr,OUr,"ot
Mar","11,",2017,recap,Sat,2016,Bucks,Timberwolves,home,102-95,0&0,-3.0,203.0,7,4.0,-6.0,-1.0,-5.0,W,W,U,"0
Mar","11,",2017,recap,Sat,2016,Timberwolves,Bucks,away,95-102,0&0,3.0,203.0,-7,-4.0,-6.0,-5.0,-1.0,L,L,U,"0
Mar","11,",2017,recap,Sat,2016,Clippers,Seventysixers,home,112-100,1&1,-13.0,215.0,12,-1.0,-3.0,-2.0,-1.0,W,L,U,"0
Mar","11,",2017,recap,Sat,2016,Seventysixers,Clippers,away,100-112,1&1,13.0,215.0,-12,1.0,-3.0,-1.0,-2.0,L,W,U,"0
Mar","11,",2017,recap,Sat,2016,Grizzlies,Hawks,home,90-107,1&0,-5.5,204.0,-17,-22.5,-7.0,-14.8,7.8,L,L,U,"0
Mar","11,",2017,recap,Sat,2016,Hawks,Grizzlies,away,107-90,0&1,5.5,204.0,17,22.5,-7.0,7.8,-14.8,W,W,U,"0
Mar","11,",2017,recap,Sat,2016,Heat,Raptors,home,104-89,2&0,-6.0,202.0,15,9.0,-9.0,0.0,-9.0,W,W,U,"0
Mar","11,",2017,recap,Sat,2016,Raptors,Heat,away,89-104,0&2,6.0,202.0,-15,-9.0,-9.0,-9.0,0.0,L,L,U,"0
Mar","11,",2017,recap,Sat,2016,Hornets,Pelicans,home,122-125,0&2,-2.5,204.0,-3,-5.5,43.0,18.8,24.2,L,L,O,"1
Mar","11,",2017,recap,Sat,2016,Pelicans,Hornets,away,125-122,2&0,2.5,204.0,3,5.5,43.0,24.2,18.8,W,W,O,"1
Mar","11,",2017,recap,Sat,2016,Kings,Nuggets,home,92-105,0&0,6.0,215.5,-13,-7.0,-18.5,-12.8,-5.8,L,L,U,"0
Mar","11,",2017,recap,Sat,2016,Nuggets,Kings,away,105-92,0&0,-6.0,215.5,13,7.0,-18.5,-5.8,-12.8,W,W,U,"0
Mar","11,",2017,recap,Sat,2016,Magic,Cavaliers,home,104-116,0&1,9.0,215.0,-12,-3.0,5.0,1.0,4.0,L,L,O,"0
Mar","11,",2017,recap,Sat,2016,Cavaliers,Magic,away,116-104,1&0,-9.0,215.0,12,3.0,5.0,4.0,1.0,W,W,O,"0
Mar","11,",2017,recap,Sat,2016,Mavericks,Suns,home,98-100,0&1,-5.5,216.0,-2,-7.5,-18.0,-12.8,-5.2,L,L,U,"0
Mar","11,",2017,recap,Sat,2016,Suns,Mavericks,away,100-98,1&0,5.5,216.0,2,7.5,-18.0,-5.2,-12.8,W,W,U,"0
Mar","11,",2017,recap,Sat,2016,Pistons,Knicks,home,112-92,1&2,-6.5,211.0,20,13.5,-7.0,3.2,-10.2,W,W,U,"0
Mar","11,",2017,recap,Sat,2016,Knicks,Pistons,away,92-112,2&1,6.5,211.0,-20,-13.5,-7.0,-10.2,3.2,L,L,U,"0
Mar","11,",2017,recap,Sat,2016,Spurs,Warriors,home,107-85,1&0,-12.0,198.5,22,10.0,-6.5,1.8,-8.2,W,W,U,"0
Mar","11,",2017,recap,Sat,2016,Warriors,Spurs,away,85-107,0&1,12.0,198.5,-22,-10.0,-6.5,-8.2,1.8,L,L,U,"0
Mar","11,",2017,recap,Sat,2016,Thunder,Jazz,home,112-104,1&2,-4.5,207.0,8,3.5,9.0,6.2,2.8,W,W,O,"0
Mar","11,",2017,recap,Sat,2016,Jazz,Thunder,away,104-112,2&1,4.5,207.0,-8,-3.5,9.0,2.8,6.2,L,L,O,"0
Mar","11,",2017,recap,Sat,2016,Trailblazers,Wizards,home,124-125,1&0,-3.0,224.0,-1,-4.0,25.0,10.5,14.5,L,L,O,"1
Mar","11,",2017,recap,Sat,2016,Wizards,Trailblazers,away,125-124,0&1,3.0,224.0,1,4.0,25.0,14.5,10.5,W,W,O,1
