Date,Link,Day,Season,Team,Opp,Site,Final,Rest,Line,Total,SUm,ATSm,OUm,DPS,DPA,SUr,ATSr,OUr,"ot
Jan","02,",2017,recap,Mon,2016,Bucks,Thunder,home,98-94,1&1,-1.5,213.0,4,2.5,-21.0,-9.2,-11.8,W,W,U,"0
Jan","02,",2017,recap,Mon,2016,Thunder,Bucks,away,94-98,1&1,1.5,213.0,-4,-2.5,-21.0,-11.8,-9.2,L,L,U,"0
Jan","02,",2017,recap,Mon,2016,Bulls,Hornets,home,118-111,1&1,-2.0,202.5,7,5.0,26.5,15.8,10.8,W,W,O,"0
Jan","02,",2017,recap,Mon,2016,Hornets,Bulls,away,111-118,1&1,2.0,202.5,-7,-5.0,26.5,10.8,15.8,L,L,O,"0
Jan","02,",2017,recap,Mon,2016,Cavaliers,Pelicans,home,90-82,1&2,-9.0,218.0,8,-1.0,-46.0,-23.5,-22.5,W,L,U,"0
Jan","02,",2017,recap,Mon,2016,Pelicans,Cavaliers,away,82-90,2&1,9.0,218.0,-8,1.0,-46.0,-22.5,-23.5,L,W,U,"0
Jan","02,",2017,recap,Mon,2016,Clippers,Suns,home,109-98,1&1,-5.5,209.5,11,5.5,-2.5,1.5,-4.0,W,W,U,"0
Jan","02,",2017,recap,Mon,2016,Suns,Clippers,away,98-109,1&1,5.5,209.5,-11,-5.5,-2.5,-4.0,1.5,L,L,U,"0
Jan","02,",2017,recap,Mon,2016,Knicks,Magic,home,103-115,1&0,-3.5,208.5,-12,-15.5,9.5,-3.0,12.5,L,L,O,"0
Jan","02,",2017,recap,Mon,2016,Magic,Knicks,away,115-103,0&1,3.5,208.5,12,15.5,9.5,12.5,-3.0,W,W,O,"0
Jan","02,",2017,recap,Mon,2016,Nets,Jazz,home,89-101,2&1,6.5,204.0,-12,-5.5,-14.0,-9.8,-4.2,L,L,U,"0
Jan","02,",2017,recap,Mon,2016,Jazz,Nets,away,101-89,1&2,-6.5,204.0,12,5.5,-14.0,-4.2,-9.8,W,W,U,"0
Jan","02,",2017,recap,Mon,2016,Rockets,Wizards,home,101-91,1&2,-8.5,229.5,10,1.5,-37.5,-18.0,-19.5,W,W,U,"0
Jan","02,",2017,recap,Mon,2016,Wizards,Rockets,away,91-101,2&1,8.5,229.5,-10,-1.5,-37.5,-19.5,-18.0,L,L,U,"0
Jan","02,",2017,recap,Mon,2016,Warriors,Nuggets,home,127-119,2&2,-15.0,230.5,8,-7.0,15.5,4.2,11.2,W,L,O,"0
Jan","02,",2017,recap,Mon,2016,Nuggets,Warriors,away,119-127,2&2,15.0,230.5,-8,7.0,15.5,11.2,4.2,L,W,O,0
