Date,Link,Day,Season,Team,Opp,Site,Final,Rest,Line,Total,SUm,ATSm,OUm,DPS,DPA,SUr,ATSr,OUr,"ot
Feb","06,",2017,recap,Mon,2016,Grizzlies,Spurs,home,89-74,1&1,0.0,202.0,15,15.0,-39.0,-12.0,-27.0,W,W,U,"0
Feb","06,",2017,recap,Mon,2016,Spurs,Grizzlies,away,74-89,1&1,0.0,202.0,-15,-15.0,-39.0,-27.0,-12.0,L,L,U,"0
Feb","06,",2017,recap,Mon,2016,Hawks,Jazz,home,95-120,1&1,1.0,197.5,-25,-24.0,17.5,-3.2,20.8,L,L,O,"0
Feb","06,",2017,recap,Mon,2016,Jazz,Hawks,away,120-95,1&1,-1.0,197.5,25,24.0,17.5,20.8,-3.2,W,W,O,"0
Feb","06,",2017,recap,Mon,2016,Kings,Bulls,home,107-112,1&2,-2.5,204.5,-5,-7.5,14.5,3.5,11.0,L,L,O,"0
Feb","06,",2017,recap,Mon,2016,Bulls,Kings,away,112-107,2&1,2.5,204.5,5,7.5,14.5,11.0,3.5,W,W,O,"0
Feb","06,",2017,recap,Mon,2016,Knicks,Lakers,home,107-121,1&2,-4.5,222.5,-14,-18.5,5.5,-6.5,12.0,L,L,O,"0
Feb","06,",2017,recap,Mon,2016,Lakers,Knicks,away,121-107,2&1,4.5,222.5,14,18.5,5.5,12.0,-6.5,W,W,O,"0
Feb","06,",2017,recap,Mon,2016,Nuggets,Mavericks,home,110-87,1&2,-3.5,214.0,23,19.5,-17.0,1.2,-18.2,W,W,U,"0
Feb","06,",2017,recap,Mon,2016,Mavericks,Nuggets,away,87-110,2&1,3.5,214.0,-23,-19.5,-17.0,-18.2,1.2,L,L,U,"0
Feb","06,",2017,recap,Mon,2016,Pacers,Thunder,home,93-90,1&0,-4.0,211.5,3,-1.0,-28.5,-14.8,-13.8,W,L,U,"0
Feb","06,",2017,recap,Mon,2016,Thunder,Pacers,away,90-93,0&1,4.0,211.5,-3,1.0,-28.5,-13.8,-14.8,L,W,U,"0
Feb","06,",2017,recap,Mon,2016,Pelicans,Suns,home,111-106,1&1,-5.5,221.0,5,-0.5,-4.0,-2.2,-1.8,W,L,U,"0
Feb","06,",2017,recap,Mon,2016,Suns,Pelicans,away,106-111,1&1,5.5,221.0,-5,0.5,-4.0,-1.8,-2.2,L,W,U,"0
Feb","06,",2017,recap,Mon,2016,Pistons,Seventysixers,home,113-96,1&1,-9.5,212.5,17,7.5,-3.5,2.0,-5.5,W,W,U,"0
Feb","06,",2017,recap,Mon,2016,Seventysixers,Pistons,away,96-113,1&1,9.5,212.5,-17,-7.5,-3.5,-5.5,2.0,L,L,U,"0
Feb","06,",2017,recap,Mon,2016,Raptors,Clippers,home,118-109,0&0,-5.0,213.5,9,4.0,13.5,8.8,4.8,W,W,O,"0
Feb","06,",2017,recap,Mon,2016,Clippers,Raptors,away,109-118,0&0,5.0,213.5,-9,-4.0,13.5,4.8,8.8,L,L,O,"0
Feb","06,",2017,recap,Mon,2016,Timberwolves,Heat,home,113-115,1&1,0.0,206.0,-2,-2.0,22.0,10.0,12.0,L,L,O,"0
Feb","06,",2017,recap,Mon,2016,Heat,Timberwolves,away,115-113,1&1,-0.0,206.0,2,2.0,22.0,12.0,10.0,W,W,O,"0
Feb","06,",2017,recap,Mon,2016,Wizards,Cavaliers,home,135-140,1&1,1.0,220.0,-5,-4.0,55.0,25.5,29.5,L,L,O,"1
Feb","06,",2017,recap,Mon,2016,Cavaliers,Wizards,away,140-135,1&1,-1.0,220.0,5,4.0,55.0,29.5,25.5,W,W,O,1
