Date,Link,Day,Season,Team,Opp,Site,Final,Rest,Line,Total,SUm,ATSm,OUm,DPS,DPA,SUr,ATSr,OUr,"ot
Dec","05,",2017,recap,Tue,2017,Raptors,Suns,home,126-113,3&0,-13.5,225.0,13,-0.5,14.0,6.8,7.2,W,L,O,"0
Dec","05,",2017,recap,Tue,2017,Suns,Raptors,away,113-126,0&3,13.5,225.0,-13,0.5,14.0,7.2,6.8,L,W,O,"0
Dec","05,",2017,recap,Tue,2017,Thunder,Jazz,home,100-94,1&0,-7.0,197.0,6,-1.0,-3.0,-2.0,-1.0,W,L,U,"0
Dec","05,",2017,recap,Tue,2017,Jazz,Thunder,away,94-100,0&1,7.0,197.0,-6,1.0,-3.0,-1.0,-2.0,L,W,U,"0
Dec","05,",2017,recap,Tue,2017,Trailblazers,Wizards,home,92-106,2&0,-5.5,202.0,-14,-19.5,-4.0,-11.8,7.8,L,L,U,"0
Dec","05,",2017,recap,Tue,2017,Wizards,Trailblazers,away,106-92,0&2,5.5,202.0,14,19.5,-4.0,7.8,-11.8,W,W,U,0
