Date,Link,Day,Season,Team,Opp,Site,Final,Rest,Line,Total,SUm,ATSm,OUm,DPS,DPA,SUr,ATSr,OUr,"ot
Jan","01,",2017,recap,Sun,2016,Hawks,Spurs,home,114-112,1&1,5.0,199.5,2,7.0,26.5,16.8,9.8,W,W,O,"1
Jan","01,",2017,recap,Sun,2016,Spurs,Hawks,away,112-114,1&1,-5.0,199.5,-2,-7.0,26.5,9.8,16.8,L,L,O,"1
Jan","01,",2017,recap,Sun,2016,Heat,Pistons,home,98-107,1&1,6.5,198.5,-9,-2.5,6.5,2.0,4.5,L,L,O,"0
Jan","01,",2017,recap,Sun,2016,Pistons,Heat,away,107-98,1&1,-6.5,198.5,9,2.5,6.5,4.5,2.0,W,W,O,"0
Jan","01,",2017,recap,Sun,2016,Lakers,Raptors,home,114-123,2&2,8.0,218.5,-9,-1.0,18.5,8.8,9.8,L,L,O,"0
Jan","01,",2017,recap,Sun,2016,Raptors,Lakers,away,123-114,2&2,-8.0,218.5,9,1.0,18.5,9.8,8.8,W,W,O,"0
Jan","01,",2017,recap,Sun,2016,Pacers,Magic,home,117-104,1&3,-6.0,209.5,13,7.0,11.5,9.2,2.2,W,W,O,"0
Jan","01,",2017,recap,Sun,2016,Magic,Pacers,away,104-117,3&1,6.0,209.5,-13,-7.0,11.5,2.2,9.2,L,L,O,"0
Jan","01,",2017,recap,Sun,2016,Timberwolves,Trailblazers,home,89-95,1&1,-5.5,208.5,-6,-11.5,-24.5,-18.0,-6.5,L,L,U,"0
Jan","01,",2017,recap,Sun,2016,Trailblazers,Timberwolves,away,95-89,1&1,5.5,208.5,6,11.5,-24.5,-6.5,-18.0,W,W,U,0
