Date,Link,Day,Season,Team,Opp,Site,Final,Rest,Line,Total,SUm,ATSm,OUm,DPS,DPA,SUr,ATSr,OUr,"ot
Apr","07,",2017,recap,Fri,2016,Cavaliers,Hawks,home,100-114,1&0,-12.0,212.5,-14,-26.0,1.5,-12.2,13.8,L,L,O,"0
Apr","07,",2017,recap,Fri,2016,Hawks,Cavaliers,away,114-100,0&1,12.0,212.5,14,26.0,1.5,13.8,-12.2,W,W,O,"0
Apr","07,",2017,recap,Fri,2016,Grizzlies,Knicks,home,101-88,1&0,-12.5,195.5,13,0.5,-6.5,-3.0,-3.5,W,W,U,"0
Apr","07,",2017,recap,Fri,2016,Knicks,Grizzlies,away,88-101,0&1,12.5,195.5,-13,-0.5,-6.5,-3.5,-3.0,L,L,U,"0
Apr","07,",2017,recap,Fri,2016,Jazz,Timberwolves,home,120-113,2&0,-10.0,199.5,7,-3.0,33.5,15.2,18.2,W,L,O,"0
Apr","07,",2017,recap,Fri,2016,Timberwolves,Jazz,away,113-120,0&2,10.0,199.5,-7,3.0,33.5,18.2,15.2,L,W,O,"0
Apr","07,",2017,recap,Fri,2016,Lakers,Kings,home,98-94,1&2,-3.0,213.5,4,1.0,-21.5,-10.2,-11.2,W,W,U,"0
Apr","07,",2017,recap,Fri,2016,Kings,Lakers,away,94-98,2&1,3.0,213.5,-4,-1.0,-21.5,-11.2,-10.2,L,L,U,"0
Apr","07,",2017,recap,Fri,2016,Mavericks,Spurs,home,89-102,1&1,-5.0,189.5,-13,-18.0,1.5,-8.2,9.8,L,L,O,"0
Apr","07,",2017,recap,Fri,2016,Spurs,Mavericks,away,102-89,1&1,5.0,189.5,13,18.0,1.5,9.8,-8.2,W,W,O,"0
Apr","07,",2017,recap,Fri,2016,Nuggets,Pelicans,home,122-106,1&2,-7.5,229.5,16,8.5,-1.5,3.5,-5.0,W,W,U,"0
Apr","07,",2017,recap,Fri,2016,Pelicans,Nuggets,away,106-122,2&1,7.5,229.5,-16,-8.5,-1.5,-5.0,3.5,L,L,U,"0
Apr","07,",2017,recap,Fri,2016,Raptors,Heat,home,96-94,1&1,-4.5,206.0,2,-2.5,-16.0,-9.2,-6.8,W,L,U,"0
Apr","07,",2017,recap,Fri,2016,Heat,Raptors,away,94-96,1&1,4.5,206.0,-2,2.5,-16.0,-6.8,-9.2,L,W,U,"0
Apr","07,",2017,recap,Fri,2016,Rockets,Pistons,home,109-114,1&1,-11.0,223.5,-5,-16.0,-0.5,-8.2,7.8,L,L,U,"0
Apr","07,",2017,recap,Fri,2016,Pistons,Rockets,away,114-109,1&1,11.0,223.5,5,16.0,-0.5,7.8,-8.2,W,W,U,"0
Apr","07,",2017,recap,Fri,2016,Suns,Thunder,home,120-99,1&1,8.0,226.0,21,29.0,-7.0,11.0,-18.0,W,W,U,"0
Apr","07,",2017,recap,Fri,2016,Thunder,Suns,away,99-120,1&1,-8.0,226.0,-21,-29.0,-7.0,-18.0,11.0,L,L,U,0
