Date,Link,Day,Season,Team,Opp,Site,Final,Rest,Line,Total,SUm,ATSm,OUm,DPS,DPA,SUr,ATSr,OUr,"ot
Jan","18,",2017,recap,Wed,2016,Celtics,Knicks,home,106-117,1&1,-8.5,220.0,-11,-19.5,3.0,-8.2,11.2,L,L,O,"0
Jan","18,",2017,recap,Wed,2016,Knicks,Celtics,away,117-106,1&1,8.5,220.0,11,19.5,3.0,11.2,-8.2,W,W,O,"0
Jan","18,",2017,recap,Wed,2016,Hornets,Trailblazers,home,107-85,1&1,-5.0,215.5,22,17.0,-23.5,-3.2,-20.2,W,W,U,"0
Jan","18,",2017,recap,Wed,2016,Trailblazers,Hornets,away,85-107,1&1,5.0,215.5,-22,-17.0,-23.5,-20.2,-3.2,L,L,U,"0
Jan","18,",2017,recap,Wed,2016,Kings,Pacers,home,100-106,2&1,-1.5,214.5,-6,-7.5,-8.5,-8.0,-0.5,L,L,U,"0
Jan","18,",2017,recap,Wed,2016,Pacers,Kings,away,106-100,1&2,1.5,214.5,6,7.5,-8.5,-0.5,-8.0,W,W,U,"0
Jan","18,",2017,recap,Wed,2016,Pelicans,Magic,home,118-98,1&1,-5.5,211.0,20,14.5,5.0,9.8,-4.8,W,W,O,"0
Jan","18,",2017,recap,Wed,2016,Magic,Pelicans,away,98-118,1&1,5.5,211.0,-20,-14.5,5.0,-4.8,9.8,L,L,O,"0
Jan","18,",2017,recap,Wed,2016,Pistons,Hawks,home,118-95,2&1,1.5,202.0,23,24.5,11.0,17.8,-6.8,W,W,O,"0
Jan","18,",2017,recap,Wed,2016,Hawks,Pistons,away,95-118,1&2,-1.5,202.0,-23,-24.5,11.0,-6.8,17.8,L,L,O,"0
Jan","18,",2017,recap,Wed,2016,Rockets,Bucks,home,111-92,0&1,-7.0,226.0,19,12.0,-23.0,-5.5,-17.5,W,W,U,"0
Jan","18,",2017,recap,Wed,2016,Bucks,Rockets,away,92-111,1&0,7.0,226.0,-19,-12.0,-23.0,-17.5,-5.5,L,L,U,"0
Jan","18,",2017,recap,Wed,2016,Seventysixers,Raptors,home,94-89,1&0,5.0,211.0,5,10.0,-28.0,-9.0,-19.0,W,W,U,"0
Jan","18,",2017,recap,Wed,2016,Raptors,Seventysixers,away,89-94,0&1,-5.0,211.0,-5,-10.0,-28.0,-19.0,-9.0,L,L,U,"0
Jan","18,",2017,recap,Wed,2016,Warriors,Thunder,home,121-100,1&1,-13.5,228.0,21,7.5,-7.0,0.2,-7.2,W,W,U,"0
Jan","18,",2017,recap,Wed,2016,Thunder,Warriors,away,100-121,1&1,13.5,228.0,-21,-7.5,-7.0,-7.2,0.2,L,L,U,"0
Jan","18,",2017,recap,Wed,2016,Wizards,Grizzlies,home,104-101,1&2,-2.5,207.0,3,0.5,-2.0,-0.8,-1.2,W,W,U,"0
Jan","18,",2017,recap,Wed,2016,Grizzlies,Wizards,away,101-104,2&1,2.5,207.0,-3,-0.5,-2.0,-1.2,-0.8,L,L,U,0
