Date,Link,Day,Season,Team,Opp,Site,Final,Rest,Line,Total,SUm,ATSm,OUm,DPS,DPA,SUr,ATSr,OUr,"ot
Mar","18,",2017,recap,Sat,2016,Bulls,Jazz,home,95-86,0&1,5.5,192.0,9,14.5,-11.0,1.8,-12.8,W,W,U,"0
Mar","18,",2017,recap,Sat,2016,Jazz,Bulls,away,86-95,1&0,-5.5,192.0,-9,-14.5,-11.0,-12.8,1.8,L,L,U,"0
Mar","18,",2017,recap,Sat,2016,Clippers,Cavaliers,home,108-78,1&1,-13.5,218.0,30,16.5,-32.0,-7.8,-24.2,W,W,U,"0
Mar","18,",2017,recap,Sat,2016,Cavaliers,Clippers,away,78-108,1&1,13.5,218.0,-30,-16.5,-32.0,-24.2,-7.8,L,L,U,"0
Mar","18,",2017,recap,Sat,2016,Grizzlies,Spurs,home,104-96,1&2,3.5,197.5,8,11.5,2.5,7.0,-4.5,W,W,O,"0
Mar","18,",2017,recap,Sat,2016,Spurs,Grizzlies,away,96-104,2&1,-3.5,197.5,-8,-11.5,2.5,-4.5,7.0,L,L,O,"0
Mar","18,",2017,recap,Sat,2016,Hawks,Trailblazers,home,97-113,1&2,-2.0,213.5,-16,-18.0,-3.5,-10.8,7.2,L,L,U,"0
Mar","18,",2017,recap,Sat,2016,Trailblazers,Hawks,away,113-97,2&1,2.0,213.5,16,18.0,-3.5,7.2,-10.8,W,W,U,"0
Mar","18,",2017,recap,Sat,2016,Hornets,Wizards,home,98-93,2&0,-4.0,214.5,5,1.0,-23.5,-11.2,-12.2,W,W,U,"0
Mar","18,",2017,recap,Sat,2016,Wizards,Hornets,away,93-98,0&2,4.0,214.5,-5,-1.0,-23.5,-12.2,-11.2,L,L,U,"0
Mar","18,",2017,recap,Sat,2016,Nuggets,Rockets,home,105-109,1&0,3.0,239.5,-4,-1.0,-25.5,-13.2,-12.2,L,L,U,"0
Mar","18,",2017,recap,Sat,2016,Rockets,Nuggets,away,109-105,0&1,-3.0,239.5,4,1.0,-25.5,-12.2,-13.2,W,W,U,"0
Mar","18,",2017,recap,Sat,2016,Thunder,Kings,home,110-94,1&2,-13.0,213.0,16,3.0,-9.0,-3.0,-6.0,W,W,U,"0
Mar","18,",2017,recap,Sat,2016,Kings,Thunder,away,94-110,2&1,13.0,213.0,-16,-3.0,-9.0,-6.0,-3.0,L,L,U,"0
Mar","18,",2017,recap,Sat,2016,Warriors,Bucks,home,117-92,1&0,-11.5,214.0,25,13.5,-5.0,4.2,-9.2,W,W,U,"0
Mar","18,",2017,recap,Sat,2016,Bucks,Warriors,away,92-117,0&1,11.5,214.0,-25,-13.5,-5.0,-9.2,4.2,L,L,U,0
