Date,Link,Day,Season,Team,Opp,Site,Final,Rest,Line,Total,SUm,ATSm,OUm,DPS,DPA,SUr,ATSr,OUr,"ot
Mar","10,",2017,recap,Fri,2016,Bucks,Pacers,home,99-85,1&1,-2.5,205.0,14,11.5,-21.0,-4.8,-16.2,W,W,U,"0
Mar","10,",2017,recap,Fri,2016,Pacers,Bucks,away,85-99,1&1,2.5,205.0,-14,-11.5,-21.0,-16.2,-4.8,L,L,U,"0
Mar","10,",2017,recap,Fri,2016,Bulls,Rockets,home,94-115,1&1,6.5,223.5,-21,-14.5,-14.5,-14.5,0.0,L,L,U,"0
Mar","10,",2017,recap,Fri,2016,Rockets,Bulls,away,115-94,1&1,-6.5,223.5,21,14.5,-14.5,0.0,-14.5,W,W,U,"0
Mar","10,",2017,recap,Fri,2016,Hawks,Raptors,home,105-99,1&1,-3.0,203.5,6,3.0,0.5,1.8,-1.2,W,W,O,"0
Mar","10,",2017,recap,Fri,2016,Raptors,Hawks,away,99-105,1&1,3.0,203.5,-6,-3.0,0.5,-1.2,1.8,L,L,O,"0
Mar","10,",2017,recap,Fri,2016,Hornets,Magic,home,121-81,1&1,-8.0,205.0,40,32.0,-3.0,14.5,-17.5,W,W,U,"0
Mar","10,",2017,recap,Fri,2016,Magic,Hornets,away,81-121,1&1,8.0,205.0,-40,-32.0,-3.0,-17.5,14.5,L,L,U,"0
Mar","10,",2017,recap,Fri,2016,Kings,Wizards,home,122-130,1&1,7.5,214.0,-8,-0.5,38.0,18.8,19.2,L,L,O,"1
Mar","10,",2017,recap,Fri,2016,Wizards,Kings,away,130-122,1&1,-7.5,214.0,8,0.5,38.0,19.2,18.8,W,W,O,"1
Mar","10,",2017,recap,Fri,2016,Mavericks,Nets,home,105-96,2&1,-10.0,212.0,9,-1.0,-11.0,-6.0,-5.0,W,L,U,"0
Mar","10,",2017,recap,Fri,2016,Nets,Mavericks,away,96-105,1&2,10.0,212.0,-9,1.0,-11.0,-5.0,-6.0,L,W,U,"0
Mar","10,",2017,recap,Fri,2016,Nuggets,Celtics,home,119-99,1&1,2.5,222.0,20,22.5,-4.0,9.2,-13.2,W,W,U,"0
Mar","10,",2017,recap,Fri,2016,Celtics,Nuggets,away,99-119,1&1,-2.5,222.0,-20,-22.5,-4.0,-13.2,9.2,L,L,U,"0
Mar","10,",2017,recap,Fri,2016,Timberwolves,Warriors,home,103-102,1&1,4.5,213.0,1,5.5,-8.0,-1.2,-6.8,W,W,U,"0
Mar","10,",2017,recap,Fri,2016,Warriors,Timberwolves,away,102-103,1&1,-4.5,213.0,-1,-5.5,-8.0,-6.8,-1.2,L,L,U,0
