Date,Link,Day,Season,Team,Opp,Site,Final,Rest,Line,Total,SUm,ATSm,OUm,DPS,DPA,SUr,ATSr,OUr,"ot
Mar","31,",2017,recap,Fri,2016,Bucks,Pistons,home,108-105,1&0,-7.5,199.5,3,-4.5,13.5,4.5,9.0,W,L,O,"1
Mar","31,",2017,recap,Fri,2016,Pistons,Bucks,away,105-108,0&1,7.5,199.5,-3,4.5,13.5,9.0,4.5,L,W,O,"1
Mar","31,",2017,recap,Fri,2016,Cavaliers,Seventysixers,home,122-105,0&1,-12.0,218.5,17,5.0,8.5,6.8,1.8,W,W,O,"0
Mar","31,",2017,recap,Fri,2016,Seventysixers,Cavaliers,away,105-122,1&0,12.0,218.5,-17,-5.0,8.5,1.8,6.8,L,L,O,"0
Mar","31,",2017,recap,Fri,2016,Celtics,Magic,home,117-116,1&1,-10.0,217.5,1,-9.0,15.5,3.2,12.2,W,L,O,"0
Mar","31,",2017,recap,Fri,2016,Magic,Celtics,away,116-117,1&1,10.0,217.5,-1,9.0,15.5,12.2,3.2,L,W,O,"0
Mar","31,",2017,recap,Fri,2016,Grizzlies,Mavericks,home,99-90,1&1,-4.0,191.0,9,5.0,-2.0,1.5,-3.5,W,W,U,"0
Mar","31,",2017,recap,Fri,2016,Mavericks,Grizzlies,away,90-99,1&1,4.0,191.0,-9,-5.0,-2.0,-3.5,1.5,L,L,U,"0
Mar","31,",2017,recap,Fri,2016,Heat,Knicks,home,94-98,1&1,-9.5,204.0,-4,-13.5,-12.0,-12.8,0.8,L,L,U,"0
Mar","31,",2017,recap,Fri,2016,Knicks,Heat,away,98-94,1&1,9.5,204.0,4,13.5,-12.0,0.8,-12.8,W,W,U,"0
Mar","31,",2017,recap,Fri,2016,Hornets,Nuggets,home,122-114,1&2,-2.5,220.5,8,5.5,15.5,10.5,5.0,W,W,O,"0
Mar","31,",2017,recap,Fri,2016,Nuggets,Hornets,away,114-122,2&1,2.5,220.5,-8,-5.5,15.5,5.0,10.5,L,L,O,"0
Mar","31,",2017,recap,Fri,2016,Jazz,Wizards,home,95-88,1&1,-3.0,207.0,7,4.0,-24.0,-10.0,-14.0,W,W,U,"0
Mar","31,",2017,recap,Fri,2016,Wizards,Jazz,away,88-95,1&1,3.0,207.0,-7,-4.0,-24.0,-14.0,-10.0,L,L,U,"0
Mar","31,",2017,recap,Fri,2016,Pelicans,Kings,home,117-89,1&1,-11.5,207.5,28,16.5,-1.5,7.5,-9.0,W,W,U,"0
Mar","31,",2017,recap,Fri,2016,Kings,Pelicans,away,89-117,1&1,11.5,207.5,-28,-16.5,-1.5,-9.0,7.5,L,L,U,"0
Mar","31,",2017,recap,Fri,2016,Raptors,Pacers,home,111-100,1&1,-6.0,206.5,11,5.0,4.5,4.8,-0.2,W,W,O,"0
Mar","31,",2017,recap,Fri,2016,Pacers,Raptors,away,100-111,1&1,6.0,206.5,-11,-5.0,4.5,-0.2,4.8,L,L,O,"0
Mar","31,",2017,recap,Fri,2016,Thunder,Spurs,home,95-100,1&1,2.5,208.0,-5,-2.5,-13.0,-7.8,-5.2,L,L,U,"0
Mar","31,",2017,recap,Fri,2016,Spurs,Thunder,away,100-95,1&1,-2.5,208.0,5,2.5,-13.0,-5.2,-7.8,W,W,U,"0
Mar","31,",2017,recap,Fri,2016,Warriors,Rockets,home,107-98,1&0,-9.0,230.5,9,0.0,-25.5,-12.8,-12.8,W,P,U,"0
Mar","31,",2017,recap,Fri,2016,Rockets,Warriors,away,98-107,0&1,9.0,230.5,-9,0.0,-25.5,-12.8,-12.8,L,P,U,0
