Date,Link,Day,Season,Team,Opp,Site,Final,Rest,Line,Total,SUm,ATSm,OUm,DPS,DPA,SUr,ATSr,OUr,"ot
Dec","16,",2017,recap,Sat,2017,Cavaliers,Jazz,home,109-100,1&0,-9.5,210.5,9,-0.5,-1.5,-1.0,-0.5,W,L,U,"0
Dec","16,",2017,recap,Sat,2017,Jazz,Cavaliers,away,100-109,0&1,9.5,210.5,-9,0.5,-1.5,-0.5,-1.0,L,W,U,"0
Dec","16,",2017,recap,Sat,2017,Grizzlies,Celtics,home,93-102,0&0,5.5,193.5,-9,-3.5,1.5,-1.0,2.5,L,L,O,"0
Dec","16,",2017,recap,Sat,2017,Celtics,Grizzlies,away,102-93,0&0,-5.5,193.5,9,3.5,1.5,2.5,-1.0,W,W,O,"0
Dec","16,",2017,recap,Sat,2017,Heat,Clippers,home,90-85,0&0,-6.0,205.0,5,-1.0,-30.0,-15.5,-14.5,W,L,U,"0
Dec","16,",2017,recap,Sat,2017,Clippers,Heat,away,85-90,0&0,6.0,205.0,-5,1.0,-30.0,-14.5,-15.5,L,W,U,"0
Dec","16,",2017,recap,Sat,2017,Hornets,Trailblazers,home,91-93,0&0,-3.0,204.5,-2,-5.0,-20.5,-12.8,-7.8,L,L,U,"0
Dec","16,",2017,recap,Sat,2017,Trailblazers,Hornets,away,93-91,0&0,3.0,204.5,2,5.0,-20.5,-7.8,-12.8,W,W,U,"0
Dec","16,",2017,recap,Sat,2017,Knicks,Thunder,home,111-96,1&0,3.0,202.5,15,18.0,4.5,11.2,-6.8,W,W,O,"0
Dec","16,",2017,recap,Sat,2017,Thunder,Knicks,away,96-111,0&1,-3.0,202.5,-15,-18.0,4.5,-6.8,11.2,L,L,O,"0
Dec","16,",2017,recap,Sat,2017,Rockets,Bucks,home,115-111,0&0,-10.5,222.0,4,-6.5,4.0,-1.2,5.2,W,L,O,"0
Dec","16,",2017,recap,Sat,2017,Bucks,Rockets,away,111-115,0&0,10.5,222.0,-4,6.5,4.0,5.2,-1.2,L,W,O,"0
Dec","16,",2017,recap,Sat,2017,Spurs,Mavericks,home,98-96,0&1,-6.5,197.0,2,-4.5,-3.0,-3.8,0.8,W,L,U,"0
Dec","16,",2017,recap,Sat,2017,Mavericks,Spurs,away,96-98,1&0,6.5,197.0,-2,4.5,-3.0,0.8,-3.8,L,W,U,"0
Dec","16,",2017,recap,Sat,2017,Timberwolves,Suns,home,106-108,1&2,-11.5,217.5,-2,-13.5,-3.5,-8.5,5.0,L,L,U,"0
Dec","16,",2017,recap,Sat,2017,Suns,Timberwolves,away,108-106,2&1,11.5,217.5,2,13.5,-3.5,5.0,-8.5,W,W,U,0
