Date,Link,Day,Season,Team,Opp,Site,Final,Rest,Line,Total,SUm,ATSm,OUm,DPS,DPA,SUr,ATSr,OUr,"ot
Nov","27,",2017,recap,Mon,2017,Celtics,Pistons,home,108-118,1&2,-6.5,199.5,-10,-16.5,26.5,5.0,21.5,L,L,O,"0
Nov","27,",2017,recap,Mon,2017,Pistons,Celtics,away,118-108,2&1,6.5,199.5,10,16.5,26.5,21.5,5.0,W,W,O,"0
Nov","27,",2017,recap,Mon,2017,Clippers,Lakers,home,120-115,1&4,-4.5,215.0,5,0.5,20.0,10.2,9.8,W,W,O,"0
Nov","27,",2017,recap,Mon,2017,Lakers,Clippers,away,115-120,4&1,4.5,215.0,-5,-0.5,20.0,9.8,10.2,L,L,O,"0
Nov","27,",2017,recap,Mon,2017,Knicks,Trailblazers,home,91-103,1&1,1.0,204.0,-12,-11.0,-10.0,-10.5,0.5,L,L,U,"0
Nov","27,",2017,recap,Mon,2017,Trailblazers,Knicks,away,103-91,1&1,-1.0,204.0,12,11.0,-10.0,0.5,-10.5,W,W,U,"0
Nov","27,",2017,recap,Mon,2017,Pacers,Magic,home,121-109,1&1,-4.5,217.0,12,7.5,13.0,10.2,2.8,W,W,O,"0
Nov","27,",2017,recap,Mon,2017,Magic,Pacers,away,109-121,1&1,4.5,217.0,-12,-7.5,13.0,2.8,10.2,L,L,O,"0
Nov","27,",2017,recap,Mon,2017,Rockets,Nets,home,117-103,1&0,-17.5,226.5,14,-3.5,-6.5,-5.0,-1.5,W,L,U,"0
Nov","27,",2017,recap,Mon,2017,Nets,Rockets,away,103-117,0&1,17.5,226.5,-14,3.5,-6.5,-1.5,-5.0,L,W,U,"0
Nov","27,",2017,recap,Mon,2017,Seventysixers,Cavaliers,home,91-113,1&2,-2.5,224.0,-22,-24.5,-20.0,-22.2,2.2,L,L,U,"0
Nov","27,",2017,recap,Mon,2017,Cavaliers,Seventysixers,away,113-91,2&1,2.5,224.0,22,24.5,-20.0,2.2,-22.2,W,W,U,"0
Nov","27,",2017,recap,Mon,2017,Spurs,Mavericks,home,115-108,1&1,-10.0,194.0,7,-3.0,29.0,13.0,16.0,W,L,O,"0
Nov","27,",2017,recap,Mon,2017,Mavericks,Spurs,away,108-115,1&1,10.0,194.0,-7,3.0,29.0,16.0,13.0,L,W,O,"0
Nov","27,",2017,recap,Mon,2017,Warriors,Kings,home,106-110,1&1,-13.5,209.0,-4,-17.5,7.0,-5.2,12.2,L,L,O,"0
Nov","27,",2017,recap,Mon,2017,Kings,Warriors,away,110-106,1&1,13.5,209.0,4,17.5,7.0,12.2,-5.2,W,W,O,0
