Date,Link,Day,Season,Team,Opp,Site,Final,Rest,Line,Total,SUm,ATSm,OUm,DPS,DPA,SUr,ATSr,OUr,"ot
Dec","31,",2017,recap,Sun,2017,Celtics,Nets,home,108-105,2&1,-9.5,210.0,3,-6.5,3.0,-1.8,4.8,W,L,O,"0
Dec","31,",2017,recap,Sun,2017,Nets,Celtics,away,105-108,1&2,9.5,210.0,-3,6.5,3.0,4.8,-1.8,L,W,O,"0
Dec","31,",2017,recap,Sun,2017,Clippers,Hornets,home,106-98,1&1,-2.5,211.5,8,5.5,-7.5,-1.0,-6.5,W,W,U,"0
Dec","31,",2017,recap,Sun,2017,Hornets,Clippers,away,98-106,1&1,2.5,211.5,-8,-5.5,-7.5,-6.5,-1.0,L,L,U,"0
Dec","31,",2017,recap,Sun,2017,Kings,Grizzlies,home,96-114,1&0,-2.5,195.0,-18,-20.5,15.0,-2.8,17.8,L,L,O,"0
Dec","31,",2017,recap,Sun,2017,Grizzlies,Kings,away,114-96,0&1,2.5,195.0,18,20.5,15.0,17.8,-2.8,W,W,O,"0
Dec","31,",2017,recap,Sun,2017,Pacers,Timberwolves,home,90-107,1&2,2.5,208.5,-17,-14.5,-11.5,-13.0,1.5,L,L,U,"0
Dec","31,",2017,recap,Sun,2017,Timberwolves,Pacers,away,107-90,2&1,-2.5,208.5,17,14.5,-11.5,1.5,-13.0,W,W,U,"0
Dec","31,",2017,recap,Sun,2017,Rockets,Lakers,home,148-142,1&1,-15.0,227.0,6,-9.0,63.0,27.0,36.0,W,L,O,"2
Dec","31,",2017,recap,Sun,2017,Lakers,Rockets,away,142-148,1&1,15.0,227.0,-6,9.0,63.0,36.0,27.0,L,W,O,"2
Dec","31,",2017,recap,Sun,2017,Suns,Seventysixers,home,110-123,1&0,3.5,221.0,-13,-9.5,12.0,1.2,10.8,L,L,O,"0
Dec","31,",2017,recap,Sun,2017,Seventysixers,Suns,away,123-110,0&1,-3.5,221.0,13,9.5,12.0,10.8,1.2,W,W,O,"0
Dec","31,",2017,recap,Sun,2017,Thunder,Mavericks,home,113-116,1&1,-6.5,203.5,-3,-9.5,25.5,8.0,17.5,L,L,O,"0
Dec","31,",2017,recap,Sun,2017,Mavericks,Thunder,away,116-113,1&1,6.5,203.5,3,9.5,25.5,17.5,8.0,W,W,O,"0
Dec","31,",2017,recap,Sun,2017,Wizards,Bulls,home,114-110,1&1,-7.0,213.51,4,-3.0,10.49,3.7,6.7,W,L,O,"0
Dec","31,",2017,recap,Sun,2017,Bulls,Wizards,away,110-114,1&1,7.0,213.51,-4,3.0,10.49,6.7,3.7,L,W,O,0
