Date,Link,Day,Season,Team,Opp,Site,Final,Rest,Line,Total,SUm,ATSm,OUm,DPS,DPA,SUr,ATSr,OUr,"ot
Jan","09,",2017,recap,Mon,2016,Bulls,Thunder,home,94-109,1&1,1.0,208.0,-15,-14.0,-5.0,-9.5,4.5,L,L,U,"0
Jan","09,",2017,recap,Mon,2016,Thunder,Bulls,away,109-94,1&1,-1.0,208.0,15,14.0,-5.0,4.5,-9.5,W,W,U,"0
Jan","09,",2017,recap,Mon,2016,Knicks,Pelicans,home,96-110,1&1,-3.0,214.0,-14,-17.0,-8.0,-12.5,4.5,L,L,U,"0
Jan","09,",2017,recap,Mon,2016,Pelicans,Knicks,away,110-96,1&1,3.0,214.0,14,17.0,-8.0,4.5,-12.5,W,W,U,"0
Jan","09,",2017,recap,Mon,2016,Timberwolves,Mavericks,home,101-92,1&1,-5.0,195.0,9,4.0,-2.0,1.0,-3.0,W,W,U,"0
Jan","09,",2017,recap,Mon,2016,Mavericks,Timberwolves,away,92-101,1&1,5.0,195.0,-9,-4.0,-2.0,-3.0,1.0,L,L,U,0
