Date,Link,Day,Season,Team,Opp,Site,Final,Rest,Line,Total,SUm,ATSm,OUm,DPS,DPA,SUr,ATSr,OUr,"ot
Apr","01,",2017,recap,Sat,2016,Bulls,Hawks,home,106-104,1&2,-4.5,202.0,2,-2.5,8.0,2.8,5.2,W,L,O,"0
Apr","01,",2017,recap,Sat,2016,Hawks,Bulls,away,104-106,2&1,4.5,202.0,-2,2.5,8.0,5.2,2.8,L,W,O,"0
Apr","01,",2017,recap,Sat,2016,Clippers,Lakers,home,115-104,1&1,-14.5,221.5,11,-3.5,-2.5,-3.0,0.5,W,L,U,"0
Apr","01,",2017,recap,Sat,2016,Lakers,Clippers,away,104-115,1&1,14.5,221.5,-11,3.5,-2.5,0.5,-3.0,L,W,U,"0
Apr","01,",2017,recap,Sat,2016,Nets,Magic,home,121-111,1&0,-3.5,222.0,10,6.5,10.0,8.2,1.8,W,W,O,"0
Apr","01,",2017,recap,Sat,2016,Magic,Nets,away,111-121,0&1,3.5,222.0,-10,-6.5,10.0,1.8,8.2,L,L,O,"0
Apr","01,",2017,recap,Sat,2016,Timberwolves,Kings,home,117-123,1&0,-11.5,209.5,-6,-17.5,30.5,6.5,24.0,L,L,O,"0
Apr","01,",2017,recap,Sat,2016,Kings,Timberwolves,away,123-117,0&1,11.5,209.5,6,17.5,30.5,24.0,6.5,W,W,O,"0
Apr","01,",2017,recap,Sat,2016,Trailblazers,Suns,home,130-117,1&1,-12.0,223.0,13,1.0,24.0,12.5,11.5,W,W,O,"0
Apr","01,",2017,recap,Sat,2016,Suns,Trailblazers,away,117-130,1&1,12.0,223.0,-13,-1.0,24.0,11.5,12.5,L,L,O,0
