Date,Link,Day,Season,Team,Opp,Site,Final,Rest,Line,Total,SUm,ATSm,OUm,DPS,DPA,SUr,ATSr,OUr,"ot
Oct","18,",2017,recap,Wed,2017,Celtics,Bucks,home,100-108,0&,-2.0,206.0,-8,-10.0,2.0,-4.0,6.0,L,L,O,"0
Oct","18,",2017,recap,Wed,2017,Bucks,Celtics,away,108-100,&0,2.0,206.0,8,10.0,2.0,6.0,-4.0,W,W,O,"0
Oct","18,",2017,recap,Wed,2017,Grizzlies,Pelicans,home,103-91,&,-2.5,205.0,12,9.5,-11.0,-0.8,-10.2,W,W,U,"0
Oct","18,",2017,recap,Wed,2017,Pelicans,Grizzlies,away,91-103,&,2.5,205.0,-12,-9.5,-11.0,-10.2,-0.8,L,L,U,"0
Oct","18,",2017,recap,Wed,2017,Jazz,Nuggets,home,106-96,&,-2.5,205.5,10,7.5,-3.5,2.0,-5.5,W,W,U,"0
Oct","18,",2017,recap,Wed,2017,Nuggets,Jazz,away,96-106,&,2.5,205.5,-10,-7.5,-3.5,-5.5,2.0,L,L,U,"0
Oct","18,",2017,recap,Wed,2017,Kings,Rockets,home,100-105,&0,7.0,217.5,-5,2.0,-12.5,-5.2,-7.2,L,W,U,"0
Oct","18,",2017,recap,Wed,2017,Rockets,Kings,away,105-100,0&,-7.0,217.5,5,-2.0,-12.5,-7.2,-5.2,W,L,U,"0
Oct","18,",2017,recap,Wed,2017,Magic,Heat,home,116-109,&,3.5,205.5,7,10.5,19.5,15.0,4.5,W,W,O,"0
Oct","18,",2017,recap,Wed,2017,Heat,Magic,away,109-116,&,-3.5,205.5,-7,-10.5,19.5,4.5,15.0,L,L,O,"0
Oct","18,",2017,recap,Wed,2017,Mavericks,Hawks,home,111-117,&,-5.5,198.5,-6,-11.5,29.5,9.0,20.5,L,L,O,"0
Oct","18,",2017,recap,Wed,2017,Hawks,Mavericks,away,117-111,&,5.5,198.5,6,11.5,29.5,20.5,9.0,W,W,O,"0
Oct","18,",2017,recap,Wed,2017,Pacers,Nets,home,140-131,&,-3.5,217.0,9,5.5,54.0,29.8,24.2,W,W,O,"0
Oct","18,",2017,recap,Wed,2017,Nets,Pacers,away,131-140,&,3.5,217.0,-9,-5.5,54.0,24.2,29.8,L,L,O,"0
Oct","18,",2017,recap,Wed,2017,Pistons,Hornets,home,102-90,&,-3.0,202.5,12,9.0,-10.5,-0.8,-9.8,W,W,U,"0
Oct","18,",2017,recap,Wed,2017,Hornets,Pistons,away,90-102,&,3.0,202.5,-12,-9.0,-10.5,-9.8,-0.8,L,L,U,"0
Oct","18,",2017,recap,Wed,2017,Spurs,Timberwolves,home,107-99,&,-1.5,205.0,8,6.5,1.0,3.8,-2.8,W,W,O,"0
Oct","18,",2017,recap,Wed,2017,Timberwolves,Spurs,away,99-107,&,1.5,205.0,-8,-6.5,1.0,-2.8,3.8,L,L,O,"0
Oct","18,",2017,recap,Wed,2017,Suns,Trailblazers,home,76-124,&,2.5,218.5,-48,-45.5,-18.5,-32.0,13.5,L,L,U,"0
Oct","18,",2017,recap,Wed,2017,Trailblazers,Suns,away,124-76,&,-2.5,218.5,48,45.5,-18.5,13.5,-32.0,W,W,U,"0
Oct","18,",2017,recap,Wed,2017,Wizards,Seventysixers,home,120-115,&,-6.5,217.5,5,-1.5,17.5,8.0,9.5,W,L,O,"0
Oct","18,",2017,recap,Wed,2017,Seventysixers,Wizards,away,115-120,&,6.5,217.5,-5,1.5,17.5,9.5,8.0,L,W,O,0
