Date,Link,Day,Season,Team,Opp,Site,Final,Rest,Line,Total,SUm,ATSm,OUm,DPS,DPA,SUr,ATSr,OUr,"ot
Feb","02,",2017,recap,Thu,2016,Clippers,Warriors,home,120-133,0&0,8.5,229.5,-13,-4.5,23.5,9.5,14.0,L,L,O,"0
Feb","02,",2017,recap,Thu,2016,Warriors,Clippers,away,133-120,0&0,-8.5,229.5,13,4.5,23.5,14.0,9.5,W,W,O,"0
Feb","02,",2017,recap,Thu,2016,Rockets,Hawks,home,108-113,1&0,-9.0,224.0,-5,-14.0,-3.0,-8.5,5.5,L,L,U,"0
Feb","02,",2017,recap,Thu,2016,Hawks,Rockets,away,113-108,0&1,9.0,224.0,5,14.0,-3.0,5.5,-8.5,W,W,U,"0
Feb","02,",2017,recap,Thu,2016,Spurs,Seventysixers,home,102-86,1&0,-16.0,211.5,16,0.0,-23.5,-11.8,-11.8,W,P,U,"0
Feb","02,",2017,recap,Thu,2016,Seventysixers,Spurs,away,86-102,0&1,16.0,211.5,-16,0.0,-23.5,-11.8,-11.8,L,P,U,"0
Feb","02,",2017,recap,Thu,2016,Wizards,Lakers,home,116-108,1&1,-10.5,221.0,8,-2.5,3.0,0.2,2.8,W,L,O,"0
Feb","02,",2017,recap,Thu,2016,Lakers,Wizards,away,108-116,1&1,10.5,221.0,-8,2.5,3.0,2.8,0.2,L,W,O,0
