Date,Link,Day,Season,Team,Opp,Site,Final,Rest,Line,Total,SUm,ATSm,OUm,DPS,DPA,SUr,ATSr,OUr,"ot
Mar","13,",2017,recap,Mon,2016,Grizzlies,Bucks,home,113-93,1&1,-4.0,202.0,20,16.0,4.0,10.0,-6.0,W,W,O,"0
Mar","13,",2017,recap,Mon,2016,Bucks,Grizzlies,away,93-113,1&1,4.0,202.0,-20,-16.0,4.0,-6.0,10.0,L,L,O,"0
Mar","13,",2017,recap,Mon,2016,Hornets,Bulls,home,109-115,1&0,-6.0,202.0,-6,-12.0,22.0,5.0,17.0,L,L,O,"0
Mar","13,",2017,recap,Mon,2016,Bulls,Hornets,away,115-109,0&1,6.0,202.0,6,12.0,22.0,17.0,5.0,W,W,O,"0
Mar","13,",2017,recap,Mon,2016,Jazz,Clippers,home,114-108,1&1,-2.0,202.0,6,4.0,20.0,12.0,8.0,W,W,O,"0
Mar","13,",2017,recap,Mon,2016,Clippers,Jazz,away,108-114,1&1,2.0,202.0,-6,-4.0,20.0,8.0,12.0,L,L,O,"0
Mar","13,",2017,recap,Mon,2016,Kings,Magic,home,120-115,1&1,-1.0,207.0,5,4.0,28.0,16.0,12.0,W,W,O,"0
Mar","13,",2017,recap,Mon,2016,Magic,Kings,away,115-120,1&1,1.0,207.0,-5,-4.0,28.0,12.0,16.0,L,L,O,"0
Mar","13,",2017,recap,Mon,2016,Nuggets,Lakers,home,129-101,1&0,-13.5,230.0,28,14.5,0.0,7.2,-7.2,W,W,P,"0
Mar","13,",2017,recap,Mon,2016,Lakers,Nuggets,away,101-129,0&1,13.5,230.0,-28,-14.5,0.0,-7.2,7.2,L,L,P,"0
Mar","13,",2017,recap,Mon,2016,Raptors,Mavericks,home,100-78,1&1,-5.0,195.5,22,17.0,-17.5,-0.2,-17.2,W,W,U,"0
Mar","13,",2017,recap,Mon,2016,Mavericks,Raptors,away,78-100,1&1,5.0,195.5,-22,-17.0,-17.5,-17.2,-0.2,L,L,U,"0
Mar","13,",2017,recap,Mon,2016,Spurs,Hawks,home,107-99,1&1,-7.0,203.0,8,1.0,3.0,2.0,1.0,W,W,O,"0
Mar","13,",2017,recap,Mon,2016,Hawks,Spurs,away,99-107,1&1,7.0,203.0,-8,-1.0,3.0,1.0,2.0,L,L,O,"0
Mar","13,",2017,recap,Mon,2016,Timberwolves,Wizards,home,119-104,1&1,-2.0,214.5,15,13.0,8.5,10.8,-2.2,W,W,O,"0
Mar","13,",2017,recap,Mon,2016,Wizards,Timberwolves,away,104-119,1&1,2.0,214.5,-15,-13.0,8.5,-2.2,10.8,L,L,O,0
