Date,Link,Day,Season,Team,Opp,Site,Final,Rest,Line,Total,SUm,ATSm,OUm,DPS,DPA,SUr,ATSr,OUr,"ot
Jan","16,",2017,recap,Mon,2016,Bucks,Seventysixers,home,104-113,0&1,-8.0,208.0,-9,-17.0,9.0,-4.0,13.0,L,L,O,"0
Jan","16,",2017,recap,Mon,2016,Seventysixers,Bucks,away,113-104,1&0,8.0,208.0,9,17.0,9.0,13.0,-4.0,W,W,O,"0
Jan","16,",2017,recap,Mon,2016,Celtics,Hornets,home,108-98,2&2,-5.5,215.5,10,4.5,-9.5,-2.5,-7.0,W,W,U,"0
Jan","16,",2017,recap,Mon,2016,Hornets,Celtics,away,98-108,2&2,5.5,215.5,-10,-4.5,-9.5,-7.0,-2.5,L,L,U,"0
Jan","16,",2017,recap,Mon,2016,Clippers,Thunder,home,120-98,1&0,-8.0,215.5,22,14.0,2.5,8.2,-5.8,W,W,O,"0
Jan","16,",2017,recap,Mon,2016,Thunder,Clippers,away,98-120,0&1,8.0,215.5,-22,-14.0,2.5,-5.8,8.2,L,L,O,"0
Jan","16,",2017,recap,Mon,2016,Knicks,Hawks,home,107-108,0&0,2.5,210.5,-1,1.5,4.5,3.0,1.5,L,W,O,"0
Jan","16,",2017,recap,Mon,2016,Hawks,Knicks,away,108-107,0&0,-2.5,210.5,1,-1.5,4.5,1.5,3.0,W,L,O,"0
Jan","16,",2017,recap,Mon,2016,Nuggets,Magic,home,125-112,3&1,-6.0,223.5,13,7.0,13.5,10.2,3.2,W,W,O,"0
Jan","16,",2017,recap,Mon,2016,Magic,Nuggets,away,112-125,1&3,6.0,223.5,-13,-7.0,13.5,3.2,10.2,L,L,O,"0
Jan","16,",2017,recap,Mon,2016,Pacers,Pelicans,home,98-95,3&1,-5.0,214.0,3,-2.0,-21.0,-11.5,-9.5,W,L,U,"0
Jan","16,",2017,recap,Mon,2016,Pelicans,Pacers,away,95-98,1&3,5.0,214.0,-3,2.0,-21.0,-9.5,-11.5,L,W,U,"0
Jan","16,",2017,recap,Mon,2016,Suns,Jazz,home,101-106,1&1,6.0,204.0,-5,1.0,3.0,2.0,1.0,L,W,O,"0
Jan","16,",2017,recap,Mon,2016,Jazz,Suns,away,106-101,1&1,-6.0,204.0,5,-1.0,3.0,1.0,2.0,W,L,O,"0
Jan","16,",2017,recap,Mon,2016,Warriors,Cavaliers,home,126-91,3&2,-8.5,226.5,35,26.5,-9.5,8.5,-18.0,W,W,U,"0
Jan","16,",2017,recap,Mon,2016,Cavaliers,Warriors,away,91-126,2&3,8.5,226.5,-35,-26.5,-9.5,-18.0,8.5,L,L,U,"0
Jan","16,",2017,recap,Mon,2016,Wizards,Trailblazers,home,120-101,1&2,-4.0,219.0,19,15.0,2.0,8.5,-6.5,W,W,O,"0
Jan","16,",2017,recap,Mon,2016,Trailblazers,Wizards,away,101-120,2&1,4.0,219.0,-19,-15.0,2.0,-6.5,8.5,L,L,O,0
