Date,Link,Day,Season,Team,Opp,Site,Final,Rest,Line,Total,SUm,ATSm,OUm,DPS,DPA,SUr,ATSr,OUr,"ot
Feb","27,",2017,recap,Mon,2016,Cavaliers,Bucks,home,102-95,1&0,-8.0,218.0,7,-1.0,-21.0,-11.0,-10.0,W,L,U,"0
Feb","27,",2017,recap,Mon,2016,Bucks,Cavaliers,away,95-102,0&1,8.0,218.0,-7,1.0,-21.0,-10.0,-11.0,L,W,U,"0
Feb","27,",2017,recap,Mon,2016,Celtics,Hawks,home,98-114,0&1,-4.0,212.0,-16,-20.0,0.0,-10.0,10.0,L,L,P,"0
Feb","27,",2017,recap,Mon,2016,Hawks,Celtics,away,114-98,1&0,4.0,212.0,16,20.0,0.0,10.0,-10.0,W,W,P,"0
Feb","27,",2017,recap,Mon,2016,Kings,Timberwolves,home,88-102,1&1,5.0,209.5,-14,-9.0,-19.5,-14.2,-5.2,L,L,U,"0
Feb","27,",2017,recap,Mon,2016,Timberwolves,Kings,away,102-88,1&1,-5.0,209.5,14,9.0,-19.5,-5.2,-14.2,W,W,U,"0
Feb","27,",2017,recap,Mon,2016,Knicks,Raptors,home,91-92,1&0,3.0,210.5,-1,2.0,-27.5,-12.8,-14.8,L,W,U,"0
Feb","27,",2017,recap,Mon,2016,Raptors,Knicks,away,92-91,0&1,-3.0,210.5,1,-2.0,-27.5,-14.8,-12.8,W,L,U,"0
Feb","27,",2017,recap,Mon,2016,Mavericks,Heat,home,96-89,1&1,1.0,200.5,7,8.0,-15.5,-3.8,-11.8,W,W,U,"0
Feb","27,",2017,recap,Mon,2016,Heat,Mavericks,away,89-96,1&1,-1.0,200.5,-7,-8.0,-15.5,-11.8,-3.8,L,L,U,"0
Feb","27,",2017,recap,Mon,2016,Rockets,Pacers,home,108-117,1&1,-9.5,230.0,-9,-18.5,-5.0,-11.8,6.8,L,L,U,"0
Feb","27,",2017,recap,Mon,2016,Pacers,Rockets,away,117-108,1&1,9.5,230.0,9,18.5,-5.0,6.8,-11.8,W,W,U,"0
Feb","27,",2017,recap,Mon,2016,Seventysixers,Warriors,home,108-119,1&1,13.5,228.5,-11,2.5,-1.5,0.5,-2.0,L,W,U,"0
Feb","27,",2017,recap,Mon,2016,Warriors,Seventysixers,away,119-108,1&1,-13.5,228.5,11,-2.5,-1.5,-2.0,0.5,W,L,U,0
