Date,Link,Day,Season,Team,Opp,Site,Final,Rest,Line,Total,SUm,ATSm,OUm,DPS,DPA,SUr,ATSr,OUr,"ot
Feb","24,",2017,recap,Fri,2016,Bucks,Jazz,home,95-109,8&8,3.5,202.5,-14,-10.5,1.5,-4.5,6.0,L,L,O,"0
Feb","24,",2017,recap,Fri,2016,Jazz,Bucks,away,109-95,8&8,-3.5,202.5,14,10.5,1.5,6.0,-4.5,W,W,O,"0
Feb","24,",2017,recap,Fri,2016,Bulls,Suns,home,128-121,7&8,-5.5,219.0,7,1.5,30.0,15.8,14.2,W,W,O,"1
Feb","24,",2017,recap,Fri,2016,Suns,Bulls,away,121-128,8&7,5.5,219.0,-7,-1.5,30.0,14.2,15.8,L,L,O,"1
Feb","24,",2017,recap,Fri,2016,Clippers,Spurs,home,97-105,0&8,3.5,210.0,-8,-4.5,-8.0,-6.2,-1.8,L,L,U,"0
Feb","24,",2017,recap,Fri,2016,Spurs,Clippers,away,105-97,8&0,-3.5,210.0,8,4.5,-8.0,-1.8,-6.2,W,W,U,"0
Feb","24,",2017,recap,Fri,2016,Hawks,Heat,home,90-108,8&8,-3.0,206.5,-18,-21.0,-8.5,-14.8,6.2,L,L,U,"0
Feb","24,",2017,recap,Fri,2016,Heat,Hawks,away,108-90,8&8,3.0,206.5,18,21.0,-8.5,6.2,-14.8,W,W,U,"0
Feb","24,",2017,recap,Fri,2016,Nuggets,Nets,home,129-109,0&8,-10.0,235.0,20,10.0,3.0,6.5,-3.5,W,W,O,"0
Feb","24,",2017,recap,Fri,2016,Nets,Nuggets,away,109-129,8&0,10.0,235.0,-20,-10.0,3.0,-3.5,6.5,L,L,O,"0
Feb","24,",2017,recap,Fri,2016,Pacers,Grizzlies,home,102-92,7&8,0.0,204.0,10,10.0,-10.0,0.0,-10.0,W,W,U,"0
Feb","24,",2017,recap,Fri,2016,Grizzlies,Pacers,away,92-102,8&7,-0.0,204.0,-10,-10.0,-10.0,-10.0,0.0,L,L,U,"0
Feb","24,",2017,recap,Fri,2016,Raptors,Celtics,home,107-97,8&7,-3.0,215.5,10,7.0,-11.5,-2.2,-9.2,W,W,U,"0
Feb","24,",2017,recap,Fri,2016,Celtics,Raptors,away,97-107,7&8,3.0,215.5,-10,-7.0,-11.5,-9.2,-2.2,L,L,U,"0
Feb","24,",2017,recap,Fri,2016,Seventysixers,Wizards,home,120-112,8&7,8.0,217.5,8,16.0,14.5,15.2,-0.8,W,W,O,"0
Feb","24,",2017,recap,Fri,2016,Wizards,Seventysixers,away,112-120,7&8,-8.0,217.5,-8,-16.0,14.5,-0.8,15.2,L,L,O,"0
Feb","24,",2017,recap,Fri,2016,Thunder,Lakers,home,110-93,8&8,-10.0,221.5,17,7.0,-18.5,-5.8,-12.8,W,W,U,"0
Feb","24,",2017,recap,Fri,2016,Lakers,Thunder,away,93-110,8&8,10.0,221.5,-17,-7.0,-18.5,-12.8,-5.8,L,L,U,"0
Feb","24,",2017,recap,Fri,2016,Timberwolves,Mavericks,home,97-84,8&8,-4.0,203.5,13,9.0,-22.5,-6.8,-15.8,W,W,U,"0
Feb","24,",2017,recap,Fri,2016,Mavericks,Timberwolves,away,84-97,8&8,4.0,203.5,-13,-9.0,-22.5,-15.8,-6.8,L,L,U,0
