Date,Link,Day,Season,Team,Opp,Site,Final,Rest,Line,Total,SUm,ATSm,OUm,DPS,DPA,SUr,ATSr,OUr,"ot
Mar","24,",2017,recap,Fri,2016,Bucks,Hawks,home,100-97,1&1,-6.0,202.0,3,-3.0,-5.0,-4.0,-1.0,W,L,U,"0
Mar","24,",2017,recap,Fri,2016,Hawks,Bucks,away,97-100,1&1,6.0,202.0,-3,3.0,-5.0,-1.0,-4.0,L,W,U,"0
Mar","24,",2017,recap,Fri,2016,Bulls,Seventysixers,home,107-117,1&1,-6.5,211.0,-10,-16.5,13.0,-1.8,14.8,L,L,O,"0
Mar","24,",2017,recap,Fri,2016,Seventysixers,Bulls,away,117-107,1&1,6.5,211.0,10,16.5,13.0,14.8,-1.8,W,W,O,"0
Mar","24,",2017,recap,Fri,2016,Celtics,Suns,home,130-120,1&0,-16.0,219.0,10,-6.0,31.0,12.5,18.5,W,L,O,"0
Mar","24,",2017,recap,Fri,2016,Suns,Celtics,away,120-130,0&1,16.0,219.0,-10,6.0,31.0,18.5,12.5,L,W,O,"0
Mar","24,",2017,recap,Fri,2016,Hornets,Cavaliers,home,105-112,1&1,3.5,213.0,-7,-3.5,4.0,0.2,3.8,L,L,O,"0
Mar","24,",2017,recap,Fri,2016,Cavaliers,Hornets,away,112-105,1&1,-3.5,213.0,7,3.5,4.0,3.8,0.2,W,W,O,"0
Mar","24,",2017,recap,Fri,2016,Lakers,Timberwolves,home,130-119,2&2,6.5,220.0,11,17.5,29.0,23.2,5.8,W,W,O,"1
Mar","24,",2017,recap,Fri,2016,Timberwolves,Lakers,away,119-130,2&2,-6.5,220.0,-11,-17.5,29.0,5.8,23.2,L,L,O,"1
Mar","24,",2017,recap,Fri,2016,Magic,Pistons,home,115-87,1&1,2.0,206.5,28,30.0,-4.5,12.8,-17.2,W,W,U,"0
Mar","24,",2017,recap,Fri,2016,Pistons,Magic,away,87-115,1&1,-2.0,206.5,-28,-30.0,-4.5,-17.2,12.8,L,L,U,"0
Mar","24,",2017,recap,Fri,2016,Pacers,Nuggets,home,117-125,1&1,-1.5,219.5,-8,-9.5,22.5,6.5,16.0,L,L,O,"0
Mar","24,",2017,recap,Fri,2016,Nuggets,Pacers,away,125-117,1&1,1.5,219.5,8,9.5,22.5,16.0,6.5,W,W,O,"0
Mar","24,",2017,recap,Fri,2016,Rockets,Pelicans,home,117-107,3&2,-8.0,230.0,10,2.0,-6.0,-2.0,-4.0,W,W,U,"0
Mar","24,",2017,recap,Fri,2016,Pelicans,Rockets,away,107-117,2&3,8.0,230.0,-10,-2.0,-6.0,-4.0,-2.0,L,L,U,"0
Mar","24,",2017,recap,Fri,2016,Warriors,Kings,home,114-100,2&1,-17.5,214.0,14,-3.5,0.0,-1.8,1.8,W,L,P,"0
Mar","24,",2017,recap,Fri,2016,Kings,Warriors,away,100-114,1&2,17.5,214.0,-14,3.5,0.0,1.8,-1.8,L,W,P,"0
Mar","24,",2017,recap,Fri,2016,Wizards,Nets,home,129-108,1&0,-12.0,224.0,21,9.0,13.0,11.0,2.0,W,W,O,"0
Mar","24,",2017,recap,Fri,2016,Nets,Wizards,away,108-129,0&1,12.0,224.0,-21,-9.0,13.0,2.0,11.0,L,L,O,0
