Date,Link,Day,Season,Team,Opp,Site,Final,Rest,Line,Total,SUm,ATSm,OUm,DPS,DPA,SUr,ATSr,OUr,"ot
Feb","26,",2017,recap,Sun,2016,Bucks,Suns,home,100-96,1&1,-6.0,223.5,4,-2.0,-27.5,-14.8,-12.8,W,L,U,"0
Feb","26,",2017,recap,Sun,2016,Suns,Bucks,away,96-100,1&1,6.0,223.5,-4,2.0,-27.5,-12.8,-14.8,L,W,U,"0
Feb","26,",2017,recap,Sun,2016,Clippers,Hornets,home,124-121,1&0,-9.5,213.0,3,-6.5,32.0,12.8,19.2,W,L,O,"1
Feb","26,",2017,recap,Sun,2016,Hornets,Clippers,away,121-124,0&1,9.5,213.0,-3,6.5,32.0,19.2,12.8,L,W,O,"1
Feb","26,",2017,recap,Sun,2016,Lakers,Spurs,home,98-119,1&1,12.0,211.5,-21,-9.0,5.5,-1.8,7.2,L,L,O,"0
Feb","26,",2017,recap,Sun,2016,Spurs,Lakers,away,119-98,1&1,-12.0,211.5,21,9.0,5.5,7.2,-1.8,W,W,O,"0
Feb","26,",2017,recap,Sun,2016,Nuggets,Grizzlies,home,98-105,1&1,-1.5,215.0,-7,-8.5,-12.0,-10.2,-1.8,L,L,U,"0
Feb","26,",2017,recap,Sun,2016,Grizzlies,Nuggets,away,105-98,1&1,1.5,215.0,7,8.5,-12.0,-1.8,-10.2,W,W,U,"0
Feb","26,",2017,recap,Sun,2016,Pistons,Celtics,home,98-104,2&1,1.5,213.5,-6,-4.5,-11.5,-8.0,-3.5,L,L,U,"0
Feb","26,",2017,recap,Sun,2016,Celtics,Pistons,away,104-98,1&2,-1.5,213.5,6,4.5,-11.5,-3.5,-8.0,W,W,U,"0
Feb","26,",2017,recap,Sun,2016,Raptors,Trailblazers,home,112-106,1&2,-5.0,210.0,6,1.0,8.0,4.5,3.5,W,W,O,"0
Feb","26,",2017,recap,Sun,2016,Trailblazers,Raptors,away,106-112,2&1,5.0,210.0,-6,-1.0,8.0,3.5,4.5,L,L,O,"0
Feb","26,",2017,recap,Sun,2016,Thunder,Pelicans,home,118-110,1&0,-6.5,217.5,8,1.5,10.5,6.0,4.5,W,W,O,"0
Feb","26,",2017,recap,Sun,2016,Pelicans,Thunder,away,110-118,0&1,6.5,217.5,-8,-1.5,10.5,4.5,6.0,L,L,O,"0
Feb","26,",2017,recap,Sun,2016,Wizards,Jazz,home,92-102,1&1,-2.0,204.5,-10,-12.0,-10.5,-11.2,0.8,L,L,U,"0
Feb","26,",2017,recap,Sun,2016,Jazz,Wizards,away,102-92,1&1,2.0,204.5,10,12.0,-10.5,0.8,-11.2,W,W,U,0
