Date,Link,Day,Season,Team,Opp,Site,Final,Rest,Line,Total,SUm,ATSm,OUm,DPS,DPA,SUr,ATSr,OUr,"ot
Oct","31,",2017,recap,Tue,2017,Bucks,Thunder,home,91-110,1&2,2.0,209.5,-19,-17.0,-8.5,-12.8,4.2,L,L,U,"0
Oct","31,",2017,recap,Tue,2017,Thunder,Bucks,away,110-91,2&1,-2.0,209.5,19,17.0,-8.5,4.2,-12.8,W,W,U,"0
Oct","31,",2017,recap,Tue,2017,Lakers,Pistons,home,113-93,2&1,3.0,207.5,20,23.0,-1.5,10.8,-12.2,W,W,U,"0
Oct","31,",2017,recap,Tue,2017,Pistons,Lakers,away,93-113,1&2,-3.0,207.5,-20,-23.0,-1.5,-12.2,10.8,L,L,U,"0
Oct","31,",2017,recap,Tue,2017,Nets,Suns,home,114-122,1&2,-4.5,231.0,-8,-12.5,5.0,-3.8,8.8,L,L,O,"0
Oct","31,",2017,recap,Tue,2017,Suns,Nets,away,122-114,2&1,4.5,231.0,8,12.5,5.0,8.8,-3.8,W,W,O,"0
Oct","31,",2017,recap,Tue,2017,Pacers,Kings,home,101-83,1&1,-5.5,207.0,18,12.5,-23.0,-5.2,-17.8,W,W,U,"0
Oct","31,",2017,recap,Tue,2017,Kings,Pacers,away,83-101,1&1,5.5,207.0,-18,-12.5,-23.0,-17.8,-5.2,L,L,U,0
