Date,Link,Day,Season,Team,Opp,Site,Final,Rest,Line,Total,SUm,ATSm,OUm,DPS,DPA,SUr,ATSr,OUr,"ot
Jan","05,",2017,recap,Thu,2016,Mavericks,Suns,home,95-102,1&1,-5.0,205.0,-7,-12.0,-8.0,-10.0,2.0,L,L,U,"0
Jan","05,",2017,recap,Thu,2016,Suns,Mavericks,away,102-95,1&1,5.0,205.0,7,12.0,-8.0,2.0,-10.0,W,W,U,"0
Jan","05,",2017,recap,Thu,2016,Nuggets,Spurs,home,99-127,1&1,7.5,214.0,-28,-20.5,12.0,-4.2,16.2,L,L,O,"0
Jan","05,",2017,recap,Thu,2016,Spurs,Nuggets,away,127-99,1&1,-7.5,214.0,28,20.5,12.0,16.2,-4.2,W,W,O,"0
Jan","05,",2017,recap,Thu,2016,Pacers,Nets,home,121-109,1&2,-10.5,219.0,12,1.5,11.0,6.2,4.8,W,W,O,"0
Jan","05,",2017,recap,Thu,2016,Nets,Pacers,away,109-121,2&1,10.5,219.0,-12,-1.5,11.0,4.8,6.2,L,L,O,"0
Jan","05,",2017,recap,Thu,2016,Pelicans,Hawks,home,94-99,2&0,-2.0,207.5,-5,-7.0,-14.5,-10.8,-3.8,L,L,U,"0
Jan","05,",2017,recap,Thu,2016,Hawks,Pelicans,away,99-94,0&2,2.0,207.5,5,7.0,-14.5,-3.8,-10.8,W,W,U,"0
Jan","05,",2017,recap,Thu,2016,Pistons,Hornets,home,115-114,1&0,-4.5,208.0,1,-3.5,21.0,8.8,12.2,W,L,O,"0
Jan","05,",2017,recap,Thu,2016,Hornets,Pistons,away,114-115,0&1,4.5,208.0,-1,3.5,21.0,12.2,8.8,L,W,O,"0
Jan","05,",2017,recap,Thu,2016,Raptors,Jazz,home,101-93,1&1,-6.0,198.0,8,2.0,-4.0,-1.0,-3.0,W,W,U,"0
Jan","05,",2017,recap,Thu,2016,Jazz,Raptors,away,93-101,1&1,6.0,198.0,-8,-2.0,-4.0,-3.0,-1.0,L,L,U,"0
Jan","05,",2017,recap,Thu,2016,Rockets,Thunder,home,118-116,2&0,-8.0,227.5,2,-6.0,6.5,0.2,6.2,W,L,O,"0
Jan","05,",2017,recap,Thu,2016,Thunder,Rockets,away,116-118,0&2,8.0,227.5,-2,6.0,6.5,6.2,0.2,L,W,O,"0
Jan","05,",2017,recap,Thu,2016,Trailblazers,Lakers,home,118-109,0&1,-6.5,220.5,9,2.5,6.5,4.5,2.0,W,W,O,"0
Jan","05,",2017,recap,Thu,2016,Lakers,Trailblazers,away,109-118,1&0,6.5,220.5,-9,-2.5,6.5,2.0,4.5,L,L,O,0
