Date,Link,Day,Season,Team,Opp,Site,Final,Rest,Line,Total,SUm,ATSm,OUm,DPS,DPA,SUr,ATSr,OUr,"ot
Mar","16,",2017,recap,Thu,2016,Cavaliers,Jazz,home,91-83,1&0,-7.5,207.0,8,0.5,-33.0,-16.2,-16.8,W,W,U,"0
Mar","16,",2017,recap,Thu,2016,Jazz,Cavaliers,away,83-91,0&1,7.5,207.0,-8,-0.5,-33.0,-16.8,-16.2,L,L,U,"0
Mar","16,",2017,recap,Thu,2016,Hawks,Grizzlies,home,91-103,2&0,-3.5,202.5,-12,-15.5,-8.5,-12.0,3.5,L,L,U,"0
Mar","16,",2017,recap,Thu,2016,Grizzlies,Hawks,away,103-91,0&2,3.5,202.5,12,15.5,-8.5,3.5,-12.0,W,W,U,"0
Mar","16,",2017,recap,Thu,2016,Knicks,Nets,home,110-121,1&1,-4.0,222.0,-11,-15.0,9.0,-3.0,12.0,L,L,O,"0
Mar","16,",2017,recap,Thu,2016,Nets,Knicks,away,121-110,1&1,4.0,222.0,11,15.0,9.0,12.0,-3.0,W,W,O,"0
Mar","16,",2017,recap,Thu,2016,Nuggets,Clippers,home,129-114,2&0,-5.0,220.5,15,10.0,22.5,16.2,6.2,W,W,O,"0
Mar","16,",2017,recap,Thu,2016,Clippers,Nuggets,away,114-129,0&2,5.0,220.5,-15,-10.0,22.5,6.2,16.2,L,L,O,"0
Mar","16,",2017,recap,Thu,2016,Raptors,Thunder,home,102-123,2&1,-2.0,208.0,-21,-23.0,17.0,-3.0,20.0,L,L,O,"0
Mar","16,",2017,recap,Thu,2016,Thunder,Raptors,away,123-102,1&2,2.0,208.0,21,23.0,17.0,20.0,-3.0,W,W,O,"0
Mar","16,",2017,recap,Thu,2016,Warriors,Magic,home,122-92,1&2,-14.5,219.0,30,15.5,-5.0,5.2,-10.2,W,W,U,"0
Mar","16,",2017,recap,Thu,2016,Magic,Warriors,away,92-122,2&1,14.5,219.0,-30,-15.5,-5.0,-10.2,5.2,L,L,U,0
