Date,Link,Day,Season,Team,Opp,Site,Final,Rest,Line,Total,SUm,ATSm,OUm,DPS,DPA,SUr,ATSr,OUr,"ot
Mar","12,",2017,recap,Sun,2016,Celtics,Bulls,home,100-80,1&1,-7.5,207.5,20,12.5,-27.5,-7.5,-20.0,W,W,U,"0
Mar","12,",2017,recap,Sun,2016,Bulls,Celtics,away,80-100,1&1,7.5,207.5,-20,-12.5,-27.5,-20.0,-7.5,L,L,U,"0
Mar","12,",2017,recap,Sun,2016,Lakers,Seventysixers,home,116-118,2&0,-3.5,223.0,-2,-5.5,11.0,2.8,8.2,L,L,O,"0
Mar","12,",2017,recap,Sun,2016,Seventysixers,Lakers,away,118-116,0&2,3.5,223.0,2,5.5,11.0,8.2,2.8,W,W,O,"0
Mar","12,",2017,recap,Sun,2016,Nets,Knicks,home,120-112,1&0,-1.0,221.5,8,7.0,10.5,8.8,1.8,W,W,O,"0
Mar","12,",2017,recap,Sun,2016,Knicks,Nets,away,112-120,0&1,1.0,221.5,-8,-7.0,10.5,1.8,8.8,L,L,O,"0
Mar","12,",2017,recap,Sun,2016,Pacers,Heat,home,102-98,1&0,-4.5,202.0,4,-0.5,-2.0,-1.2,-0.8,W,L,U,"0
Mar","12,",2017,recap,Sun,2016,Heat,Pacers,away,98-102,0&1,4.5,202.0,-4,0.5,-2.0,-0.8,-1.2,L,W,U,"0
Mar","12,",2017,recap,Sun,2016,Rockets,Cavaliers,home,117-112,1&0,-5.5,232.0,5,-0.5,-3.0,-1.8,-1.2,W,L,U,"0
Mar","12,",2017,recap,Sun,2016,Cavaliers,Rockets,away,112-117,0&1,5.5,232.0,-5,0.5,-3.0,-1.2,-1.8,L,W,U,"0
Mar","12,",2017,recap,Sun,2016,Suns,Trailblazers,home,101-110,0&0,2.0,228.0,-9,-7.0,-17.0,-12.0,-5.0,L,L,U,"0
Mar","12,",2017,recap,Sun,2016,Trailblazers,Suns,away,110-101,0&0,-2.0,228.0,9,7.0,-17.0,-5.0,-12.0,W,W,U,0
