Date,Link,Day,Season,Team,Opp,Site,Final,Rest,Line,Total,SUm,ATSm,OUm,DPS,DPA,SUr,ATSr,OUr,"ot
Oct","24,",2017,recap,Tue,2017,Cavaliers,Bulls,home,119-112,2&2,-14.5,208.0,7,-7.5,23.0,7.8,15.2,W,L,O,"0
Oct","24,",2017,recap,Tue,2017,Bulls,Cavaliers,away,112-119,2&2,14.5,208.0,-7,7.5,23.0,15.2,7.8,L,W,O,"0
Oct","24,",2017,recap,Tue,2017,Celtics,Knicks,home,110-89,3&2,-8.5,206.5,21,12.5,-7.5,2.5,-10.0,W,W,U,"0
Oct","24,",2017,recap,Tue,2017,Knicks,Celtics,away,89-110,2&3,8.5,206.5,-21,-12.5,-7.5,-10.0,2.5,L,L,U,"0
Oct","24,",2017,recap,Tue,2017,Clippers,Jazz,home,102-84,2&2,-5.0,196.5,18,13.0,-10.5,1.2,-11.8,W,W,U,"0
Oct","24,",2017,recap,Tue,2017,Jazz,Clippers,away,84-102,2&2,5.0,196.5,-18,-13.0,-10.5,-11.8,1.2,L,L,U,"0
Oct","24,",2017,recap,Tue,2017,Magic,Nets,home,125-121,2&1,-4.5,229.5,4,-0.5,16.5,8.0,8.5,W,L,O,"0
Oct","24,",2017,recap,Tue,2017,Nets,Magic,away,121-125,1&2,4.5,229.5,-4,0.5,16.5,8.5,8.0,L,W,O,"0
Oct","24,",2017,recap,Tue,2017,Timberwolves,Pacers,home,107-130,1&2,-10.5,219.5,-23,-33.5,17.5,-8.0,25.5,L,L,O,"0
Oct","24,",2017,recap,Tue,2017,Pacers,Timberwolves,away,130-107,2&1,10.5,219.5,23,33.5,17.5,25.5,-8.0,W,W,O,"0
Oct","24,",2017,recap,Tue,2017,Trailblazers,Pelicans,home,103-93,2&1,-5.0,217.0,10,5.0,-21.0,-8.0,-13.0,W,W,U,"0
Oct","24,",2017,recap,Tue,2017,Pelicans,Trailblazers,away,93-103,1&2,5.0,217.0,-10,-5.0,-21.0,-13.0,-8.0,L,L,U,0
