Date,Link,Day,Season,Team,Opp,Site,Final,Rest,Line,Total,SUm,ATSm,OUm,DPS,DPA,SUr,ATSr,OUr,"ot
Feb","13,",2017,recap,Mon,2016,Bucks,Pistons,home,102-89,1&0,-3.0,209.5,13,10.0,-18.5,-4.2,-14.2,W,W,U,"0
Feb","13,",2017,recap,Mon,2016,Pistons,Bucks,away,89-102,0&1,3.0,209.5,-13,-10.0,-18.5,-14.2,-4.2,L,L,U,"0
Feb","13,",2017,recap,Mon,2016,Heat,Magic,home,107-116,1&1,-8.5,208.5,-9,-17.5,14.5,-1.5,16.0,L,L,O,"0
Feb","13,",2017,recap,Mon,2016,Magic,Heat,away,116-107,1&1,8.5,208.5,9,17.5,14.5,16.0,-1.5,W,W,O,"0
Feb","13,",2017,recap,Mon,2016,Hornets,Seventysixers,home,99-105,1&1,-8.0,212.0,-6,-14.0,-8.0,-11.0,3.0,L,L,U,"0
Feb","13,",2017,recap,Mon,2016,Seventysixers,Hornets,away,105-99,1&1,8.0,212.0,6,14.0,-8.0,3.0,-11.0,W,W,U,"0
Feb","13,",2017,recap,Mon,2016,Jazz,Clippers,home,72-88,1&1,-8.0,205.5,-16,-24.0,-45.5,-34.8,-10.8,L,L,U,"0
Feb","13,",2017,recap,Mon,2016,Clippers,Jazz,away,88-72,1&1,8.0,205.5,16,24.0,-45.5,-10.8,-34.8,W,W,U,"0
Feb","13,",2017,recap,Mon,2016,Mavericks,Celtics,home,98-111,1&1,2.0,208.5,-13,-11.0,0.5,-5.2,5.8,L,L,O,"0
Feb","13,",2017,recap,Mon,2016,Celtics,Mavericks,away,111-98,1&1,-2.0,208.5,13,11.0,0.5,5.8,-5.2,W,W,O,"0
Feb","13,",2017,recap,Mon,2016,Nets,Grizzlies,home,103-112,2&2,9.0,210.5,-9,0.0,4.5,2.2,2.2,L,P,O,"0
Feb","13,",2017,recap,Mon,2016,Grizzlies,Nets,away,112-103,2&2,-9.0,210.5,9,0.0,4.5,2.2,2.2,W,P,O,"0
Feb","13,",2017,recap,Mon,2016,Nuggets,Warriors,home,132-110,1&1,12.0,238.5,22,34.0,3.5,18.8,-15.2,W,W,O,"0
Feb","13,",2017,recap,Mon,2016,Warriors,Nuggets,away,110-132,1&1,-12.0,238.5,-22,-34.0,3.5,-15.2,18.8,L,L,O,"0
Feb","13,",2017,recap,Mon,2016,Pacers,Spurs,home,106-110,1&0,4.0,206.0,-4,0.0,10.0,5.0,5.0,L,P,O,"0
Feb","13,",2017,recap,Mon,2016,Spurs,Pacers,away,110-106,0&1,-4.0,206.0,4,0.0,10.0,5.0,5.0,W,P,O,"0
Feb","13,",2017,recap,Mon,2016,Suns,Pelicans,home,108-110,1&0,-3.0,221.0,-2,-5.0,-3.0,-4.0,1.0,L,L,U,"0
Feb","13,",2017,recap,Mon,2016,Pelicans,Suns,away,110-108,0&1,3.0,221.0,2,5.0,-3.0,1.0,-4.0,W,W,U,"0
Feb","13,",2017,recap,Mon,2016,Trailblazers,Hawks,home,104-109,3&2,-1.0,217.0,-5,-6.0,-4.0,-5.0,1.0,L,L,U,"1
Feb","13,",2017,recap,Mon,2016,Hawks,Trailblazers,away,109-104,2&3,1.0,217.0,5,6.0,-4.0,1.0,-5.0,W,W,U,"1
Feb","13,",2017,recap,Mon,2016,Wizards,Thunder,home,120-98,2&1,-5.0,217.0,22,17.0,1.0,9.0,-8.0,W,W,O,"0
Feb","13,",2017,recap,Mon,2016,Thunder,Wizards,away,98-120,1&2,5.0,217.0,-22,-17.0,1.0,-8.0,9.0,L,L,O,0
