Date,Link,Day,Season,Team,Opp,Site,Final,Rest,Line,Total,SUm,ATSm,OUm,DPS,DPA,SUr,ATSr,OUr,"ot
Dec","23,",2017,recap,Sat,2017,Celtics,Bulls,home,117-92,1&1,-8.0,205.0,25,17.0,4.0,10.5,-6.5,W,W,O,"0
Dec","23,",2017,recap,Sat,2017,Bulls,Celtics,away,92-117,1&1,8.0,205.0,-25,-17.0,4.0,-6.5,10.5,L,L,O,"0
Dec","23,",2017,recap,Sat,2017,Grizzlies,Clippers,home,115-112,1&0,-2.5,198.0,3,0.5,29.0,14.8,14.2,W,W,O,"0
Dec","23,",2017,recap,Sat,2017,Clippers,Grizzlies,away,112-115,0&1,2.5,198.0,-3,-0.5,29.0,14.2,14.8,L,L,O,"0
Dec","23,",2017,recap,Sat,2017,Hawks,Mavericks,home,112-107,0&0,2.0,203.0,5,7.0,16.0,11.5,4.5,W,W,O,"0
Dec","23,",2017,recap,Sat,2017,Mavericks,Hawks,away,107-112,0&0,-2.0,203.0,-5,-7.0,16.0,4.5,11.5,L,L,O,"0
Dec","23,",2017,recap,Sat,2017,Heat,Pelicans,home,94-109,0&0,4.5,209.0,-15,-10.5,-6.0,-8.2,2.2,L,L,U,"0
Dec","23,",2017,recap,Sat,2017,Pelicans,Heat,away,109-94,0&0,-4.5,209.0,15,10.5,-6.0,2.2,-8.2,W,W,U,"0
Dec","23,",2017,recap,Sat,2017,Hornets,Bucks,home,111-106,0&0,-2.5,211.5,5,2.5,5.5,4.0,1.5,W,W,O,"0
Dec","23,",2017,recap,Sat,2017,Bucks,Hornets,away,106-111,0&0,2.5,211.5,-5,-2.5,5.5,1.5,4.0,L,L,O,"0
Dec","23,",2017,recap,Sat,2017,Jazz,Thunder,home,89-103,1&0,0.0,197.5,-14,-14.0,-5.5,-9.8,4.2,L,L,U,"0
Dec","23,",2017,recap,Sat,2017,Thunder,Jazz,away,103-89,0&1,0.0,197.5,14,14.0,-5.5,4.2,-9.8,W,W,U,"0
Dec","23,",2017,recap,Sat,2017,Kings,Spurs,home,99-108,2&1,7.0,196.0,-9,-2.0,11.0,4.5,6.5,L,L,O,"0
Dec","23,",2017,recap,Sat,2017,Spurs,Kings,away,108-99,1&2,-7.0,196.0,9,2.0,11.0,6.5,4.5,W,W,O,"0
Dec","23,",2017,recap,Sat,2017,Lakers,Trailblazers,home,92-95,0&0,-2.0,200.0,-3,-5.0,-13.0,-9.0,-4.0,L,L,U,"0
Dec","23,",2017,recap,Sat,2017,Trailblazers,Lakers,away,95-92,0&0,2.0,200.0,3,5.0,-13.0,-4.0,-9.0,W,W,U,"0
Dec","23,",2017,recap,Sat,2017,Pacers,Nets,home,123-119,2&0,-9.5,216.0,4,-5.5,26.0,10.2,15.8,W,L,O,"1
Dec","23,",2017,recap,Sat,2017,Nets,Pacers,away,119-123,0&2,9.5,216.0,-4,5.5,26.0,15.8,10.2,L,W,O,"1
Dec","23,",2017,recap,Sat,2017,Raptors,Seventysixers,home,102-86,1&1,-9.5,218.0,16,6.5,-30.0,-11.8,-18.2,W,W,U,"0
Dec","23,",2017,recap,Sat,2017,Seventysixers,Raptors,away,86-102,1&1,9.5,218.0,-16,-6.5,-30.0,-18.2,-11.8,L,L,U,"0
Dec","23,",2017,recap,Sat,2017,Suns,Timberwolves,home,106-115,1&2,8.0,217.0,-9,-1.0,4.0,1.5,2.5,L,L,O,"0
Dec","23,",2017,recap,Sat,2017,Timberwolves,Suns,away,115-106,2&1,-8.0,217.0,9,1.0,4.0,2.5,1.5,W,W,O,"0
Dec","23,",2017,recap,Sat,2017,Warriors,Nuggets,home,81-96,0&0,-8.0,215.5,-15,-23.0,-38.5,-30.8,-7.8,L,L,U,"0
Dec","23,",2017,recap,Sat,2017,Nuggets,Warriors,away,96-81,0&0,8.0,215.5,15,23.0,-38.5,-7.8,-30.8,W,W,U,"0
Dec","23,",2017,recap,Sat,2017,Wizards,Magic,home,130-103,0&0,-12.0,212.0,27,15.0,21.0,18.0,3.0,W,W,O,"0
Dec","23,",2017,recap,Sat,2017,Magic,Wizards,away,103-130,0&0,12.0,212.0,-27,-15.0,21.0,3.0,18.0,L,L,O,0
