Date,Link,Day,Season,Team,Opp,Site,Final,Rest,Line,Total,SUm,ATSm,OUm,DPS,DPA,SUr,ATSr,OUr,"ot
Oct","25,",2017,recap,Wed,2017,Heat,Spurs,home,100-117,1&1,3.5,196.5,-17,-13.5,20.5,3.5,17.0,L,L,O,"0
Oct","25,",2017,recap,Wed,2017,Spurs,Heat,away,117-100,1&1,-3.5,196.5,17,13.5,20.5,17.0,3.5,W,W,O,"0
Oct","25,",2017,recap,Wed,2017,Hornets,Nuggets,home,110-93,1&1,1.5,211.0,17,18.5,-8.0,5.2,-13.2,W,W,U,"0
Oct","25,",2017,recap,Wed,2017,Nuggets,Hornets,away,93-110,1&1,-1.5,211.0,-17,-18.5,-8.0,-13.2,5.2,L,L,U,"0
Oct","25,",2017,recap,Wed,2017,Lakers,Wizards,home,102-99,2&1,5.5,228.5,3,8.5,-27.5,-9.5,-18.0,W,W,U,"1
Oct","25,",2017,recap,Wed,2017,Wizards,Lakers,away,99-102,1&2,-5.5,228.5,-3,-8.5,-27.5,-18.0,-9.5,L,L,U,"1
Oct","25,",2017,recap,Wed,2017,Mavericks,Grizzlies,home,103-94,1&1,3.0,197.0,9,12.0,0.0,6.0,-6.0,W,W,P,"0
Oct","25,",2017,recap,Wed,2017,Grizzlies,Mavericks,away,94-103,1&1,-3.0,197.0,-9,-12.0,0.0,-6.0,6.0,L,L,P,"0
Oct","25,",2017,recap,Wed,2017,Nets,Cavaliers,home,112-107,0&0,7.0,224.0,5,12.0,-5.0,3.5,-8.5,W,W,U,"0
Oct","25,",2017,recap,Wed,2017,Cavaliers,Nets,away,107-112,0&0,-7.0,224.0,-5,-12.0,-5.0,-8.5,3.5,L,L,U,"0
Oct","25,",2017,recap,Wed,2017,Pistons,Timberwolves,home,122-101,1&0,-3.0,209.0,21,18.0,14.0,16.0,-2.0,W,W,O,"0
Oct","25,",2017,recap,Wed,2017,Timberwolves,Pistons,away,101-122,0&1,3.0,209.0,-21,-18.0,14.0,-2.0,16.0,L,L,O,"0
Oct","25,",2017,recap,Wed,2017,Seventysixers,Rockets,home,104-105,1&1,3.0,220.0,-1,2.0,-11.0,-4.5,-6.5,L,W,U,"0
Oct","25,",2017,recap,Wed,2017,Rockets,Seventysixers,away,105-104,1&1,-3.0,220.0,1,-2.0,-11.0,-6.5,-4.5,W,L,U,"0
Oct","25,",2017,recap,Wed,2017,Suns,Jazz,home,97-88,1&0,7.0,203.5,9,16.0,-18.5,-1.2,-17.2,W,W,U,"0
Oct","25,",2017,recap,Wed,2017,Jazz,Suns,away,88-97,0&1,-7.0,203.5,-9,-16.0,-18.5,-17.2,-1.2,L,L,U,"0
Oct","25,",2017,recap,Wed,2017,Thunder,Pacers,home,114-96,2&0,-14.0,217.0,18,4.0,-7.0,-1.5,-5.5,W,W,U,"0
Oct","25,",2017,recap,Wed,2017,Pacers,Thunder,away,96-114,0&2,14.0,217.0,-18,-4.0,-7.0,-5.5,-1.5,L,L,U,"0
Oct","25,",2017,recap,Wed,2017,Warriors,Raptors,home,117-112,1&1,-12.0,228.5,5,-7.0,0.5,-3.2,3.8,W,L,O,"0
Oct","25,",2017,recap,Wed,2017,Raptors,Warriors,away,112-117,1&1,12.0,228.5,-5,7.0,0.5,3.8,-3.2,L,W,O,0
