Date,Link,Day,Season,Team,Opp,Site,Final,Rest,Line,Total,SUm,ATSm,OUm,DPS,DPA,SUr,ATSr,OUr,"ot
Dec","22,",2017,recap,Fri,2017,Bucks,Hornets,home,109-104,2&1,-5.0,209.5,5,0.0,3.5,1.8,1.8,W,P,O,"0
Dec","22,",2017,recap,Fri,2017,Hornets,Bucks,away,104-109,1&2,5.0,209.5,-5,0.0,3.5,1.8,1.8,L,P,O,"0
Dec","22,",2017,recap,Fri,2017,Heat,Mavericks,home,113-101,1&1,-1.0,196.5,12,11.0,17.5,14.2,3.2,W,W,O,"0
Dec","22,",2017,recap,Fri,2017,Mavericks,Heat,away,101-113,1&1,1.0,196.5,-12,-11.0,17.5,3.2,14.2,L,L,O,"0
Dec","22,",2017,recap,Fri,2017,Magic,Pelicans,home,97-111,1&2,6.0,217.5,-14,-8.0,-9.5,-8.8,-0.8,L,L,U,"0
Dec","22,",2017,recap,Fri,2017,Pelicans,Magic,away,111-97,2&1,-6.0,217.5,14,8.0,-9.5,-0.8,-8.8,W,W,U,"0
Dec","22,",2017,recap,Fri,2017,Nets,Wizards,home,119-84,1&2,5.0,211.5,35,40.0,-8.5,15.8,-24.2,W,W,U,"0
Dec","22,",2017,recap,Fri,2017,Wizards,Nets,away,84-119,2&1,-5.0,211.5,-35,-40.0,-8.5,-24.2,15.8,L,L,U,"0
Dec","22,",2017,recap,Fri,2017,Pistons,Knicks,home,104-101,1&0,-6.5,202.0,3,-3.5,3.0,-0.2,3.2,W,L,O,"0
Dec","22,",2017,recap,Fri,2017,Knicks,Pistons,away,101-104,0&1,6.5,202.0,-3,3.5,3.0,3.2,-0.2,L,W,O,"0
Dec","22,",2017,recap,Fri,2017,Rockets,Clippers,home,118-128,1&1,-12.0,221.0,-10,-22.0,25.0,1.5,23.5,L,L,O,"0
Dec","22,",2017,recap,Fri,2017,Clippers,Rockets,away,128-118,1&1,12.0,221.0,10,22.0,25.0,23.5,1.5,W,W,O,"0
Dec","22,",2017,recap,Fri,2017,Thunder,Hawks,home,120-117,1&1,-10.0,205.0,3,-7.0,32.0,12.5,19.5,W,L,O,"0
Dec","22,",2017,recap,Fri,2017,Hawks,Thunder,away,117-120,1&1,10.0,205.0,-3,7.0,32.0,19.5,12.5,L,W,O,"0
Dec","22,",2017,recap,Fri,2017,Trailblazers,Nuggets,home,85-102,1&1,0.0,204.5,-17,-17.0,-17.5,-17.2,-0.2,L,L,U,"0
Dec","22,",2017,recap,Fri,2017,Nuggets,Trailblazers,away,102-85,1&1,0.0,204.5,17,17.0,-17.5,-0.2,-17.2,W,W,U,"0
Dec","22,",2017,recap,Fri,2017,Warriors,Lakers,home,113-106,1&1,-10.5,217.0,7,-3.5,2.0,-0.8,2.8,W,L,O,"0
Dec","22,",2017,recap,Fri,2017,Lakers,Warriors,away,106-113,1&1,10.5,217.0,-7,3.5,2.0,2.8,-0.8,L,W,O,0
