Date,Link,Day,Season,Team,Opp,Site,Final,Rest,Line,Total,SUm,ATSm,OUm,DPS,DPA,SUr,ATSr,OUr,"ot
Mar","04,",2017,recap,Sat,2016,Bucks,Raptors,home,101-94,0&0,0.0,203.0,7,7.0,-8.0,-0.5,-7.5,W,W,U,"0
Mar","04,",2017,recap,Sat,2016,Raptors,Bucks,away,94-101,0&0,-0.0,203.0,-7,-7.0,-8.0,-7.5,-0.5,L,L,U,"0
Mar","04,",2017,recap,Sat,2016,Bulls,Clippers,home,91-101,1&0,2.5,209.5,-10,-7.5,-17.5,-12.5,-5.0,L,L,U,"0
Mar","04,",2017,recap,Sat,2016,Clippers,Bulls,away,101-91,0&1,-2.5,209.5,10,7.5,-17.5,-5.0,-12.5,W,W,U,"0
Mar","04,",2017,recap,Sat,2016,Heat,Cavaliers,home,120-92,0&0,-8.0,210.0,28,20.0,2.0,11.0,-9.0,W,W,O,"0
Mar","04,",2017,recap,Sat,2016,Cavaliers,Heat,away,92-120,0&0,8.0,210.0,-28,-20.0,2.0,-9.0,11.0,L,L,O,"0
Mar","04,",2017,recap,Sat,2016,Nuggets,Hornets,home,102-112,2&1,-5.5,221.0,-10,-15.5,-7.0,-11.2,4.2,L,L,U,"0
Mar","04,",2017,recap,Sat,2016,Hornets,Nuggets,away,112-102,1&2,5.5,221.0,10,15.5,-7.0,4.2,-11.2,W,W,U,"0
Mar","04,",2017,recap,Sat,2016,Rockets,Grizzlies,home,123-108,2&0,-8.5,221.0,15,6.5,10.0,8.2,1.8,W,W,O,"0
Mar","04,",2017,recap,Sat,2016,Grizzlies,Rockets,away,108-123,0&2,8.5,221.0,-15,-6.5,10.0,1.8,8.2,L,L,O,"0
Mar","04,",2017,recap,Sat,2016,Seventysixers,Pistons,home,106-136,0&2,5.5,213.0,-30,-24.5,29.0,2.2,26.8,L,L,O,"0
Mar","04,",2017,recap,Sat,2016,Pistons,Seventysixers,away,136-106,2&0,-5.5,213.0,30,24.5,29.0,26.8,2.2,W,W,O,"0
Mar","04,",2017,recap,Sat,2016,Spurs,Timberwolves,home,97-90,0&2,-7.5,205.0,7,-0.5,-18.0,-9.2,-8.8,W,L,U,"1
Mar","04,",2017,recap,Sat,2016,Timberwolves,Spurs,away,90-97,2&0,7.5,205.0,-7,0.5,-18.0,-8.8,-9.2,L,W,U,"1
Mar","04,",2017,recap,Sat,2016,Trailblazers,Nets,home,130-116,1&0,-11.5,226.0,14,2.5,20.0,11.2,8.8,W,W,O,"0
Mar","04,",2017,recap,Sat,2016,Nets,Trailblazers,away,116-130,0&1,11.5,226.0,-14,-2.5,20.0,8.8,11.2,L,L,O,0
