Date,Link,Day,Season,Team,Opp,Site,Final,Rest,Line,Total,SUm,ATSm,OUm,DPS,DPA,SUr,ATSr,OUr,"ot
Nov","15,",2017,recap,Wed,2017,Bucks,Pistons,home,99-95,1&2,-4.5,205.0,4,-0.5,-11.0,-5.8,-5.2,W,L,U,"0
Nov","15,",2017,recap,Wed,2017,Pistons,Bucks,away,95-99,2&1,4.5,205.0,-4,0.5,-11.0,-5.2,-5.8,L,W,U,"0
Nov","15,",2017,recap,Wed,2017,Grizzlies,Pacers,home,113-116,1&2,-3.0,206.5,-3,-6.0,22.5,8.2,14.2,L,L,O,"0
Nov","15,",2017,recap,Wed,2017,Pacers,Grizzlies,away,116-113,2&1,3.0,206.5,3,6.0,22.5,14.2,8.2,W,W,O,"0
Nov","15,",2017,recap,Wed,2017,Hawks,Kings,home,126-80,1&1,-5.0,205.5,46,41.0,0.5,20.8,-20.2,W,W,O,"0
Nov","15,",2017,recap,Wed,2017,Kings,Hawks,away,80-126,1&1,5.0,205.5,-46,-41.0,0.5,-20.2,20.8,L,L,O,"0
Nov","15,",2017,recap,Wed,2017,Heat,Wizards,home,93-102,2&1,-1.0,210.5,-9,-10.0,-15.5,-12.8,-2.8,L,L,U,"0
Nov","15,",2017,recap,Wed,2017,Wizards,Heat,away,102-93,1&2,1.0,210.5,9,10.0,-15.5,-2.8,-12.8,W,W,U,"0
Nov","15,",2017,recap,Wed,2017,Hornets,Cavaliers,home,107-115,4&1,2.0,219.0,-8,-6.0,3.0,-1.5,4.5,L,L,O,"0
Nov","15,",2017,recap,Wed,2017,Cavaliers,Hornets,away,115-107,1&4,-2.0,219.0,8,6.0,3.0,4.5,-1.5,W,W,O,"0
Nov","15,",2017,recap,Wed,2017,Knicks,Jazz,home,106-101,1&1,-4.0,204.0,5,1.0,3.0,2.0,1.0,W,W,O,"0
Nov","15,",2017,recap,Wed,2017,Jazz,Knicks,away,101-106,1&1,4.0,204.0,-5,-1.0,3.0,1.0,2.0,L,L,O,"0
Nov","15,",2017,recap,Wed,2017,Lakers,Seventysixers,home,109-115,1&1,3.5,220.0,-6,-2.5,4.0,0.8,3.2,L,L,O,"0
Nov","15,",2017,recap,Wed,2017,Seventysixers,Lakers,away,115-109,1&1,-3.5,220.0,6,2.5,4.0,3.2,0.8,W,W,O,"0
Nov","15,",2017,recap,Wed,2017,Pelicans,Raptors,home,116-125,1&0,-3.0,219.0,-9,-12.0,22.0,5.0,17.0,L,L,O,"0
Nov","15,",2017,recap,Wed,2017,Raptors,Pelicans,away,125-116,0&1,3.0,219.0,9,12.0,22.0,17.0,5.0,W,W,O,"0
Nov","15,",2017,recap,Wed,2017,Thunder,Bulls,home,92-79,2&3,-12.5,201.0,13,0.5,-30.0,-14.8,-15.2,W,W,U,"0
Nov","15,",2017,recap,Wed,2017,Bulls,Thunder,away,79-92,3&2,12.5,201.0,-13,-0.5,-30.0,-15.2,-14.8,L,L,U,"0
Nov","15,",2017,recap,Wed,2017,Timberwolves,Spurs,home,98-86,1&0,-5.0,207.5,12,7.0,-23.5,-8.2,-15.2,W,W,U,"0
Nov","15,",2017,recap,Wed,2017,Spurs,Timberwolves,away,86-98,0&1,5.0,207.5,-12,-7.0,-23.5,-15.2,-8.2,L,L,U,"0
Nov","15,",2017,recap,Wed,2017,Trailblazers,Magic,home,99-94,1&1,-5.0,210.0,5,0.0,-17.0,-8.5,-8.5,W,P,U,"0
Nov","15,",2017,recap,Wed,2017,Magic,Trailblazers,away,94-99,1&1,5.0,210.0,-5,0.0,-17.0,-8.5,-8.5,L,P,U,0
