Date,Link,Day,Season,Team,Opp,Site,Final,Rest,Line,Total,SUm,ATSm,OUm,DPS,DPA,SUr,ATSr,OUr,"ot
Oct","22,",2017,recap,Sun,2017,Lakers,Pelicans,home,112-119,1&1,5.0,222.0,-7,-2.0,9.0,3.5,5.5,L,L,O,"0
Oct","22,",2017,recap,Sun,2017,Pelicans,Lakers,away,119-112,1&1,-5.0,222.0,7,2.0,9.0,5.5,3.5,W,W,O,"0
Oct","22,",2017,recap,Sun,2017,Nets,Hawks,home,116-104,1&1,-2.5,221.0,12,9.5,-1.0,4.2,-5.2,W,W,U,"0
Oct","22,",2017,recap,Sun,2017,Hawks,Nets,away,104-116,1&1,2.5,221.0,-12,-9.5,-1.0,-5.2,4.2,L,L,U,"0
Oct","22,",2017,recap,Sun,2017,Thunder,Timberwolves,home,113-115,0&1,-4.0,211.5,-2,-6.0,16.5,5.2,11.2,L,L,O,"0
Oct","22,",2017,recap,Sun,2017,Timberwolves,Thunder,away,115-113,1&0,4.0,211.5,2,6.0,16.5,11.2,5.2,W,W,O,0
