Date,Link,Day,Season,Team,Opp,Site,Final,Rest,Line,Total,SUm,ATSm,OUm,DPS,DPA,SUr,ATSr,OUr,"ot
Jan","20,",2017,recap,Fri,2016,Grizzlies,Kings,home,107-91,1&1,-8.0,199.5,16,8.0,-1.5,3.2,-4.8,W,W,U,"0
Jan","20,",2017,recap,Fri,2016,Kings,Grizzlies,away,91-107,1&1,8.0,199.5,-16,-8.0,-1.5,-4.8,3.2,L,L,U,"0
Jan","20,",2017,recap,Fri,2016,Hawks,Bulls,home,102-93,1&2,-5.5,203.5,9,3.5,-8.5,-2.5,-6.0,W,W,U,"0
Jan","20,",2017,recap,Fri,2016,Bulls,Hawks,away,93-102,2&1,5.5,203.5,-9,-3.5,-8.5,-6.0,-2.5,L,L,U,"0
Jan","20,",2017,recap,Fri,2016,Hornets,Raptors,home,113-78,1&1,-1.0,215.5,35,34.0,-24.5,4.8,-29.2,W,W,U,"0
Jan","20,",2017,recap,Fri,2016,Raptors,Hornets,away,78-113,1&1,1.0,215.5,-35,-34.0,-24.5,-29.2,4.8,L,L,U,"0
Jan","20,",2017,recap,Fri,2016,Lakers,Pacers,home,108-95,2&1,3.0,220.5,13,16.0,-17.5,-0.8,-16.8,W,W,U,"0
Jan","20,",2017,recap,Fri,2016,Pacers,Lakers,away,95-108,1&2,-3.0,220.5,-13,-16.0,-17.5,-16.8,-0.8,L,L,U,"0
Jan","20,",2017,recap,Fri,2016,Magic,Bucks,home,112-96,1&1,2.5,209.5,16,18.5,-1.5,8.5,-10.0,W,W,U,"0
Jan","20,",2017,recap,Fri,2016,Bucks,Magic,away,96-112,1&1,-2.5,209.5,-16,-18.5,-1.5,-10.0,8.5,L,L,U,"0
Jan","20,",2017,recap,Fri,2016,Mavericks,Jazz,home,107-112,0&3,5.5,188.0,-5,0.5,31.0,15.8,15.2,L,W,O,"1
Jan","20,",2017,recap,Fri,2016,Jazz,Mavericks,away,112-107,3&0,-5.5,188.0,5,-0.5,31.0,15.2,15.8,W,L,O,"1
Jan","20,",2017,recap,Fri,2016,Pelicans,Nets,home,114-143,1&2,-9.5,221.5,-29,-38.5,35.5,-1.5,37.0,L,L,O,"0
Jan","20,",2017,recap,Fri,2016,Nets,Pelicans,away,143-114,2&1,9.5,221.5,29,38.5,35.5,37.0,-1.5,W,W,O,"0
Jan","20,",2017,recap,Fri,2016,Rockets,Warriors,home,108-125,1&1,5.5,238.0,-17,-11.5,-5.0,-8.2,3.2,L,L,U,"0
Jan","20,",2017,recap,Fri,2016,Warriors,Rockets,away,125-108,1&1,-5.5,238.0,17,11.5,-5.0,3.2,-8.2,W,W,U,"0
Jan","20,",2017,recap,Fri,2016,Seventysixers,Trailblazers,home,93-92,1&1,1.5,208.0,1,2.5,-23.0,-10.2,-12.8,W,W,U,"0
Jan","20,",2017,recap,Fri,2016,Trailblazers,Seventysixers,away,92-93,1&1,-1.5,208.0,-1,-2.5,-23.0,-12.8,-10.2,L,L,U,0
