Date,Link,Day,Season,Team,Opp,Site,Final,Rest,Line,Total,SUm,ATSm,OUm,DPS,DPA,SUr,ATSr,OUr,"ot
Dec","07,",2017,recap,Thu,2017,Jazz,Rockets,home,101-112,1&3,6.5,211.0,-11,-4.5,2.0,-1.2,3.2,L,L,O,"0
Dec","07,",2017,recap,Thu,2017,Rockets,Jazz,away,112-101,3&1,-6.5,211.0,11,4.5,2.0,3.2,-1.2,W,W,O,"0
Dec","07,",2017,recap,Thu,2017,Nets,Thunder,home,100-95,2&1,6.5,214.5,5,11.5,-19.5,-4.0,-15.5,W,W,U,"0
Dec","07,",2017,recap,Thu,2017,Thunder,Nets,away,95-100,1&2,-6.5,214.5,-5,-11.5,-19.5,-15.5,-4.0,L,L,U,"0
Dec","07,",2017,recap,Thu,2017,Seventysixers,Lakers,home,104-107,2&3,-7.5,220.0,-3,-10.5,-9.0,-9.8,0.8,L,L,U,"0
Dec","07,",2017,recap,Thu,2017,Lakers,Seventysixers,away,107-104,3&2,7.5,220.0,3,10.5,-9.0,0.8,-9.8,W,W,U,"0
Dec","07,",2017,recap,Thu,2017,Suns,Wizards,home,99-109,1&1,7.5,213.0,-10,-2.5,-5.0,-3.8,-1.2,L,L,U,"0
Dec","07,",2017,recap,Thu,2017,Wizards,Suns,away,109-99,1&1,-7.5,213.0,10,2.5,-5.0,-1.2,-3.8,W,W,U,0
