Date,Link,Day,Season,Team,Opp,Site,Final,Rest,Line,Total,SUm,ATSm,OUm,DPS,DPA,SUr,ATSr,OUr,"ot
Nov","20,",2017,recap,Mon,2017,Bucks,Wizards,home,88-99,1&0,-3.5,207.5,-11,-14.5,-20.5,-17.5,-3.0,L,L,U,"0
Nov","20,",2017,recap,Mon,2017,Wizards,Bucks,away,99-88,0&1,3.5,207.5,11,14.5,-20.5,-3.0,-17.5,W,W,U,"0
Nov","20,",2017,recap,Mon,2017,Grizzlies,Trailblazers,home,92-100,1&1,1.5,194.0,-8,-6.5,-2.0,-4.2,2.2,L,L,U,"0
Nov","20,",2017,recap,Mon,2017,Trailblazers,Grizzlies,away,100-92,1&1,-1.5,194.0,8,6.5,-2.0,2.2,-4.2,W,W,U,"0
Nov","20,",2017,recap,Mon,2017,Hornets,Timberwolves,home,118-102,1&0,-2.0,213.5,16,14.0,6.5,10.2,-3.8,W,W,O,"0
Nov","20,",2017,recap,Mon,2017,Timberwolves,Hornets,away,102-118,0&1,2.0,213.5,-16,-14.0,6.5,-3.8,10.2,L,L,O,"0
Nov","20,",2017,recap,Mon,2017,Kings,Nuggets,home,98-114,1&0,7.0,209.0,-16,-9.0,3.0,-3.0,6.0,L,L,O,"0
Nov","20,",2017,recap,Mon,2017,Nuggets,Kings,away,114-98,0&1,-7.0,209.0,16,9.0,3.0,6.0,-3.0,W,W,O,"0
Nov","20,",2017,recap,Mon,2017,Knicks,Clippers,home,107-85,2&1,0.0,208.5,22,22.0,-16.5,2.8,-19.2,W,W,U,"0
Nov","20,",2017,recap,Mon,2017,Clippers,Knicks,away,85-107,1&2,-0.0,208.5,-22,-22.0,-16.5,-19.2,2.8,L,L,U,"0
Nov","20,",2017,recap,Mon,2017,Magic,Pacers,home,97-105,1&0,-3.5,219.0,-8,-11.5,-17.0,-14.2,-2.8,L,L,U,"0
Nov","20,",2017,recap,Mon,2017,Pacers,Magic,away,105-97,0&1,3.5,219.0,8,11.5,-17.0,-2.8,-14.2,W,W,U,"0
Nov","20,",2017,recap,Mon,2017,Mavericks,Celtics,home,102-110,1&1,7.5,200.0,-8,-0.5,12.0,5.8,6.2,L,L,O,"1
Nov","20,",2017,recap,Mon,2017,Celtics,Mavericks,away,110-102,1&1,-7.5,200.0,8,0.5,12.0,6.2,5.8,W,W,O,"1
Nov","20,",2017,recap,Mon,2017,Pelicans,Thunder,home,114-107,2&2,2.5,214.0,7,9.5,7.0,8.2,-1.2,W,W,O,"0
Nov","20,",2017,recap,Mon,2017,Thunder,Pelicans,away,107-114,2&2,-2.5,214.0,-7,-9.5,7.0,-1.2,8.2,L,L,O,"0
Nov","20,",2017,recap,Mon,2017,Pistons,Cavaliers,home,88-116,0&2,2.5,216.0,-28,-25.5,-12.0,-18.8,6.8,L,L,U,"0
Nov","20,",2017,recap,Mon,2017,Cavaliers,Pistons,away,116-88,2&0,-2.5,216.0,28,25.5,-12.0,6.8,-18.8,W,W,U,"0
Nov","20,",2017,recap,Mon,2017,Seventysixers,Jazz,home,107-86,1&1,-7.0,210.0,21,14.0,-17.0,-1.5,-15.5,W,W,U,"0
Nov","20,",2017,recap,Mon,2017,Jazz,Seventysixers,away,86-107,1&1,7.0,210.0,-21,-14.0,-17.0,-15.5,-1.5,L,L,U,"0
Nov","20,",2017,recap,Mon,2017,Spurs,Hawks,home,96-85,2&1,-9.5,201.5,11,1.5,-20.5,-9.5,-11.0,W,W,U,"0
Nov","20,",2017,recap,Mon,2017,Hawks,Spurs,away,85-96,1&2,9.5,201.5,-11,-1.5,-20.5,-11.0,-9.5,L,L,U,0
