Date,Link,Day,Season,Team,Opp,Site,Final,Rest,Line,Total,SUm,ATSm,OUm,DPS,DPA,SUr,ATSr,OUr,"ot
Feb","04,",2017,recap,Sat,2016,Hawks,Magic,home,113-86,1&0,-7.5,207.5,27,19.5,-8.5,5.5,-14.0,W,W,U,"0
Feb","04,",2017,recap,Sat,2016,Magic,Hawks,away,86-113,0&1,7.5,207.5,-27,-19.5,-8.5,-14.0,5.5,L,L,U,"0
Feb","04,",2017,recap,Sat,2016,Heat,Seventysixers,home,125-102,2&1,-9.0,208.5,23,14.0,18.5,16.2,2.2,W,W,O,"0
Feb","04,",2017,recap,Sat,2016,Seventysixers,Heat,away,102-125,1&2,9.0,208.5,-23,-14.0,18.5,2.2,16.2,L,L,O,"0
Feb","04,",2017,recap,Sat,2016,Jazz,Hornets,home,105-98,2&2,-8.0,197.0,7,-1.0,6.0,2.5,3.5,W,L,O,"0
Feb","04,",2017,recap,Sat,2016,Hornets,Jazz,away,98-105,2&2,8.0,197.0,-7,1.0,6.0,3.5,2.5,L,W,O,"0
Feb","04,",2017,recap,Sat,2016,Kings,Warriors,home,109-106,0&1,14.0,224.5,3,17.0,-9.5,3.8,-13.2,W,W,U,"1
Feb","04,",2017,recap,Sat,2016,Warriors,Kings,away,106-109,1&0,-14.0,224.5,-3,-17.0,-9.5,-13.2,3.8,L,L,U,"1
Feb","04,",2017,recap,Sat,2016,Knicks,Cavaliers,home,104-111,2&2,6.5,217.5,-7,-0.5,-2.5,-1.5,-1.0,L,L,U,"0
Feb","04,",2017,recap,Sat,2016,Cavaliers,Knicks,away,111-104,2&2,-6.5,217.5,7,0.5,-2.5,-1.0,-1.5,W,W,U,"0
Feb","04,",2017,recap,Sat,2016,Pacers,Pistons,home,105-84,0&0,-4.5,209.0,21,16.5,-20.0,-1.8,-18.2,W,W,U,"0
Feb","04,",2017,recap,Sat,2016,Pistons,Pacers,away,84-105,0&0,4.5,209.0,-21,-16.5,-20.0,-18.2,-1.8,L,L,U,"0
Feb","04,",2017,recap,Sat,2016,Spurs,Nuggets,home,121-97,1&0,-13.0,221.5,24,11.0,-3.5,3.8,-7.2,W,W,U,"0
Feb","04,",2017,recap,Sat,2016,Nuggets,Spurs,away,97-121,0&1,13.0,221.5,-24,-11.0,-3.5,-7.2,3.8,L,L,U,"0
Feb","04,",2017,recap,Sat,2016,Suns,Bucks,home,112-137,0&0,1.0,220.5,-25,-24.0,28.5,2.2,26.2,L,L,O,"0
Feb","04,",2017,recap,Sat,2016,Bucks,Suns,away,137-112,0&0,-1.0,220.5,25,24.0,28.5,26.2,2.2,W,W,O,"0
Feb","04,",2017,recap,Sat,2016,Timberwolves,Grizzlies,home,99-107,0&0,-1.0,203.0,-8,-9.0,3.0,-3.0,6.0,L,L,O,"0
Feb","04,",2017,recap,Sat,2016,Grizzlies,Timberwolves,away,107-99,0&0,1.0,203.0,8,9.0,3.0,6.0,-3.0,W,W,O,"0
Feb","04,",2017,recap,Sat,2016,Wizards,Pelicans,home,105-91,1&2,-7.5,217.0,14,6.5,-21.0,-7.2,-13.8,W,W,U,"0
Feb","04,",2017,recap,Sat,2016,Pelicans,Wizards,away,91-105,2&1,7.5,217.0,-14,-6.5,-21.0,-13.8,-7.2,L,L,U,0
