Date,Link,Day,Season,Team,Opp,Site,Final,Rest,Line,Total,SUm,ATSm,OUm,DPS,DPA,SUr,ATSr,OUr,"ot
Nov","07,",2017,recap,Tue,2017,Cavaliers,Bucks,home,124-119,1&3,-5.0,221.0,5,0.0,22.0,11.0,11.0,W,P,O,"0
Nov","07,",2017,recap,Tue,2017,Bucks,Cavaliers,away,119-124,3&1,5.0,221.0,-5,0.0,22.0,11.0,11.0,L,P,O,"0
Nov","07,",2017,recap,Tue,2017,Jazz,Seventysixers,home,97-104,1&3,-6.5,204.0,-7,-13.5,-3.0,-8.2,5.2,L,L,U,"0
Nov","07,",2017,recap,Tue,2017,Seventysixers,Jazz,away,104-97,3&1,6.5,204.0,7,13.5,-3.0,5.2,-8.2,W,W,U,"0
Nov","07,",2017,recap,Tue,2017,Kings,Thunder,home,94-86,2&1,11.0,202.5,8,19.0,-22.5,-1.8,-20.8,W,W,U,"0
Nov","07,",2017,recap,Tue,2017,Thunder,Kings,away,86-94,1&2,-11.0,202.5,-8,-19.0,-22.5,-20.8,-1.8,L,L,U,"0
Nov","07,",2017,recap,Tue,2017,Knicks,Hornets,home,118-113,1&1,2.0,208.5,5,7.0,22.5,14.8,7.8,W,W,O,"0
Nov","07,",2017,recap,Tue,2017,Hornets,Knicks,away,113-118,1&1,-2.0,208.5,-5,-7.0,22.5,7.8,14.8,L,L,O,"0
Nov","07,",2017,recap,Tue,2017,Nuggets,Nets,home,112-104,2&0,-12.0,229.5,8,-4.0,-13.5,-8.8,-4.8,W,L,U,"0
Nov","07,",2017,recap,Tue,2017,Nets,Nuggets,away,104-112,0&2,12.0,229.5,-8,4.0,-13.5,-4.8,-8.8,L,W,U,"0
Nov","07,",2017,recap,Tue,2017,Pacers,Pelicans,home,112-117,1&2,1.5,218.0,-5,-3.5,11.0,3.8,7.2,L,L,O,"0
Nov","07,",2017,recap,Tue,2017,Pelicans,Pacers,away,117-112,2&1,-1.5,218.0,5,3.5,11.0,7.2,3.8,W,W,O,"0
Nov","07,",2017,recap,Tue,2017,Raptors,Bulls,home,119-114,1&2,-11.0,202.5,5,-6.0,30.5,12.2,18.2,W,L,O,"0
Nov","07,",2017,recap,Tue,2017,Bulls,Raptors,away,114-119,2&1,11.0,202.5,-5,6.0,30.5,18.2,12.2,L,W,O,"0
Nov","07,",2017,recap,Tue,2017,Spurs,Clippers,home,120-107,1&1,-4.0,203.5,13,9.0,23.5,16.2,7.2,W,W,O,"0
Nov","07,",2017,recap,Tue,2017,Clippers,Spurs,away,107-120,1&1,4.0,203.5,-13,-9.0,23.5,7.2,16.2,L,L,O,"0
Nov","07,",2017,recap,Tue,2017,Trailblazers,Grizzlies,home,97-98,1&1,-3.0,201.5,-1,-4.0,-6.5,-5.2,-1.2,L,L,U,"0
Nov","07,",2017,recap,Tue,2017,Grizzlies,Trailblazers,away,98-97,1&1,3.0,201.5,1,4.0,-6.5,-1.2,-5.2,W,W,U,"0
Nov","07,",2017,recap,Tue,2017,Wizards,Mavericks,home,99-113,1&2,-10.0,213.0,-14,-24.0,-1.0,-12.5,11.5,L,L,U,"0
Nov","07,",2017,recap,Tue,2017,Mavericks,Wizards,away,113-99,2&1,10.0,213.0,14,24.0,-1.0,11.5,-12.5,W,W,U,0
