Date,Link,Day,Season,Team,Opp,Site,Final,Rest,Line,Total,SUm,ATSm,OUm,DPS,DPA,SUr,ATSr,OUr,"ot
Jan","08,",2017,recap,Sun,2016,Bucks,Wizards,home,101-107,1&1,-1.5,211.5,-6,-7.5,-3.5,-5.5,2.0,L,L,U,"0
Jan","08,",2017,recap,Sun,2016,Wizards,Bucks,away,107-101,1&1,1.5,211.5,6,7.5,-3.5,2.0,-5.5,W,W,U,"0
Jan","08,",2017,recap,Sun,2016,Clippers,Heat,home,98-86,1&1,-10.0,207.0,12,2.0,-23.0,-10.5,-12.5,W,W,U,"0
Jan","08,",2017,recap,Sun,2016,Heat,Clippers,away,86-98,1&1,10.0,207.0,-12,-2.0,-23.0,-12.5,-10.5,L,L,U,"0
Jan","08,",2017,recap,Sun,2016,Grizzlies,Jazz,home,88-79,1&0,-3.0,187.0,9,6.0,-20.0,-7.0,-13.0,W,W,U,"0
Jan","08,",2017,recap,Sun,2016,Jazz,Grizzlies,away,79-88,0&1,3.0,187.0,-9,-6.0,-20.0,-13.0,-7.0,L,L,U,"0
Jan","08,",2017,recap,Sun,2016,Kings,Warriors,home,106-117,1&1,11.0,223.5,-11,0.0,-0.5,-0.2,-0.2,L,P,U,"0
Jan","08,",2017,recap,Sun,2016,Warriors,Kings,away,117-106,1&1,-11.0,223.5,11,0.0,-0.5,-0.2,-0.2,W,P,U,"0
Jan","08,",2017,recap,Sun,2016,Lakers,Magic,home,111-95,1&1,-2.5,215.0,16,13.5,-9.0,2.2,-11.2,W,W,U,"0
Jan","08,",2017,recap,Sun,2016,Magic,Lakers,away,95-111,1&1,2.5,215.0,-16,-13.5,-9.0,-11.2,2.2,L,L,U,"0
Jan","08,",2017,recap,Sun,2016,Nets,Seventysixers,home,95-105,1&1,-1.0,215.0,-10,-11.0,-15.0,-13.0,-2.0,L,L,U,"0
Jan","08,",2017,recap,Sun,2016,Seventysixers,Nets,away,105-95,1&1,1.0,215.0,10,11.0,-15.0,-2.0,-13.0,W,W,U,"0
Jan","08,",2017,recap,Sun,2016,Raptors,Rockets,home,122-129,0&1,2.5,226.5,-7,-4.5,24.5,10.0,14.5,L,L,O,"0
Jan","08,",2017,recap,Sun,2016,Rockets,Raptors,away,129-122,1&0,-2.5,226.5,7,4.5,24.5,14.5,10.0,W,W,O,"0
Jan","08,",2017,recap,Sun,2016,Suns,Cavaliers,home,116-120,2&1,8.5,219.0,-4,4.5,17.0,10.8,6.2,L,W,O,"0
Jan","08,",2017,recap,Sun,2016,Cavaliers,Suns,away,120-116,1&2,-8.5,219.0,4,-4.5,17.0,6.2,10.8,W,L,O,"0
Jan","08,",2017,recap,Sun,2016,Trailblazers,Pistons,home,124-125,2&2,-3.5,214.5,-1,-4.5,34.5,15.0,19.5,L,L,O,"2
Jan","08,",2017,recap,Sun,2016,Pistons,Trailblazers,away,125-124,2&2,3.5,214.5,1,4.5,34.5,19.5,15.0,W,W,O,2
