Date,Link,Day,Season,Team,Opp,Site,Final,Rest,Line,Total,SUm,ATSm,OUm,DPS,DPA,SUr,ATSr,OUr,"ot
Jan","24,",2017,recap,Tue,2016,Magic,Bulls,home,92-100,1&2,3.0,204.5,-8,-5.0,-12.5,-8.8,-3.8,L,L,U,"0
Jan","24,",2017,recap,Tue,2016,Bulls,Magic,away,100-92,2&1,-3.0,204.5,8,5.0,-12.5,-3.8,-8.8,W,W,U,"0
Jan","24,",2017,recap,Tue,2016,Nuggets,Jazz,home,103-93,1&0,-2.0,210.5,10,8.0,-14.5,-3.2,-11.2,W,W,U,"0
Jan","24,",2017,recap,Tue,2016,Jazz,Nuggets,away,93-103,0&1,2.0,210.5,-10,-8.0,-14.5,-11.2,-3.2,L,L,U,"0
Jan","24,",2017,recap,Tue,2016,Raptors,Spurs,home,106-108,1&0,0.0,207.5,-2,-2.0,6.5,2.2,4.2,L,L,O,"0
Jan","24,",2017,recap,Tue,2016,Spurs,Raptors,away,108-106,0&1,0.0,207.5,2,2.0,6.5,4.2,2.2,W,W,O,"0
Jan","24,",2017,recap,Tue,2016,Seventysixers,Clippers,home,121-110,2&0,4.5,204.0,11,15.5,27.0,21.2,5.8,W,W,O,"0
Jan","24,",2017,recap,Tue,2016,Clippers,Seventysixers,away,110-121,0&2,-4.5,204.0,-11,-15.5,27.0,5.8,21.2,L,L,O,"0
Jan","24,",2017,recap,Tue,2016,Suns,Timberwolves,home,111-112,1&1,1.0,215.0,-1,0.0,8.0,4.0,4.0,L,P,O,"0
Jan","24,",2017,recap,Tue,2016,Timberwolves,Suns,away,112-111,1&1,-1.0,215.0,1,0.0,8.0,4.0,4.0,W,P,O,"0
Jan","24,",2017,recap,Tue,2016,Wizards,Celtics,home,123-108,0&2,-1.0,219.0,15,14.0,12.0,13.0,-1.0,W,W,O,"0
Jan","24,",2017,recap,Tue,2016,Celtics,Wizards,away,108-123,2&0,1.0,219.0,-15,-14.0,12.0,-1.0,13.0,L,L,O,0
