Date,Link,Day,Season,Team,Opp,Site,Final,Rest,Line,Total,SUm,ATSm,OUm,DPS,DPA,SUr,ATSr,OUr,"ot
Nov","25,",2017,recap,Sat,2017,Hawks,Raptors,home,78-112,0&0,7.0,209.0,-34,-27.0,-19.0,-23.0,4.0,L,L,U,"0
Nov","25,",2017,recap,Sat,2017,Raptors,Hawks,away,112-78,0&0,-7.0,209.0,34,27.0,-19.0,4.0,-23.0,W,W,U,"0
Nov","25,",2017,recap,Sat,2017,Hornets,Spurs,home,86-106,0&2,0.0,201.0,-20,-20.0,-9.0,-14.5,5.5,L,L,U,"0
Nov","25,",2017,recap,Sat,2017,Spurs,Hornets,away,106-86,2&0,0.0,201.0,20,20.0,-9.0,5.5,-14.5,W,W,U,"0
Nov","25,",2017,recap,Sat,2017,Jazz,Bucks,home,121-108,2&2,1.0,199.0,13,14.0,30.0,22.0,8.0,W,W,O,"0
Nov","25,",2017,recap,Sat,2017,Bucks,Jazz,away,108-121,2&2,-1.0,199.0,-13,-14.0,30.0,8.0,22.0,L,L,O,"0
Nov","25,",2017,recap,Sat,2017,Kings,Clippers,home,95-97,2&2,4.5,203.0,-2,2.5,-11.0,-4.2,-6.8,L,W,U,"0
Nov","25,",2017,recap,Sat,2017,Clippers,Kings,away,97-95,2&2,-4.5,203.0,2,-2.5,-11.0,-6.8,-4.2,W,L,U,"0
Nov","25,",2017,recap,Sat,2017,Mavericks,Thunder,home,97-81,2&0,5.5,202.0,16,21.5,-24.0,-1.2,-22.8,W,W,U,"0
Nov","25,",2017,recap,Sat,2017,Thunder,Mavericks,away,81-97,0&2,-5.5,202.0,-16,-21.5,-24.0,-22.8,-1.2,L,L,U,"0
Nov","25,",2017,recap,Sat,2017,Pacers,Celtics,home,98-108,0&0,3.0,206.0,-10,-7.0,0.0,-3.5,3.5,L,L,P,"0
Nov","25,",2017,recap,Sat,2017,Celtics,Pacers,away,108-98,0&0,-3.0,206.0,10,7.0,0.0,3.5,-3.5,W,W,P,"0
Nov","25,",2017,recap,Sat,2017,Rockets,Knicks,home,117-102,2&0,-15.5,217.5,15,-0.5,1.5,0.5,1.0,W,L,O,"0
Nov","25,",2017,recap,Sat,2017,Knicks,Rockets,away,102-117,0&2,15.5,217.5,-15,0.5,1.5,1.0,0.5,L,W,O,"0
Nov","25,",2017,recap,Sat,2017,Seventysixers,Magic,home,130-111,2&0,-6.0,221.0,19,13.0,20.0,16.5,3.5,W,W,O,"0
Nov","25,",2017,recap,Sat,2017,Magic,Seventysixers,away,111-130,0&2,6.0,221.0,-19,-13.0,20.0,3.5,16.5,L,L,O,"0
Nov","25,",2017,recap,Sat,2017,Warriors,Pelicans,home,110-95,0&0,-12.0,227.5,15,3.0,-22.5,-9.8,-12.8,W,W,U,"0
Nov","25,",2017,recap,Sat,2017,Pelicans,Warriors,away,95-110,0&0,12.0,227.5,-15,-3.0,-22.5,-12.8,-9.8,L,L,U,"0
Nov","25,",2017,recap,Sat,2017,Wizards,Trailblazers,home,105-108,2&0,-4.0,203.0,-3,-7.0,10.0,1.5,8.5,L,L,O,"0
Nov","25,",2017,recap,Sat,2017,Trailblazers,Wizards,away,108-105,0&2,4.0,203.0,3,7.0,10.0,8.5,1.5,W,W,O,0
