Date,Link,Day,Season,Team,Opp,Site,Final,Rest,Line,Total,SUm,ATSm,OUm,DPS,DPA,SUr,ATSr,OUr,"ot
Apr","04,",2017,recap,Tue,2016,Cavaliers,Magic,home,122-102,1&2,-11.0,221.5,20,9.0,2.5,5.8,-3.2,W,W,O,"0
Apr","04,",2017,recap,Tue,2016,Magic,Cavaliers,away,102-122,2&1,11.0,221.5,-20,-9.0,2.5,-3.2,5.8,L,L,O,"0
Apr","04,",2017,recap,Tue,2016,Jazz,Trailblazers,home,106-87,1&0,-6.5,201.0,19,12.5,-8.0,2.2,-10.2,W,W,U,"0
Apr","04,",2017,recap,Tue,2016,Trailblazers,Jazz,away,87-106,0&1,6.5,201.0,-19,-12.5,-8.0,-10.2,2.2,L,L,U,"0
Apr","04,",2017,recap,Tue,2016,Kings,Mavericks,home,98-87,2&1,0.0,195.0,11,11.0,-10.0,0.5,-10.5,W,W,U,"0
Apr","04,",2017,recap,Tue,2016,Mavericks,Kings,away,87-98,1&2,0.0,195.0,-11,-11.0,-10.0,-10.5,0.5,L,L,U,"0
Apr","04,",2017,recap,Tue,2016,Knicks,Bulls,home,100-91,1&1,3.5,203.5,9,12.5,-12.5,0.0,-12.5,W,W,U,"0
Apr","04,",2017,recap,Tue,2016,Bulls,Knicks,away,91-100,1&1,-3.5,203.5,-9,-12.5,-12.5,-12.5,0.0,L,L,U,"0
Apr","04,",2017,recap,Tue,2016,Pacers,Raptors,home,108-90,1&1,-3.0,203.0,18,15.0,-5.0,5.0,-10.0,W,W,U,"0
Apr","04,",2017,recap,Tue,2016,Raptors,Pacers,away,90-108,1&1,3.0,203.0,-18,-15.0,-5.0,-10.0,5.0,L,L,U,"0
Apr","04,",2017,recap,Tue,2016,Pelicans,Nuggets,home,131-134,1&1,-2.0,228.5,-3,-5.0,36.5,15.8,20.8,L,L,O,"0
Apr","04,",2017,recap,Tue,2016,Nuggets,Pelicans,away,134-131,1&1,2.0,228.5,3,5.0,36.5,20.8,15.8,W,W,O,"0
Apr","04,",2017,recap,Tue,2016,Seventysixers,Nets,home,118-141,1&1,2.0,223.0,-23,-21.0,36.0,7.5,28.5,L,L,O,"0
Apr","04,",2017,recap,Tue,2016,Nets,Seventysixers,away,141-118,1&1,-2.0,223.0,23,21.0,36.0,28.5,7.5,W,W,O,"0
Apr","04,",2017,recap,Tue,2016,Spurs,Grizzlies,home,95-89,1&1,-9.0,193.0,6,-3.0,-9.0,-6.0,-3.0,W,L,U,"1
Apr","04,",2017,recap,Tue,2016,Grizzlies,Spurs,away,89-95,1&1,9.0,193.0,-6,3.0,-9.0,-3.0,-6.0,L,W,U,"1
Apr","04,",2017,recap,Tue,2016,Thunder,Bucks,home,110-79,1&1,-5.5,210.0,31,25.5,-21.0,2.2,-23.2,W,W,U,"0
Apr","04,",2017,recap,Tue,2016,Bucks,Thunder,away,79-110,1&1,5.5,210.0,-31,-25.5,-21.0,-23.2,2.2,L,L,U,"0
Apr","04,",2017,recap,Tue,2016,Warriors,Timberwolves,home,121-107,1&0,-14.0,219.0,14,0.0,9.0,4.5,4.5,W,P,O,"0
Apr","04,",2017,recap,Tue,2016,Timberwolves,Warriors,away,107-121,0&1,14.0,219.0,-14,0.0,9.0,4.5,4.5,L,P,O,"0
Apr","04,",2017,recap,Tue,2016,Wizards,Hornets,home,118-111,1&1,-4.0,219.5,7,3.0,9.5,6.2,3.2,W,W,O,"0
Apr","04,",2017,recap,Tue,2016,Hornets,Wizards,away,111-118,1&1,4.0,219.5,-7,-3.0,9.5,3.2,6.2,L,L,O,0
