Date,Link,Day,Season,Team,Opp,Site,Final,Rest,Line,Total,SUm,ATSm,OUm,DPS,DPA,SUr,ATSr,OUr,"ot
Mar","22,",2017,recap,Wed,2016,Bulls,Pistons,home,117-95,0&0,0.0,200.5,22,22.0,11.5,16.8,-5.2,W,W,O,"0
Mar","22,",2017,recap,Wed,2016,Pistons,Bulls,away,95-117,0&0,-0.0,200.5,-22,-22.0,11.5,-5.2,16.8,L,L,O,"0
Mar","22,",2017,recap,Wed,2016,Celtics,Pacers,home,109-100,1&1,-8.0,208.0,9,1.0,1.0,1.0,0.0,W,W,O,"0
Mar","22,",2017,recap,Wed,2016,Pacers,Celtics,away,100-109,1&1,8.0,208.0,-9,-1.0,1.0,0.0,1.0,L,L,O,"0
Mar","22,",2017,recap,Wed,2016,Jazz,Knicks,home,108-101,1&1,-10.5,202.5,7,-3.5,6.5,1.5,5.0,W,L,O,"0
Mar","22,",2017,recap,Wed,2016,Knicks,Jazz,away,101-108,1&1,10.5,202.5,-7,3.5,6.5,5.0,1.5,L,W,O,"0
Mar","22,",2017,recap,Wed,2016,Kings,Bucks,home,98-116,2&0,5.0,202.0,-18,-13.0,12.0,-0.5,12.5,L,L,O,"0
Mar","22,",2017,recap,Wed,2016,Bucks,Kings,away,116-98,0&2,-5.0,202.0,18,13.0,12.0,12.5,-0.5,W,W,O,"0
Mar","22,",2017,recap,Wed,2016,Magic,Hornets,home,102-109,1&1,5.0,207.0,-7,-2.0,4.0,1.0,3.0,L,L,O,"0
Mar","22,",2017,recap,Wed,2016,Hornets,Magic,away,109-102,1&1,-5.0,207.0,7,2.0,4.0,3.0,1.0,W,W,O,"0
Mar","22,",2017,recap,Wed,2016,Nuggets,Cavaliers,home,126-113,1&2,2.0,229.5,13,15.0,9.5,12.2,-2.8,W,W,O,"0
Mar","22,",2017,recap,Wed,2016,Cavaliers,Nuggets,away,113-126,2&1,-2.0,229.5,-13,-15.0,9.5,-2.8,12.2,L,L,O,"0
Mar","22,",2017,recap,Wed,2016,Thunder,Seventysixers,home,122-97,1&1,-11.5,219.0,25,13.5,0.0,6.8,-6.8,W,W,P,"0
Mar","22,",2017,recap,Wed,2016,Seventysixers,Thunder,away,97-122,1&1,11.5,219.0,-25,-13.5,0.0,-6.8,6.8,L,L,P,"0
Mar","22,",2017,recap,Wed,2016,Wizards,Hawks,home,104-100,1&1,-7.0,214.5,4,-3.0,-10.5,-6.8,-3.8,W,L,U,"0
Mar","22,",2017,recap,Wed,2016,Hawks,Wizards,away,100-104,1&1,7.0,214.5,-4,3.0,-10.5,-3.8,-6.8,L,W,U,0
