Date,Link,Day,Season,Team,Opp,Site,Final,Rest,Line,Total,SUm,ATSm,OUm,DPS,DPA,SUr,ATSr,OUr,"ot
Jan","13,",2017,recap,Fri,2016,Bucks,Heat,home,116-108,2&2,-7.5,205.0,8,0.5,19.0,9.8,9.2,W,W,O,"0
Jan","13,",2017,recap,Fri,2016,Heat,Bucks,away,108-116,2&2,7.5,205.0,-8,-0.5,19.0,9.2,9.8,L,L,O,"0
Jan","13,",2017,recap,Fri,2016,Hawks,Celtics,home,101-103,2&1,-2.5,211.0,-2,-4.5,-7.0,-5.8,-1.2,L,L,U,"0
Jan","13,",2017,recap,Fri,2016,Celtics,Hawks,away,103-101,1&2,2.5,211.0,2,4.5,-7.0,-1.2,-5.8,W,W,U,"0
Jan","13,",2017,recap,Fri,2016,Jazz,Pistons,home,110-77,2&0,-11.0,192.0,33,22.0,-5.0,8.5,-13.5,W,W,U,"0
Jan","13,",2017,recap,Fri,2016,Pistons,Jazz,away,77-110,0&2,11.0,192.0,-33,-22.0,-5.0,-13.5,8.5,L,L,U,"0
Jan","13,",2017,recap,Fri,2016,Kings,Cavaliers,home,108-120,2&1,6.5,214.5,-12,-5.5,13.5,4.0,9.5,L,L,O,"0
Jan","13,",2017,recap,Fri,2016,Cavaliers,Kings,away,120-108,1&2,-6.5,214.5,12,5.5,13.5,9.5,4.0,W,W,O,"0
Jan","13,",2017,recap,Fri,2016,Raptors,Nets,home,132-113,2&0,-15.5,225.0,19,3.5,20.0,11.8,8.2,W,W,O,"0
Jan","13,",2017,recap,Fri,2016,Nets,Raptors,away,113-132,0&2,15.5,225.0,-19,-3.5,20.0,8.2,11.8,L,L,O,"0
Jan","13,",2017,recap,Fri,2016,Rockets,Grizzlies,home,105-110,1&1,-7.5,215.5,-5,-12.5,-0.5,-6.5,6.0,L,L,U,"0
Jan","13,",2017,recap,Fri,2016,Grizzlies,Rockets,away,110-105,1&1,7.5,215.5,5,12.5,-0.5,6.0,-6.5,W,W,U,"0
Jan","13,",2017,recap,Fri,2016,Seventysixers,Hornets,home,102-93,1&2,4.5,209.5,9,13.5,-14.5,-0.5,-14.0,W,W,U,"0
Jan","13,",2017,recap,Fri,2016,Hornets,Seventysixers,away,93-102,2&1,-4.5,209.5,-9,-13.5,-14.5,-14.0,-0.5,L,L,U,"0
Jan","13,",2017,recap,Fri,2016,Timberwolves,Thunder,home,96-86,1&1,2.0,208.0,10,12.0,-26.0,-7.0,-19.0,W,W,U,"0
Jan","13,",2017,recap,Fri,2016,Thunder,Timberwolves,away,86-96,1&1,-2.0,208.0,-10,-12.0,-26.0,-19.0,-7.0,L,L,U,"0
Jan","13,",2017,recap,Fri,2016,Trailblazers,Magic,home,109-115,1&1,-7.0,213.0,-6,-13.0,11.0,-1.0,12.0,L,L,O,"0
Jan","13,",2017,recap,Fri,2016,Magic,Trailblazers,away,115-109,1&1,7.0,213.0,6,13.0,11.0,12.0,-1.0,W,W,O,0
