Date,Link,Day,Season,Team,Opp,Site,Final,Rest,Line,Total,SUm,ATSm,OUm,DPS,DPA,SUr,ATSr,OUr,"ot
Dec","08,",2017,recap,Fri,2017,Bucks,Mavericks,home,109-102,1&1,-6.5,202.0,7,0.5,9.0,4.8,4.2,W,W,O,"0
Dec","08,",2017,recap,Fri,2017,Mavericks,Bucks,away,102-109,1&1,6.5,202.0,-7,-0.5,9.0,4.2,4.8,L,L,O,"0
Dec","08,",2017,recap,Fri,2017,Grizzlies,Raptors,home,107-116,1&2,6.0,202.0,-9,-3.0,21.0,9.0,12.0,L,L,O,"0
Dec","08,",2017,recap,Fri,2017,Raptors,Grizzlies,away,116-107,2&1,-6.0,202.0,9,3.0,21.0,12.0,9.0,W,W,O,"0
Dec","08,",2017,recap,Fri,2017,Hornets,Bulls,home,111-119,1&1,-9.0,203.5,-8,-17.0,26.5,4.8,21.8,L,L,O,"1
Dec","08,",2017,recap,Fri,2017,Bulls,Hornets,away,119-111,1&1,9.0,203.5,8,17.0,26.5,21.8,4.8,W,W,O,"1
Dec","08,",2017,recap,Fri,2017,Magic,Nuggets,home,89-103,1&1,-1.5,218.0,-14,-15.5,-26.0,-20.8,-5.2,L,L,U,"0
Dec","08,",2017,recap,Fri,2017,Nuggets,Magic,away,103-89,1&1,1.5,218.0,14,15.5,-26.0,-5.2,-20.8,W,W,U,"0
Dec","08,",2017,recap,Fri,2017,Pacers,Cavaliers,home,106-102,1&1,3.5,219.0,4,7.5,-11.0,-1.8,-9.2,W,W,U,"0
Dec","08,",2017,recap,Fri,2017,Cavaliers,Pacers,away,102-106,1&1,-3.5,219.0,-4,-7.5,-11.0,-9.2,-1.8,L,L,U,"0
Dec","08,",2017,recap,Fri,2017,Pelicans,Kings,home,109-116,1&1,-8.0,211.5,-7,-15.0,13.5,-0.8,14.2,L,L,O,"1
Dec","08,",2017,recap,Fri,2017,Kings,Pelicans,away,116-109,1&1,8.0,211.5,7,15.0,13.5,14.2,-0.8,W,W,O,"1
Dec","08,",2017,recap,Fri,2017,Pistons,Warriors,home,98-102,1&1,5.0,211.0,-4,1.0,-11.0,-5.0,-6.0,L,W,U,"0
Dec","08,",2017,recap,Fri,2017,Warriors,Pistons,away,102-98,1&1,-5.0,211.0,4,-1.0,-11.0,-6.0,-5.0,W,L,U,"0
Dec","08,",2017,recap,Fri,2017,Spurs,Celtics,home,105-102,1&1,-2.5,197.5,3,0.5,9.5,5.0,4.5,W,W,O,"0
Dec","08,",2017,recap,Fri,2017,Celtics,Spurs,away,102-105,1&1,2.5,197.5,-3,-0.5,9.5,4.5,5.0,L,L,O,0
