Date,Link,Day,Season,Team,Opp,Site,Final,Rest,Line,Total,SUm,ATSm,OUm,DPS,DPA,SUr,ATSr,OUr,"ot
Mar","07,",2017,recap,Tue,2016,Mavericks,Lakers,home,122-111,1&1,-8.5,207.0,11,2.5,26.0,14.2,11.8,W,W,O,"0
Mar","07,",2017,recap,Tue,2016,Lakers,Mavericks,away,111-122,1&1,8.5,207.0,-11,-2.5,26.0,11.8,14.2,L,L,O,"0
Mar","07,",2017,recap,Tue,2016,Suns,Wizards,home,127-131,1&1,4.5,229.5,-4,0.5,28.5,14.5,14.0,L,W,O,"0
Mar","07,",2017,recap,Tue,2016,Wizards,Suns,away,131-127,1&1,-4.5,229.5,4,-0.5,28.5,14.0,14.5,W,L,O,"0
Mar","07,",2017,recap,Tue,2016,Thunder,Trailblazers,home,121-126,1&2,-6.5,222.5,-5,-11.5,24.5,6.5,18.0,L,L,O,"0
Mar","07,",2017,recap,Tue,2016,Trailblazers,Thunder,away,126-121,2&1,6.5,222.5,5,11.5,24.5,18.0,6.5,W,W,O,0
