Date,Link,Day,Season,Team,Opp,Site,Final,Rest,Line,Total,SUm,ATSm,OUm,DPS,DPA,SUr,ATSr,OUr,"ot
Oct","17,",2017,recap,Tue,2017,Cavaliers,Celtics,home,102-99,&,-3.5,212.5,3,-0.5,-11.5,-6.0,-5.5,W,L,U,"0
Oct","17,",2017,recap,Tue,2017,Celtics,Cavaliers,away,99-102,&,3.5,212.5,-3,0.5,-11.5,-5.5,-6.0,L,W,U,"0
Oct","17,",2017,recap,Tue,2017,Warriors,Rockets,home,121-122,&,-9.0,228.5,-1,-10.0,14.5,2.2,12.2,L,L,O,"0
Oct","17,",2017,recap,Tue,2017,Rockets,Warriors,away,122-121,&,9.0,228.5,1,10.0,14.5,12.2,2.2,W,W,O,0
