Date,Link,Day,Season,Team,Opp,Site,Final,Rest,Line,Total,SUm,ATSm,OUm,DPS,DPA,SUr,ATSr,OUr,"ot
Mar","20,",2017,recap,Mon,2016,Celtics,Wizards,home,110-102,0&1,-3.0,215.0,8,5.0,-3.0,1.0,-4.0,W,W,U,"0
Mar","20,",2017,recap,Mon,2016,Wizards,Celtics,away,102-110,1&0,3.0,215.0,-8,-5.0,-3.0,-4.0,1.0,L,L,U,"0
Mar","20,",2017,recap,Mon,2016,Clippers,Knicks,home,114-105,1&3,-11.0,217.0,9,-2.0,2.0,0.0,2.0,W,L,O,"0
Mar","20,",2017,recap,Mon,2016,Knicks,Clippers,away,105-114,3&1,11.0,217.0,-9,2.0,2.0,2.0,0.0,L,W,O,"0
Mar","20,",2017,recap,Mon,2016,Hornets,Hawks,home,105-90,1&1,-6.0,203.5,15,9.0,-8.5,0.2,-8.8,W,W,U,"0
Mar","20,",2017,recap,Mon,2016,Hawks,Hornets,away,90-105,1&1,6.0,203.5,-15,-9.0,-8.5,-8.8,0.2,L,L,U,"0
Mar","20,",2017,recap,Mon,2016,Magic,Seventysixers,home,112-109,2&0,-5.5,217.5,3,-2.5,3.5,0.5,3.0,W,L,O,"1
Mar","20,",2017,recap,Mon,2016,Seventysixers,Magic,away,109-112,0&2,5.5,217.5,-3,2.5,3.5,3.0,0.5,L,W,O,"1
Mar","20,",2017,recap,Mon,2016,Pacers,Jazz,home,107-100,0&1,1.5,193.5,7,8.5,13.5,11.0,2.5,W,W,O,"0
Mar","20,",2017,recap,Mon,2016,Jazz,Pacers,away,100-107,1&0,-1.5,193.5,-7,-8.5,13.5,2.5,11.0,L,L,O,"0
Mar","20,",2017,recap,Mon,2016,Rockets,Nuggets,home,125-124,1&1,-8.0,236.5,1,-7.0,12.5,2.8,9.8,W,L,O,"0
Mar","20,",2017,recap,Mon,2016,Nuggets,Rockets,away,124-125,1&1,8.0,236.5,-1,7.0,12.5,9.8,2.8,L,W,O,"0
Mar","20,",2017,recap,Mon,2016,Thunder,Warriors,home,95-111,1&1,2.0,221.5,-16,-14.0,-15.5,-14.8,-0.8,L,L,U,"0
Mar","20,",2017,recap,Mon,2016,Warriors,Thunder,away,111-95,1&1,-2.0,221.5,16,14.0,-15.5,-0.8,-14.8,W,W,U,0
