Date,Link,Day,Season,Team,Opp,Site,Final,Rest,Line,Total,SUm,ATSm,OUm,DPS,DPA,SUr,ATSr,OUr,"ot
Jan","03,",2017,recap,Tue,2016,Celtics,Jazz,home,115-104,3&0,-6.0,200.5,11,5.0,18.5,11.8,6.8,W,W,O,"0
Jan","03,",2017,recap,Tue,2016,Jazz,Celtics,away,104-115,0&3,6.0,200.5,-11,-5.0,18.5,6.8,11.8,L,L,O,"0
Jan","03,",2017,recap,Tue,2016,Lakers,Grizzlies,home,116-102,1&2,4.0,206.5,14,18.0,11.5,14.8,-3.2,W,W,O,"0
Jan","03,",2017,recap,Tue,2016,Grizzlies,Lakers,away,102-116,2&1,-4.0,206.5,-14,-18.0,11.5,-3.2,14.8,L,L,O,"0
Jan","03,",2017,recap,Tue,2016,Mavericks,Wizards,home,113-105,3&0,0.0,201.5,8,8.0,16.5,12.2,4.2,W,W,O,"0
Jan","03,",2017,recap,Tue,2016,Wizards,Mavericks,away,105-113,0&3,0.0,201.5,-8,-8.0,16.5,4.2,12.2,L,L,O,"0
Jan","03,",2017,recap,Tue,2016,Nuggets,Kings,home,113-120,0&2,-3.0,216.0,-7,-10.0,17.0,3.5,13.5,L,L,O,"0
Jan","03,",2017,recap,Tue,2016,Kings,Nuggets,away,120-113,2&0,3.0,216.0,7,10.0,17.0,13.5,3.5,W,W,O,"0
Jan","03,",2017,recap,Tue,2016,Pistons,Pacers,home,116-121,1&1,-4.0,205.0,-5,-9.0,32.0,11.5,20.5,L,L,O,"0
Jan","03,",2017,recap,Tue,2016,Pacers,Pistons,away,121-116,1&1,4.0,205.0,5,9.0,32.0,20.5,11.5,W,W,O,"0
Jan","03,",2017,recap,Tue,2016,Seventysixers,Timberwolves,home,93-91,3&1,4.0,203.5,2,6.0,-19.5,-6.8,-12.8,W,W,U,"0
Jan","03,",2017,recap,Tue,2016,Timberwolves,Seventysixers,away,91-93,1&3,-4.0,203.5,-2,-6.0,-19.5,-12.8,-6.8,L,L,U,"0
Jan","03,",2017,recap,Tue,2016,Spurs,Raptors,home,110-82,1&1,-6.5,206.5,28,21.5,-14.5,3.5,-18.0,W,W,U,"0
Jan","03,",2017,recap,Tue,2016,Raptors,Spurs,away,82-110,1&1,6.5,206.5,-28,-21.5,-14.5,-18.0,3.5,L,L,U,"0
Jan","03,",2017,recap,Tue,2016,Suns,Heat,home,99-90,0&1,-4.5,210.0,9,4.5,-21.0,-8.2,-12.8,W,W,U,"0
Jan","03,",2017,recap,Tue,2016,Heat,Suns,away,90-99,1&0,4.5,210.0,-9,-4.5,-21.0,-12.8,-8.2,L,L,U,0
