Date,Link,Day,Season,Team,Opp,Site,Final,Rest,Line,Total,SUm,ATSm,OUm,DPS,DPA,SUr,ATSr,OUr,"ot
Nov","01,",2017,recap,Wed,2017,Cavaliers,Pacers,home,107-124,2&0,-10.0,217.5,-17,-27.0,13.5,-6.8,20.2,L,L,O,"0
Nov","01,",2017,recap,Wed,2017,Pacers,Cavaliers,away,124-107,0&2,10.0,217.5,17,27.0,13.5,20.2,-6.8,W,W,O,"0
Nov","01,",2017,recap,Wed,2017,Celtics,Kings,home,113-86,1&0,-12.5,198.5,27,14.5,0.5,7.5,-7.0,W,W,O,"0
Nov","01,",2017,recap,Wed,2017,Kings,Celtics,away,86-113,0&1,12.5,198.5,-27,-14.5,0.5,-7.0,7.5,L,L,O,"0
Nov","01,",2017,recap,Wed,2017,Clippers,Mavericks,home,119-98,1&1,-10.5,207.0,21,10.5,10.0,10.2,-0.2,W,W,O,"0
Nov","01,",2017,recap,Wed,2017,Mavericks,Clippers,away,98-119,1&1,10.5,207.0,-21,-10.5,10.0,-0.2,10.2,L,L,O,"0
Nov","01,",2017,recap,Wed,2017,Grizzlies,Magic,home,99-101,1&1,-3.0,204.5,-2,-5.0,-4.5,-4.8,0.2,L,L,U,"0
Nov","01,",2017,recap,Wed,2017,Magic,Grizzlies,away,101-99,1&1,3.0,204.5,2,5.0,-4.5,0.2,-4.8,W,W,U,"0
Nov","01,",2017,recap,Wed,2017,Heat,Bulls,home,97-91,1&3,-9.5,197.0,6,-3.5,-9.0,-6.2,-2.8,W,L,U,"0
Nov","01,",2017,recap,Wed,2017,Bulls,Heat,away,91-97,3&1,9.5,197.0,-6,3.5,-9.0,-2.8,-6.2,L,W,U,"0
Nov","01,",2017,recap,Wed,2017,Hornets,Bucks,home,126-121,1&0,-4.0,204.0,5,1.0,43.0,22.0,21.0,W,W,O,"0
Nov","01,",2017,recap,Wed,2017,Bucks,Hornets,away,121-126,0&1,4.0,204.0,-5,-1.0,43.0,21.0,22.0,L,L,O,"0
Nov","01,",2017,recap,Wed,2017,Jazz,Trailblazers,home,112-103,1&1,-4.0,194.5,9,5.0,20.5,12.8,7.8,W,W,O,"1
Nov","01,",2017,recap,Wed,2017,Trailblazers,Jazz,away,103-112,1&1,4.0,194.5,-9,-5.0,20.5,7.8,12.8,L,L,O,"1
Nov","01,",2017,recap,Wed,2017,Knicks,Rockets,home,97-119,1&1,6.0,215.0,-22,-16.0,1.0,-7.5,8.5,L,L,O,"0
Nov","01,",2017,recap,Wed,2017,Rockets,Knicks,away,119-97,1&1,-6.0,215.0,22,16.0,1.0,8.5,-7.5,W,W,O,"0
Nov","01,",2017,recap,Wed,2017,Nuggets,Raptors,home,129-111,1&1,-1.5,217.0,18,16.5,23.0,19.8,3.2,W,W,O,"0
Nov","01,",2017,recap,Wed,2017,Raptors,Nuggets,away,111-129,1&1,1.5,217.0,-18,-16.5,23.0,3.2,19.8,L,L,O,"0
Nov","01,",2017,recap,Wed,2017,Pelicans,Timberwolves,home,98-104,1&1,-1.0,224.0,-6,-7.0,-22.0,-14.5,-7.5,L,L,U,"0
Nov","01,",2017,recap,Wed,2017,Timberwolves,Pelicans,away,104-98,1&1,1.0,224.0,6,7.0,-22.0,-7.5,-14.5,W,W,U,"0
Nov","01,",2017,recap,Wed,2017,Seventysixers,Hawks,home,119-109,1&2,-9.0,211.0,10,1.0,17.0,9.0,8.0,W,W,O,"0
Nov","01,",2017,recap,Wed,2017,Hawks,Seventysixers,away,109-119,2&1,9.0,211.0,-10,-1.0,17.0,8.0,9.0,L,L,O,"0
Nov","01,",2017,recap,Wed,2017,Wizards,Suns,home,116-122,2&0,-11.0,227.5,-6,-17.0,10.5,-3.2,13.8,L,L,O,"0
Nov","01,",2017,recap,Wed,2017,Suns,Wizards,away,122-116,0&2,11.0,227.5,6,17.0,10.5,13.8,-3.2,W,W,O,0
