Date,Link,Day,Season,Team,Opp,Site,Final,Rest,Line,Total,SUm,ATSm,OUm,DPS,DPA,SUr,ATSr,OUr,"ot
Dec","18,",2017,recap,Mon,2017,Bulls,Seventysixers,home,117-115,2&2,1.5,210.0,2,3.5,22.0,12.8,9.2,W,W,O,"0
Dec","18,",2017,recap,Mon,2017,Seventysixers,Bulls,away,115-117,2&2,-1.5,210.0,-2,-3.5,22.0,9.2,12.8,L,L,O,"0
Dec","18,",2017,recap,Mon,2017,Hawks,Heat,home,110-104,2&1,-1.0,205.0,6,5.0,9.0,7.0,2.0,W,W,O,"0
Dec","18,",2017,recap,Mon,2017,Heat,Hawks,away,104-110,1&2,1.0,205.0,-6,-5.0,9.0,2.0,7.0,L,L,O,"0
Dec","18,",2017,recap,Mon,2017,Hornets,Knicks,home,109-91,1&1,-8.0,203.5,18,10.0,-3.5,3.2,-6.8,W,W,U,"0
Dec","18,",2017,recap,Mon,2017,Knicks,Hornets,away,91-109,1&1,8.0,203.5,-18,-10.0,-3.5,-6.8,3.2,L,L,U,"0
Dec","18,",2017,recap,Mon,2017,Lakers,Warriors,home,114-116,3&3,6.0,218.0,-2,4.0,12.0,8.0,4.0,L,W,O,"1
Dec","18,",2017,recap,Mon,2017,Warriors,Lakers,away,116-114,3&3,-6.0,218.0,2,-4.0,12.0,4.0,8.0,W,L,O,"1
Dec","18,",2017,recap,Mon,2017,Mavericks,Suns,home,91-97,1&1,-6.5,208.0,-6,-12.5,-20.0,-16.2,-3.8,L,L,U,"0
Dec","18,",2017,recap,Mon,2017,Suns,Mavericks,away,97-91,1&1,6.5,208.0,6,12.5,-20.0,-3.8,-16.2,W,W,U,"0
Dec","18,",2017,recap,Mon,2017,Pacers,Celtics,home,111-112,0&1,2.5,208.0,-1,1.5,15.0,8.2,6.8,L,W,O,"0
Dec","18,",2017,recap,Mon,2017,Celtics,Pacers,away,112-111,1&0,-2.5,208.0,1,-1.5,15.0,6.8,8.2,W,L,O,"0
Dec","18,",2017,recap,Mon,2017,Rockets,Jazz,home,120-99,1&1,-12.5,217.0,21,8.5,2.0,5.2,-3.2,W,W,O,"0
Dec","18,",2017,recap,Mon,2017,Jazz,Rockets,away,99-120,1&1,12.5,217.0,-21,-8.5,2.0,-3.2,5.2,L,L,O,"0
Dec","18,",2017,recap,Mon,2017,Spurs,Clippers,home,109-91,1&1,-11.5,201.5,18,6.5,-1.5,2.5,-4.0,W,W,U,"0
Dec","18,",2017,recap,Mon,2017,Clippers,Spurs,away,91-109,1&1,11.5,201.5,-18,-6.5,-1.5,-4.0,2.5,L,L,U,"0
Dec","18,",2017,recap,Mon,2017,Thunder,Nuggets,home,95-94,1&2,-5.0,209.0,1,-4.0,-20.0,-12.0,-8.0,W,L,U,"0
Dec","18,",2017,recap,Mon,2017,Nuggets,Thunder,away,94-95,2&1,5.0,209.0,-1,4.0,-20.0,-8.0,-12.0,L,W,U,"0
Dec","18,",2017,recap,Mon,2017,Timberwolves,Trailblazers,home,108-107,1&1,-3.0,207.5,1,-2.0,7.5,2.8,4.8,W,L,O,"0
Dec","18,",2017,recap,Mon,2017,Trailblazers,Timberwolves,away,107-108,1&1,3.0,207.5,-1,2.0,7.5,4.8,2.8,L,W,O,0
