Date,Link,Day,Season,Team,Opp,Site,Final,Rest,Line,Total,SUm,ATSm,OUm,DPS,DPA,SUr,ATSr,OUr,"ot
Nov","18,",2017,recap,Sat,2017,Grizzlies,Rockets,home,83-105,2&1,8.0,213.5,-22,-14.0,-25.5,-19.8,-5.8,L,L,U,"0
Nov","18,",2017,recap,Sat,2017,Rockets,Grizzlies,away,105-83,1&2,-8.0,213.5,22,14.0,-25.5,-5.8,-19.8,W,W,U,"0
Nov","18,",2017,recap,Sat,2017,Hawks,Celtics,home,99-110,2&1,6.5,203.0,-11,-4.5,6.0,0.8,5.2,L,L,O,"0
Nov","18,",2017,recap,Sat,2017,Celtics,Hawks,away,110-99,1&2,-6.5,203.0,11,4.5,6.0,5.2,0.8,W,W,O,"0
Nov","18,",2017,recap,Sat,2017,Hornets,Clippers,home,102-87,0&0,-5.0,212.0,15,10.0,-23.0,-6.5,-16.5,W,W,U,"0
Nov","18,",2017,recap,Sat,2017,Clippers,Hornets,away,87-102,0&0,5.0,212.0,-15,-10.0,-23.0,-16.5,-6.5,L,L,U,"0
Nov","18,",2017,recap,Sat,2017,Magic,Jazz,home,85-125,2&0,-6.0,207.5,-40,-46.0,2.5,-21.8,24.2,L,L,O,"0
Nov","18,",2017,recap,Sat,2017,Jazz,Magic,away,125-85,0&2,6.0,207.5,40,46.0,2.5,24.2,-21.8,W,W,O,"0
Nov","18,",2017,recap,Sat,2017,Mavericks,Bucks,home,111-79,0&2,6.0,202.5,32,38.0,-12.5,12.8,-25.2,W,W,U,"0
Nov","18,",2017,recap,Sat,2017,Bucks,Mavericks,away,79-111,2&0,-6.0,202.5,-32,-38.0,-12.5,-25.2,12.8,L,L,U,"0
Nov","18,",2017,recap,Sat,2017,Seventysixers,Warriors,home,116-124,2&1,8.5,232.0,-8,0.5,8.0,4.2,3.8,L,W,O,"0
Nov","18,",2017,recap,Sat,2017,Warriors,Seventysixers,away,124-116,1&2,-8.5,232.0,8,-0.5,8.0,3.8,4.2,W,L,O,"0
Nov","18,",2017,recap,Sat,2017,Trailblazers,Kings,home,102-90,0&0,-12.0,193.0,12,0.0,-1.0,-0.5,-0.5,W,P,U,"0
Nov","18,",2017,recap,Sat,2017,Kings,Trailblazers,away,90-102,0&0,12.0,193.0,-12,0.0,-1.0,-0.5,-0.5,L,P,U,0
