Date,Link,Day,Season,Team,Opp,Site,Final,Rest,Line,Total,SUm,ATSm,OUm,DPS,DPA,SUr,ATSr,OUr,"ot
Oct","23,",2017,recap,Mon,2017,Bucks,Hornets,home,103-94,1&2,-7.0,201.0,9,2.0,-4.0,-1.0,-3.0,W,W,U,"0
Oct","23,",2017,recap,Mon,2017,Hornets,Bucks,away,94-103,2&1,7.0,201.0,-9,-2.0,-4.0,-3.0,-1.0,L,L,U,"0
Oct","23,",2017,recap,Mon,2017,Heat,Hawks,home,104-93,1&0,-11.0,205.0,11,0.0,-8.0,-4.0,-4.0,W,P,U,"0
Oct","23,",2017,recap,Mon,2017,Hawks,Heat,away,93-104,0&1,11.0,205.0,-11,0.0,-8.0,-4.0,-4.0,L,P,U,"0
Oct","23,",2017,recap,Mon,2017,Mavericks,Warriors,home,103-133,1&1,13.5,217.5,-30,-16.5,18.5,1.0,17.5,L,L,O,"0
Oct","23,",2017,recap,Mon,2017,Warriors,Mavericks,away,133-103,1&1,-13.5,217.5,30,16.5,18.5,17.5,1.0,W,W,O,"0
Oct","23,",2017,recap,Mon,2017,Nuggets,Wizards,home,104-109,1&2,-3.5,223.0,-5,-8.5,-10.0,-9.2,-0.8,L,L,U,"0
Oct","23,",2017,recap,Mon,2017,Wizards,Nuggets,away,109-104,2&1,3.5,223.0,5,8.5,-10.0,-0.8,-9.2,W,W,U,"0
Oct","23,",2017,recap,Mon,2017,Pistons,Seventysixers,home,86-97,1&1,-3.5,214.0,-11,-14.5,-31.0,-22.8,-8.2,L,L,U,"0
Oct","23,",2017,recap,Mon,2017,Seventysixers,Pistons,away,97-86,1&1,3.5,214.0,11,14.5,-31.0,-8.2,-22.8,W,W,U,"0
Oct","23,",2017,recap,Mon,2017,Rockets,Grizzlies,home,90-98,1&1,-7.5,211.0,-8,-15.5,-23.0,-19.2,-3.8,L,L,U,"0
Oct","23,",2017,recap,Mon,2017,Grizzlies,Rockets,away,98-90,1&1,7.5,211.0,8,15.5,-23.0,-3.8,-19.2,W,W,U,"0
Oct","23,",2017,recap,Mon,2017,Spurs,Raptors,home,101-97,1&1,-3.0,202.0,4,1.0,-4.0,-1.5,-2.5,W,W,U,"0
Oct","23,",2017,recap,Mon,2017,Raptors,Spurs,away,97-101,1&1,3.0,202.0,-4,-1.0,-4.0,-2.5,-1.5,L,L,U,"0
Oct","23,",2017,recap,Mon,2017,Suns,Kings,home,117-115,1&1,1.0,209.0,2,3.0,23.0,13.0,10.0,W,W,O,"0
Oct","23,",2017,recap,Mon,2017,Kings,Suns,away,115-117,1&1,-1.0,209.0,-2,-3.0,23.0,10.0,13.0,L,L,O,0
