Date,Link,Day,Season,Team,Opp,Site,Final,Rest,Line,Total,SUm,ATSm,OUm,DPS,DPA,SUr,ATSr,OUr,"ot
Apr","10,",2017,recap,Mon,2016,Bucks,Hornets,home,89-79,1&1,-6.5,198.0,10,3.5,-30.0,-13.2,-16.8,W,W,U,"0
Apr","10,",2017,recap,Mon,2016,Hornets,Bucks,away,79-89,1&1,6.5,198.0,-10,-3.5,-30.0,-16.8,-13.2,L,L,U,"0
Apr","10,",2017,recap,Mon,2016,Bulls,Magic,home,122-75,1&1,-8.5,214.0,47,38.5,-17.0,10.8,-27.8,W,W,U,"0
Apr","10,",2017,recap,Mon,2016,Magic,Bulls,away,75-122,1&1,8.5,214.0,-47,-38.5,-17.0,-27.8,10.8,L,L,U,"0
Apr","10,",2017,recap,Mon,2016,Celtics,Nets,home,114-105,1&1,-10.5,222.0,9,-1.5,-3.0,-2.2,-0.8,W,L,U,"0
Apr","10,",2017,recap,Mon,2016,Nets,Celtics,away,105-114,1&1,10.5,222.0,-9,1.5,-3.0,-0.8,-2.2,L,W,U,"0
Apr","10,",2017,recap,Mon,2016,Clippers,Rockets,home,125-96,1&0,-9.5,229.0,29,19.5,-8.0,5.8,-13.8,W,W,U,"0
Apr","10,",2017,recap,Mon,2016,Rockets,Clippers,away,96-125,0&1,9.5,229.0,-29,-19.5,-8.0,-13.8,5.8,L,L,U,"0
Apr","10,",2017,recap,Mon,2016,Heat,Cavaliers,home,124-121,1&0,-4.5,210.0,3,-1.5,35.0,16.8,18.2,W,L,O,"1
Apr","10,",2017,recap,Mon,2016,Cavaliers,Heat,away,121-124,0&1,4.5,210.0,-3,1.5,35.0,18.2,16.8,L,W,O,"1
Apr","10,",2017,recap,Mon,2016,Pistons,Wizards,home,101-105,0&1,-3.0,208.5,-4,-7.0,-2.5,-4.8,2.2,L,L,U,"0
Apr","10,",2017,recap,Mon,2016,Wizards,Pistons,away,105-101,1&0,3.0,208.5,4,7.0,-2.5,2.2,-4.8,W,W,U,"0
Apr","10,",2017,recap,Mon,2016,Seventysixers,Pacers,home,111-120,1&1,8.5,211.5,-9,-0.5,19.5,9.5,10.0,L,L,O,"0
Apr","10,",2017,recap,Mon,2016,Pacers,Seventysixers,away,120-111,1&1,-8.5,211.5,9,0.5,19.5,10.0,9.5,W,W,O,"0
Apr","10,",2017,recap,Mon,2016,Trailblazers,Spurs,home,99-98,1&1,4.0,193.5,1,5.0,3.5,4.2,-0.8,W,W,O,"0
Apr","10,",2017,recap,Mon,2016,Spurs,Trailblazers,away,98-99,1&1,-4.0,193.5,-1,-5.0,3.5,-0.8,4.2,L,L,O,"0
Apr","10,",2017,recap,Mon,2016,Warriors,Jazz,home,99-105,1&1,-9.0,206.5,-6,-15.0,-2.5,-8.8,6.2,L,L,U,"0
Apr","10,",2017,recap,Mon,2016,Jazz,Warriors,away,105-99,1&1,9.0,206.5,6,15.0,-2.5,6.2,-8.8,W,W,U,0
