Date,Link,Day,Season,Team,Opp,Site,Final,Rest,Line,Total,SUm,ATSm,OUm,DPS,DPA,SUr,ATSr,OUr,"ot
Mar","25,",2017,recap,Sat,2016,Cavaliers,Wizards,home,115-127,0&0,2.5,224.0,-12,-9.5,18.0,4.2,13.8,L,L,O,"0
Mar","25,",2017,recap,Sat,2016,Wizards,Cavaliers,away,127-115,0&0,-2.5,224.0,12,9.5,18.0,13.8,4.2,W,W,O,"0
Mar","25,",2017,recap,Sat,2016,Clippers,Jazz,home,108-95,1&2,-5.0,202.0,13,8.0,1.0,4.5,-3.5,W,W,O,"0
Mar","25,",2017,recap,Sat,2016,Jazz,Clippers,away,95-108,2&1,5.0,202.0,-13,-8.0,1.0,-3.5,4.5,L,L,O,"0
Mar","25,",2017,recap,Sat,2016,Mavericks,Raptors,home,86-94,1&1,0.0,195.0,-8,-8.0,-15.0,-11.5,-3.5,L,L,U,"0
Mar","25,",2017,recap,Sat,2016,Raptors,Mavericks,away,94-86,1&1,-0.0,195.0,8,8.0,-15.0,-3.5,-11.5,W,W,U,"0
Mar","25,",2017,recap,Sat,2016,Spurs,Knicks,home,106-98,1&1,-14.5,204.0,8,-6.5,0.0,-3.2,3.2,W,L,P,"0
Mar","25,",2017,recap,Sat,2016,Knicks,Spurs,away,98-106,1&1,14.5,204.0,-8,6.5,0.0,3.2,-3.2,L,W,P,"0
Mar","25,",2017,recap,Sat,2016,Trailblazers,Timberwolves,home,112-100,1&0,-6.5,213.5,12,5.5,-1.5,2.0,-3.5,W,W,U,"0
Mar","25,",2017,recap,Sat,2016,Timberwolves,Trailblazers,away,100-112,0&1,6.5,213.5,-12,-5.5,-1.5,-3.5,2.0,L,L,U,0
