Date,Link,Day,Season,Team,Opp,Site,Final,Rest,Line,Total,SUm,ATSm,OUm,DPS,DPA,SUr,ATSr,OUr,"ot
Jan","30,",2017,recap,Mon,2016,Celtics,Pistons,home,113-109,1&1,-5.0,216.0,4,-1.0,6.0,2.5,3.5,W,L,O,"0
Jan","30,",2017,recap,Mon,2016,Pistons,Celtics,away,109-113,1&1,5.0,216.0,-4,1.0,6.0,3.5,2.5,L,W,O,"0
Jan","30,",2017,recap,Mon,2016,Heat,Nets,home,104-96,1&1,-8.5,217.5,8,-0.5,-17.5,-9.0,-8.5,W,L,U,"0
Jan","30,",2017,recap,Mon,2016,Nets,Heat,away,96-104,1&1,8.5,217.5,-8,0.5,-17.5,-8.5,-9.0,L,W,U,"0
Jan","30,",2017,recap,Mon,2016,Mavericks,Cavaliers,home,104-97,0&0,4.0,207.0,7,11.0,-6.0,2.5,-8.5,W,W,U,"0
Jan","30,",2017,recap,Mon,2016,Cavaliers,Mavericks,away,97-104,0&0,-4.0,207.0,-7,-11.0,-6.0,-8.5,2.5,L,L,U,"0
Jan","30,",2017,recap,Mon,2016,Suns,Grizzlies,home,96-115,1&1,5.0,209.0,-19,-14.0,2.0,-6.0,8.0,L,L,O,"0
Jan","30,",2017,recap,Mon,2016,Grizzlies,Suns,away,115-96,1&1,-5.0,209.0,19,14.0,2.0,8.0,-6.0,W,W,O,"0
Jan","30,",2017,recap,Mon,2016,Timberwolves,Magic,home,111-105,1&0,-8.0,212.5,6,-2.0,3.5,0.8,2.8,W,L,O,"1
Jan","30,",2017,recap,Mon,2016,Magic,Timberwolves,away,105-111,0&1,8.0,212.5,-6,2.0,3.5,2.8,0.8,L,W,O,"1
Jan","30,",2017,recap,Mon,2016,Seventysixers,Kings,home,122-119,0&1,3.5,206.0,3,6.5,35.0,20.8,14.2,W,W,O,"0
Jan","30,",2017,recap,Mon,2016,Kings,Seventysixers,away,119-122,1&0,-3.5,206.0,-3,-6.5,35.0,14.2,20.8,L,L,O,0
