Date,Link,Day,Season,Team,Opp,Site,Final,Rest,Line,Total,SUm,ATSm,OUm,DPS,DPA,SUr,ATSr,OUr,"ot
Dec","06,",2017,recap,Wed,2017,Bucks,Pistons,home,104-100,1&1,-4.0,204.0,4,0.0,0.0,0.0,0.0,W,P,P,"0
Dec","06,",2017,recap,Wed,2017,Pistons,Bucks,away,100-104,1&1,4.0,204.0,-4,0.0,0.0,0.0,0.0,L,P,P,"0
Dec","06,",2017,recap,Wed,2017,Cavaliers,Kings,home,101-95,1&3,-12.5,210.5,6,-6.5,-14.5,-10.5,-4.0,W,L,U,"0
Dec","06,",2017,recap,Wed,2017,Kings,Cavaliers,away,95-101,3&1,12.5,210.5,-6,6.5,-14.5,-4.0,-10.5,L,W,U,"0
Dec","06,",2017,recap,Wed,2017,Celtics,Mavericks,home,97-90,1&1,-8.0,201.0,7,-1.0,-14.0,-7.5,-6.5,W,L,U,"0
Dec","06,",2017,recap,Wed,2017,Mavericks,Celtics,away,90-97,1&1,8.0,201.0,-7,1.0,-14.0,-6.5,-7.5,L,W,U,"0
Dec","06,",2017,recap,Wed,2017,Clippers,Timberwolves,home,107-113,2&1,5.5,214.0,-6,-0.5,6.0,2.8,3.2,L,L,O,"0
Dec","06,",2017,recap,Wed,2017,Timberwolves,Clippers,away,113-107,1&2,-5.5,214.0,6,0.5,6.0,3.2,2.8,W,W,O,"0
Dec","06,",2017,recap,Wed,2017,Hornets,Warriors,home,87-101,1&1,5.0,215.5,-14,-9.0,-27.5,-18.2,-9.2,L,L,U,"0
Dec","06,",2017,recap,Wed,2017,Warriors,Hornets,away,101-87,1&1,-5.0,215.5,14,9.0,-27.5,-9.2,-18.2,W,W,U,"0
Dec","06,",2017,recap,Wed,2017,Knicks,Grizzlies,home,99-88,1&1,-3.0,197.0,11,8.0,-10.0,-1.0,-9.0,W,W,U,"0
Dec","06,",2017,recap,Wed,2017,Grizzlies,Knicks,away,88-99,1&1,3.0,197.0,-11,-8.0,-10.0,-9.0,-1.0,L,L,U,"0
Dec","06,",2017,recap,Wed,2017,Magic,Hawks,home,110-106,1&1,-6.0,216.0,4,-2.0,0.0,-1.0,1.0,W,L,P,"1
Dec","06,",2017,recap,Wed,2017,Hawks,Magic,away,106-110,1&1,6.0,216.0,-4,2.0,0.0,1.0,-1.0,L,W,P,"1
Dec","06,",2017,recap,Wed,2017,Pacers,Bulls,home,98-96,1&1,-9.5,207.0,2,-7.5,-13.0,-10.2,-2.8,W,L,U,"0
Dec","06,",2017,recap,Wed,2017,Bulls,Pacers,away,96-98,1&1,9.5,207.0,-2,7.5,-13.0,-2.8,-10.2,L,W,U,"0
Dec","06,",2017,recap,Wed,2017,Pelicans,Nuggets,home,123-114,1&1,-5.5,221.0,9,3.5,16.0,9.8,6.2,W,W,O,"0
Dec","06,",2017,recap,Wed,2017,Nuggets,Pelicans,away,114-123,1&1,5.5,221.0,-9,-3.5,16.0,6.2,9.8,L,L,O,"0
Dec","06,",2017,recap,Wed,2017,Spurs,Heat,home,117-105,1&2,-7.5,197.5,12,4.5,24.5,14.5,10.0,W,W,O,"0
Dec","06,",2017,recap,Wed,2017,Heat,Spurs,away,105-117,2&1,7.5,197.5,-12,-4.5,24.5,10.0,14.5,L,L,O,0
