Date,Link,Day,Season,Team,Opp,Site,Final,Rest,Line,Total,SUm,ATSm,OUm,DPS,DPA,SUr,ATSr,OUr,"ot
Oct","28,",2017,recap,Sat,2017,Bulls,Thunder,home,69-101,1&0,9.0,203.5,-32,-23.0,-33.5,-28.2,-5.2,L,L,U,"0
Oct","28,",2017,recap,Sat,2017,Thunder,Bulls,away,101-69,0&1,-9.0,203.5,32,23.0,-33.5,-5.2,-28.2,W,W,U,"0
Oct","28,",2017,recap,Sat,2017,Clippers,Pistons,home,87-95,1&2,-7.5,206.5,-8,-15.5,-24.5,-20.0,-4.5,L,L,U,"0
Oct","28,",2017,recap,Sat,2017,Pistons,Clippers,away,95-87,2&1,7.5,206.5,8,15.5,-24.5,-4.5,-20.0,W,W,U,"0
Oct","28,",2017,recap,Sat,2017,Grizzlies,Rockets,home,103-89,1&0,-2.0,203.0,14,12.0,-11.0,0.5,-11.5,W,W,U,"0
Oct","28,",2017,recap,Sat,2017,Rockets,Grizzlies,away,89-103,0&1,2.0,203.0,-14,-12.0,-11.0,-11.5,0.5,L,L,U,"0
Oct","28,",2017,recap,Sat,2017,Heat,Celtics,home,90-96,2&1,1.5,204.5,-6,-4.5,-18.5,-11.5,-7.0,L,L,U,"0
Oct","28,",2017,recap,Sat,2017,Celtics,Heat,away,96-90,1&2,-1.5,204.5,6,4.5,-18.5,-7.0,-11.5,W,W,U,"0
Oct","28,",2017,recap,Sat,2017,Jazz,Lakers,home,96-81,2&0,-11.0,202.0,15,4.0,-25.0,-10.5,-14.5,W,W,U,"0
Oct","28,",2017,recap,Sat,2017,Lakers,Jazz,away,81-96,0&2,11.0,202.0,-15,-4.0,-25.0,-14.5,-10.5,L,L,U,"0
Oct","28,",2017,recap,Sat,2017,Mavericks,Seventysixers,home,110-112,1&2,1.0,207.0,-2,-1.0,15.0,7.0,8.0,L,L,O,"0
Oct","28,",2017,recap,Sat,2017,Seventysixers,Mavericks,away,112-110,2&1,-1.0,207.0,2,1.0,15.0,8.0,7.0,W,W,O,"0
Oct","28,",2017,recap,Sat,2017,Pelicans,Cavaliers,home,123-101,1&2,2.5,219.5,22,24.5,4.5,14.5,-10.0,W,W,O,"0
Oct","28,",2017,recap,Sat,2017,Cavaliers,Pelicans,away,101-123,2&1,-2.5,219.5,-22,-24.5,4.5,-10.0,14.5,L,L,O,"0
Oct","28,",2017,recap,Sat,2017,Trailblazers,Suns,home,114-107,1&2,-11.0,219.5,7,-4.0,1.5,-1.2,2.8,W,L,O,"0
Oct","28,",2017,recap,Sat,2017,Suns,Trailblazers,away,107-114,2&1,11.0,219.5,-7,4.0,1.5,2.8,-1.2,L,W,O,0
