Date,Link,Day,Season,Team,Opp,Site,Final,Rest,Line,Total,SUm,ATSm,OUm,DPS,DPA,SUr,ATSr,OUr,"ot
Jan","31,",2017,recap,Tue,2016,Lakers,Nuggets,home,120-116,4&2,1.0,226.5,4,5.0,9.5,7.2,2.2,W,W,O,"0
Jan","31,",2017,recap,Tue,2016,Nuggets,Lakers,away,116-120,2&4,-1.0,226.5,-4,-5.0,9.5,2.2,7.2,L,L,O,"0
Jan","31,",2017,recap,Tue,2016,Raptors,Pelicans,home,108-106,1&1,-6.5,214.0,2,-4.5,0.0,-2.2,2.2,W,L,P,"1
Jan","31,",2017,recap,Tue,2016,Pelicans,Raptors,away,106-108,1&1,6.5,214.0,-2,4.5,0.0,2.2,-2.2,L,W,P,"1
Jan","31,",2017,recap,Tue,2016,Rockets,Kings,home,105-83,1&0,-12.0,224.5,22,10.0,-36.5,-13.2,-23.2,W,W,U,"0
Jan","31,",2017,recap,Tue,2016,Kings,Rockets,away,83-105,0&1,12.0,224.5,-22,-10.0,-36.5,-23.2,-13.2,L,L,U,"0
Jan","31,",2017,recap,Tue,2016,Spurs,Thunder,home,108-94,1&1,-9.5,210.0,14,4.5,-8.0,-1.8,-6.2,W,W,U,"0
Jan","31,",2017,recap,Tue,2016,Thunder,Spurs,away,94-108,1&1,9.5,210.0,-14,-4.5,-8.0,-6.2,-1.8,L,L,U,"0
Jan","31,",2017,recap,Tue,2016,Trailblazers,Hornets,home,115-98,1&2,-3.5,214.0,17,13.5,-1.0,6.2,-7.2,W,W,U,"0
Jan","31,",2017,recap,Tue,2016,Hornets,Trailblazers,away,98-115,2&1,3.5,214.0,-17,-13.5,-1.0,-7.2,6.2,L,L,U,"0
Jan","31,",2017,recap,Tue,2016,Wizards,Knicks,home,117-101,1&1,-8.0,217.0,16,8.0,1.0,4.5,-3.5,W,W,O,"0
Jan","31,",2017,recap,Tue,2016,Knicks,Wizards,away,101-117,1&1,8.0,217.0,-16,-8.0,1.0,-3.5,4.5,L,L,O,0
