Date,Link,Day,Season,Team,Opp,Site,Final,Rest,Line,Total,SUm,ATSm,OUm,DPS,DPA,SUr,ATSr,OUr,"ot
Feb","08,",2017,recap,Wed,2016,Bucks,Heat,home,88-106,3&1,-3.5,208.0,-18,-21.5,-14.0,-17.8,3.8,L,L,U,"0
Feb","08,",2017,recap,Wed,2016,Heat,Bucks,away,106-88,1&3,3.5,208.0,18,21.5,-14.0,3.8,-17.8,W,W,U,"0
Feb","08,",2017,recap,Wed,2016,Grizzlies,Suns,home,110-91,1&1,-9.0,209.5,19,10.0,-8.5,0.8,-9.2,W,W,U,"0
Feb","08,",2017,recap,Wed,2016,Suns,Grizzlies,away,91-110,1&1,9.0,209.5,-19,-10.0,-8.5,-9.2,0.8,L,L,U,"0
Feb","08,",2017,recap,Wed,2016,Hawks,Nuggets,home,117-106,1&1,-5.0,223.5,11,6.0,-0.5,2.8,-3.2,W,W,U,"0
Feb","08,",2017,recap,Wed,2016,Nuggets,Hawks,away,106-117,1&1,5.0,223.5,-11,-6.0,-0.5,-3.2,2.8,L,L,U,"0
Feb","08,",2017,recap,Wed,2016,Kings,Celtics,home,108-92,1&2,8.5,211.5,16,24.5,-11.5,6.5,-18.0,W,W,U,"0
Feb","08,",2017,recap,Wed,2016,Celtics,Kings,away,92-108,2&1,-8.5,211.5,-16,-24.5,-11.5,-18.0,6.5,L,L,U,"0
Feb","08,",2017,recap,Wed,2016,Knicks,Clippers,home,115-119,1&1,1.0,221.0,-4,-3.0,13.0,5.0,8.0,L,L,O,"0
Feb","08,",2017,recap,Wed,2016,Clippers,Knicks,away,119-115,1&1,-1.0,221.0,4,3.0,13.0,8.0,5.0,W,W,O,"0
Feb","08,",2017,recap,Wed,2016,Nets,Wizards,home,110-114,0&1,10.0,222.5,-4,6.0,1.5,3.8,-2.2,L,W,O,"1
Feb","08,",2017,recap,Wed,2016,Wizards,Nets,away,114-110,1&0,-10.0,222.5,4,-6.0,1.5,-2.2,3.8,W,L,O,"1
Feb","08,",2017,recap,Wed,2016,Pacers,Cavaliers,home,117-132,1&1,3.5,216.5,-15,-11.5,32.5,10.5,22.0,L,L,O,"0
Feb","08,",2017,recap,Wed,2016,Cavaliers,Pacers,away,132-117,1&1,-3.5,216.5,15,11.5,32.5,22.0,10.5,W,W,O,"0
Feb","08,",2017,recap,Wed,2016,Pelicans,Jazz,home,94-127,1&1,4.0,200.0,-33,-29.0,21.0,-4.0,25.0,L,L,O,"0
Feb","08,",2017,recap,Wed,2016,Jazz,Pelicans,away,127-94,1&1,-4.0,200.0,33,29.0,21.0,25.0,-4.0,W,W,O,"0
Feb","08,",2017,recap,Wed,2016,Pistons,Lakers,home,121-102,1&1,-7.5,218.0,19,11.5,5.0,8.2,-3.2,W,W,O,"0
Feb","08,",2017,recap,Wed,2016,Lakers,Pistons,away,102-121,1&1,7.5,218.0,-19,-11.5,5.0,-3.2,8.2,L,L,O,"0
Feb","08,",2017,recap,Wed,2016,Seventysixers,Spurs,home,103-111,1&1,10.5,210.0,-8,2.5,4.0,3.2,0.8,L,W,O,"0
Feb","08,",2017,recap,Wed,2016,Spurs,Seventysixers,away,111-103,1&1,-10.5,210.0,8,-2.5,4.0,0.8,3.2,W,L,O,"0
Feb","08,",2017,recap,Wed,2016,Timberwolves,Raptors,home,112-109,1&1,3.0,212.5,3,6.0,8.5,7.2,1.2,W,W,O,"0
Feb","08,",2017,recap,Wed,2016,Raptors,Timberwolves,away,109-112,1&1,-3.0,212.5,-3,-6.0,8.5,1.2,7.2,L,L,O,"0
Feb","08,",2017,recap,Wed,2016,Warriors,Bulls,home,123-92,3&1,-17.0,220.0,31,14.0,-5.0,4.5,-9.5,W,W,U,"0
Feb","08,",2017,recap,Wed,2016,Bulls,Warriors,away,92-123,1&3,17.0,220.0,-31,-14.0,-5.0,-9.5,4.5,L,L,U,0
