Date,Link,Day,Season,Team,Opp,Site,Final,Rest,Line,Total,SUm,ATSm,OUm,DPS,DPA,SUr,ATSr,OUr,"ot
Jan","25,",2017,recap,Wed,2016,Bucks,Seventysixers,home,109-114,1&0,-10.5,208.5,-5,-15.5,14.5,-0.5,15.0,L,L,O,"0
Jan","25,",2017,recap,Wed,2016,Seventysixers,Bucks,away,114-109,0&1,10.5,208.5,5,15.5,14.5,15.0,-0.5,W,W,O,"0
Jan","25,",2017,recap,Wed,2016,Bulls,Hawks,home,114-119,0&1,2.0,203.0,-5,-3.0,30.0,13.5,16.5,L,L,O,"0
Jan","25,",2017,recap,Wed,2016,Hawks,Bulls,away,119-114,1&0,-2.0,203.0,5,3.0,30.0,16.5,13.5,W,W,O,"0
Jan","25,",2017,recap,Wed,2016,Cavaliers,Kings,home,112-116,1&1,-10.5,216.5,-4,-14.5,11.5,-1.5,13.0,L,L,O,"1
Jan","25,",2017,recap,Wed,2016,Kings,Cavaliers,away,116-112,1&1,10.5,216.5,4,14.5,11.5,13.0,-1.5,W,W,O,"1
Jan","25,",2017,recap,Wed,2016,Celtics,Rockets,home,120-109,0&1,3.0,229.5,11,14.0,-0.5,6.8,-7.2,W,W,U,"0
Jan","25,",2017,recap,Wed,2016,Rockets,Celtics,away,109-120,1&0,-3.0,229.5,-11,-14.0,-0.5,-7.2,6.8,L,L,U,"0
Jan","25,",2017,recap,Wed,2016,Grizzlies,Raptors,home,101-99,3&0,-5.0,200.5,2,-3.0,-0.5,-1.8,1.2,W,L,U,"0
Jan","25,",2017,recap,Wed,2016,Raptors,Grizzlies,away,99-101,0&3,5.0,200.5,-2,3.0,-0.5,1.2,-1.8,L,W,U,"0
Jan","25,",2017,recap,Wed,2016,Hornets,Warriors,home,103-113,1&1,9.5,222.0,-10,-0.5,-6.0,-3.2,-2.8,L,L,U,"0
Jan","25,",2017,recap,Wed,2016,Warriors,Hornets,away,113-103,1&1,-9.5,222.0,10,0.5,-6.0,-2.8,-3.2,W,W,U,"0
Jan","25,",2017,recap,Wed,2016,Mavericks,Knicks,home,103-95,2&1,-3.5,201.0,8,4.5,-3.0,0.8,-3.8,W,W,U,"0
Jan","25,",2017,recap,Wed,2016,Knicks,Mavericks,away,95-103,1&2,3.5,201.0,-8,-4.5,-3.0,-3.8,0.8,L,L,U,"0
Jan","25,",2017,recap,Wed,2016,Nets,Heat,home,106-109,1&1,3.0,215.0,-3,0.0,0.0,0.0,0.0,L,P,P,"0
Jan","25,",2017,recap,Wed,2016,Heat,Nets,away,109-106,1&1,-3.0,215.0,3,0.0,0.0,0.0,0.0,W,P,P,"0
Jan","25,",2017,recap,Wed,2016,Pelicans,Thunder,home,105-114,1&1,1.5,217.5,-9,-7.5,1.5,-3.0,4.5,L,L,O,"0
Jan","25,",2017,recap,Wed,2016,Thunder,Pelicans,away,114-105,1&1,-1.5,217.5,9,7.5,1.5,4.5,-3.0,W,W,O,"0
Jan","25,",2017,recap,Wed,2016,Trailblazers,Lakers,home,105-98,3&2,-8.5,220.5,7,-1.5,-17.5,-9.5,-8.0,W,L,U,"0
Jan","25,",2017,recap,Wed,2016,Lakers,Trailblazers,away,98-105,2&3,8.5,220.5,-7,1.5,-17.5,-8.0,-9.5,L,W,U,0
