Date,Link,Day,Season,Team,Opp,Site,Final,Rest,Line,Total,SUm,ATSm,OUm,DPS,DPA,SUr,ATSr,OUr,"ot
Jan","29,",2017,recap,Sun,2016,Bulls,Seventysixers,home,121-108,1&1,-7.0,206.0,13,6.0,23.0,14.5,8.5,W,W,O,"0
Jan","29,",2017,recap,Sun,2016,Seventysixers,Bulls,away,108-121,1&1,7.0,206.0,-13,-6.0,23.0,8.5,14.5,L,L,O,"0
Jan","29,",2017,recap,Sun,2016,Cavaliers,Thunder,home,107-91,1&2,-7.5,217.5,16,8.5,-19.5,-5.5,-14.0,W,W,U,"0
Jan","29,",2017,recap,Sun,2016,Thunder,Cavaliers,away,91-107,2&1,7.5,217.5,-16,-8.5,-19.5,-14.0,-5.5,L,L,U,"0
Jan","29,",2017,recap,Sun,2016,Hawks,Knicks,home,142-139,1&1,-6.0,211.0,3,-3.0,70.0,33.5,36.5,W,L,O,"4
Jan","29,",2017,recap,Sun,2016,Knicks,Hawks,away,139-142,1&1,6.0,211.0,-3,3.0,70.0,36.5,33.5,L,W,O,"4
Jan","29,",2017,recap,Sun,2016,Pacers,Rockets,home,120-101,1&1,3.0,226.5,19,22.0,-5.5,8.2,-13.8,W,W,U,"0
Jan","29,",2017,recap,Sun,2016,Rockets,Pacers,away,101-120,1&1,-3.0,226.5,-19,-22.0,-5.5,-13.8,8.2,L,L,U,"0
Jan","29,",2017,recap,Sun,2016,Pelicans,Wizards,home,94-107,1&1,1.0,218.5,-13,-12.0,-17.5,-14.8,-2.8,L,L,U,"0
Jan","29,",2017,recap,Sun,2016,Wizards,Pelicans,away,107-94,1&1,-1.0,218.5,13,12.0,-17.5,-2.8,-14.8,W,W,U,"0
Jan","29,",2017,recap,Sun,2016,Raptors,Magic,home,113-114,1&1,-9.5,210.5,-1,-10.5,16.5,3.0,13.5,L,L,O,"0
Jan","29,",2017,recap,Sun,2016,Magic,Raptors,away,114-113,1&1,9.5,210.5,1,10.5,16.5,13.5,3.0,W,W,O,"0
Jan","29,",2017,recap,Sun,2016,Spurs,Mavericks,home,101-105,1&2,-12.5,196.0,-4,-16.5,10.0,-3.2,13.2,L,L,O,"0
Jan","29,",2017,recap,Sun,2016,Mavericks,Spurs,away,105-101,2&1,12.5,196.0,4,16.5,10.0,13.2,-3.2,W,W,O,"0
Jan","29,",2017,recap,Sun,2016,Trailblazers,Warriors,home,111-113,1&0,6.0,225.0,-2,4.0,-1.0,1.5,-2.5,L,W,U,"0
Jan","29,",2017,recap,Sun,2016,Warriors,Trailblazers,away,113-111,0&1,-6.0,225.0,2,-4.0,-1.0,-2.5,1.5,W,L,U,0
