Date,Link,Day,Season,Team,Opp,Site,Final,Rest,Line,Total,SUm,ATSm,OUm,DPS,DPA,SUr,ATSr,OUr,"ot
Nov","02,",2017,recap,Thu,2017,Spurs,Warriors,home,92-112,2&2,8.0,216.5,-20,-12.0,-12.5,-12.2,-0.2,L,L,U,"0
Nov","02,",2017,recap,Thu,2017,Warriors,Spurs,away,112-92,2&2,-8.0,216.5,20,12.0,-12.5,-0.2,-12.2,W,W,U,"0
Nov","02,",2017,recap,Thu,2017,Trailblazers,Lakers,home,113-110,0&1,-6.5,210.5,3,-3.5,12.5,4.5,8.0,W,L,O,"0
Nov","02,",2017,recap,Thu,2017,Lakers,Trailblazers,away,110-113,1&0,6.5,210.5,-3,3.5,12.5,8.0,4.5,L,W,O,0
