Date,Link,Day,Season,Team,Opp,Site,Final,Rest,Line,Total,SUm,ATSm,OUm,DPS,DPA,SUr,ATSr,OUr,"ot
Oct","30,",2017,recap,Mon,2017,Celtics,Spurs,home,108-94,1&0,-3.5,195.0,14,10.5,7.0,8.8,-1.8,W,W,O,"0
Oct","30,",2017,recap,Mon,2017,Spurs,Celtics,away,94-108,0&1,3.5,195.0,-14,-10.5,7.0,-1.8,8.8,L,L,O,"0
Oct","30,",2017,recap,Mon,2017,Clippers,Warriors,home,113-141,1&0,6.0,223.0,-28,-22.0,31.0,4.5,26.5,L,L,O,"0
Oct","30,",2017,recap,Mon,2017,Warriors,Clippers,away,141-113,0&1,-6.0,223.0,28,22.0,31.0,26.5,4.5,W,W,O,"0
Oct","30,",2017,recap,Mon,2017,Grizzlies,Hornets,home,99-104,1&0,-6.0,194.5,-5,-11.0,8.5,-1.2,9.8,L,L,O,"0
Oct","30,",2017,recap,Mon,2017,Hornets,Grizzlies,away,104-99,0&1,6.0,194.5,5,11.0,8.5,9.8,-1.2,W,W,O,"0
Oct","30,",2017,recap,Mon,2017,Heat,Timberwolves,home,122-125,1&2,3.0,216.5,-3,0.0,30.5,15.2,15.2,L,P,O,"1
Oct","30,",2017,recap,Mon,2017,Timberwolves,Heat,away,125-122,2&1,-3.0,216.5,3,0.0,30.5,15.2,15.2,W,P,O,"1
Oct","30,",2017,recap,Mon,2017,Jazz,Mavericks,home,104-89,1&1,-8.5,190.5,15,6.5,2.5,4.5,-2.0,W,W,O,"0
Oct","30,",2017,recap,Mon,2017,Mavericks,Jazz,away,89-104,1&1,8.5,190.5,-15,-6.5,2.5,-2.0,4.5,L,L,O,"0
Oct","30,",2017,recap,Mon,2017,Knicks,Nuggets,home,116-110,0&0,4.0,211.0,6,10.0,15.0,12.5,2.5,W,W,O,"0
Oct","30,",2017,recap,Mon,2017,Nuggets,Knicks,away,110-116,0&0,-4.0,211.0,-6,-10.0,15.0,2.5,12.5,L,L,O,"0
Oct","30,",2017,recap,Mon,2017,Pelicans,Magic,home,99-115,1&0,-7.5,223.0,-16,-23.5,-9.0,-16.2,7.2,L,L,U,"0
Oct","30,",2017,recap,Mon,2017,Magic,Pelicans,away,115-99,0&1,7.5,223.0,16,23.5,-9.0,7.2,-16.2,W,W,U,"0
Oct","30,",2017,recap,Mon,2017,Rockets,Seventysixers,home,107-115,1&1,-6.5,218.0,-8,-14.5,4.0,-5.2,9.2,L,L,O,"0
Oct","30,",2017,recap,Mon,2017,Seventysixers,Rockets,away,115-107,1&1,6.5,218.0,8,14.5,4.0,9.2,-5.2,W,W,O,"0
Oct","30,",2017,recap,Mon,2017,Trailblazers,Raptors,home,85-99,1&2,-2.5,212.0,-14,-16.5,-28.0,-22.2,-5.8,L,L,U,"0
Oct","30,",2017,recap,Mon,2017,Raptors,Trailblazers,away,99-85,2&1,2.5,212.0,14,16.5,-28.0,-5.8,-22.2,W,W,U,0
