Date,Link,Day,Season,Team,Opp,Site,Final,Rest,Line,Total,SUm,ATSm,OUm,DPS,DPA,SUr,ATSr,OUr,"ot
Mar","14,",2017,recap,Tue,2016,Cavaliers,Pistons,home,128-96,1&2,-8.0,214.5,32,24.0,9.5,16.8,-7.2,W,W,O,"0
Mar","14,",2017,recap,Tue,2016,Pistons,Cavaliers,away,96-128,2&1,8.0,214.5,-32,-24.0,9.5,-7.2,16.8,L,L,O,"0
Mar","14,",2017,recap,Tue,2016,Knicks,Pacers,home,87-81,1&1,3.0,209.5,6,9.0,-41.5,-16.2,-25.2,W,W,U,"0
Mar","14,",2017,recap,Tue,2016,Pacers,Knicks,away,81-87,1&1,-3.0,209.5,-6,-9.0,-41.5,-25.2,-16.2,L,L,U,"0
Mar","14,",2017,recap,Tue,2016,Nets,Thunder,home,104-122,1&2,6.5,226.0,-18,-11.5,0.0,-5.8,5.8,L,L,P,"0
Mar","14,",2017,recap,Tue,2016,Thunder,Nets,away,122-104,2&1,-6.5,226.0,18,11.5,0.0,5.8,-5.8,W,W,P,"0
Mar","14,",2017,recap,Tue,2016,Pelicans,Trailblazers,home,100-77,2&1,-4.0,215.0,23,19.0,-38.0,-9.5,-28.5,W,W,U,"0
Mar","14,",2017,recap,Tue,2016,Trailblazers,Pelicans,away,77-100,1&2,4.0,215.0,-23,-19.0,-38.0,-28.5,-9.5,L,L,U,"0
Mar","14,",2017,recap,Tue,2016,Warriors,Seventysixers,home,106-104,2&1,-16.5,220.0,2,-14.5,-10.0,-12.2,2.2,W,L,U,"0
Mar","14,",2017,recap,Tue,2016,Seventysixers,Warriors,away,104-106,1&2,16.5,220.0,-2,14.5,-10.0,2.2,-12.2,L,W,U,0
