Date,Link,Day,Season,Team,Opp,Site,Final,Rest,Line,Total,SUm,ATSm,OUm,DPS,DPA,SUr,ATSr,OUr,"ot
Feb","16,",2017,recap,Thu,2016,Bulls,Celtics,home,104-103,1&0,0.0,212.5,1,1.0,-5.5,-2.2,-3.2,W,W,U,"0
Feb","16,",2017,recap,Thu,2016,Celtics,Bulls,away,103-104,0&1,0.0,212.5,-1,-1.0,-5.5,-3.2,-2.2,L,L,U,"0
Feb","16,",2017,recap,Thu,2016,Pacers,Wizards,home,98-111,0&2,3.0,215.5,-13,-10.0,-6.5,-8.2,1.8,L,L,U,"0
Feb","16,",2017,recap,Thu,2016,Wizards,Pacers,away,111-98,2&0,-3.0,215.5,13,10.0,-6.5,1.8,-8.2,W,W,U,0
