Date,Link,Day,Season,Team,Opp,Site,Final,Rest,Line,Total,SUm,ATSm,OUm,DPS,DPA,SUr,ATSr,OUr,"ot
Mar","27,",2017,recap,Mon,2016,Jazz,Pelicans,home,108-100,1&0,-7.0,199.5,8,1.0,8.5,4.8,3.8,W,W,O,"0
Mar","27,",2017,recap,Mon,2016,Pelicans,Jazz,away,100-108,0&1,7.0,199.5,-8,-1.0,8.5,3.8,4.8,L,L,O,"0
Mar","27,",2017,recap,Mon,2016,Kings,Grizzlies,home,91-90,0&0,6.0,198.0,1,7.0,-17.0,-5.0,-12.0,W,W,U,"0
Mar","27,",2017,recap,Mon,2016,Grizzlies,Kings,away,90-91,0&0,-6.0,198.0,-1,-7.0,-17.0,-12.0,-5.0,L,L,U,"0
Mar","27,",2017,recap,Mon,2016,Knicks,Pistons,home,109-95,1&2,1.0,207.5,14,15.0,-3.5,5.8,-9.2,W,W,U,"0
Mar","27,",2017,recap,Mon,2016,Pistons,Knicks,away,95-109,2&1,-1.0,207.5,-14,-15.0,-3.5,-9.2,5.8,L,L,U,"0
Mar","27,",2017,recap,Mon,2016,Mavericks,Thunder,home,91-92,1&0,1.5,203.0,-1,0.5,-20.0,-9.8,-10.2,L,W,U,"0
Mar","27,",2017,recap,Mon,2016,Thunder,Mavericks,away,92-91,0&1,-1.5,203.0,1,-0.5,-20.0,-10.2,-9.8,W,L,U,"0
Mar","27,",2017,recap,Mon,2016,Raptors,Magic,home,131-112,1&2,-9.0,208.5,19,10.0,34.5,22.2,12.2,W,W,O,"0
Mar","27,",2017,recap,Mon,2016,Magic,Raptors,away,112-131,2&1,9.0,208.5,-19,-10.0,34.5,12.2,22.2,L,L,O,"0
Mar","27,",2017,recap,Mon,2016,Spurs,Cavaliers,home,103-74,1&1,-5.5,211.5,29,23.5,-34.5,-5.5,-29.0,W,W,U,"0
Mar","27,",2017,recap,Mon,2016,Cavaliers,Spurs,away,74-103,1&1,5.5,211.5,-29,-23.5,-34.5,-29.0,-5.5,L,L,U,0
