Date,Link,Day,Season,Team,Opp,Site,Final,Rest,Line,Total,SUm,ATSm,OUm,DPS,DPA,SUr,ATSr,OUr,"ot
Nov","09,",2017,recap,Thu,2017,Kings,Seventysixers,home,109-108,1&1,6.5,207.0,1,7.5,10.0,8.8,1.2,W,W,O,"0
Nov","09,",2017,recap,Thu,2017,Seventysixers,Kings,away,108-109,1&1,-6.5,207.0,-1,-7.5,10.0,1.2,8.8,L,L,O,"0
Nov","09,",2017,recap,Thu,2017,Nuggets,Thunder,home,102-94,1&1,1.0,214.5,8,9.0,-18.5,-4.8,-13.8,W,W,U,"0
Nov","09,",2017,recap,Thu,2017,Thunder,Nuggets,away,94-102,1&1,-1.0,214.5,-8,-9.0,-18.5,-13.8,-4.8,L,L,U,"0
Nov","09,",2017,recap,Thu,2017,Raptors,Pelicans,home,122-118,1&1,-5.0,216.0,4,-1.0,24.0,11.5,12.5,W,L,O,"0
Nov","09,",2017,recap,Thu,2017,Pelicans,Raptors,away,118-122,1&1,5.0,216.0,-4,1.0,24.0,12.5,11.5,L,W,O,"0
Nov","09,",2017,recap,Thu,2017,Rockets,Cavaliers,home,117-113,3&1,-5.0,229.0,4,-1.0,1.0,0.0,1.0,W,L,O,"0
Nov","09,",2017,recap,Thu,2017,Cavaliers,Rockets,away,113-117,1&3,5.0,229.0,-4,1.0,1.0,1.0,0.0,L,W,O,"0
Nov","09,",2017,recap,Thu,2017,Wizards,Lakers,home,111-95,1&0,-10.5,222.0,16,5.5,-16.0,-5.2,-10.8,W,W,U,"0
Nov","09,",2017,recap,Thu,2017,Lakers,Wizards,away,95-111,0&1,10.5,222.0,-16,-5.5,-16.0,-10.8,-5.2,L,L,U,0
