Date,Link,Day,Season,Team,Opp,Site,Final,Rest,Line,Total,SUm,ATSm,OUm,DPS,DPA,SUr,ATSr,OUr,"ot
Oct","26,",2017,recap,Thu,2017,Bucks,Celtics,home,89-96,2&1,-4.0,205.5,-7,-11.0,-20.5,-15.8,-4.8,L,L,U,"0
Oct","26,",2017,recap,Thu,2017,Celtics,Bucks,away,96-89,1&2,4.0,205.5,7,11.0,-20.5,-4.8,-15.8,W,W,U,"0
Oct","26,",2017,recap,Thu,2017,Bulls,Hawks,home,91-86,1&2,-2.5,200.0,5,2.5,-23.0,-10.2,-12.8,W,W,U,"0
Oct","26,",2017,recap,Thu,2017,Hawks,Bulls,away,86-91,2&1,2.5,200.0,-5,-2.5,-23.0,-12.8,-10.2,L,L,U,"0
Oct","26,",2017,recap,Thu,2017,Grizzlies,Mavericks,home,96-91,0&0,-7.5,195.0,5,-2.5,-8.0,-5.2,-2.8,W,L,U,"0
Oct","26,",2017,recap,Thu,2017,Mavericks,Grizzlies,away,91-96,0&0,7.5,195.0,-5,2.5,-8.0,-2.8,-5.2,L,W,U,"0
Oct","26,",2017,recap,Thu,2017,Kings,Pelicans,home,106-114,2&1,0.0,206.0,-8,-8.0,14.0,3.0,11.0,L,L,O,"0
Oct","26,",2017,recap,Thu,2017,Pelicans,Kings,away,114-106,1&2,0.0,206.0,8,8.0,14.0,11.0,3.0,W,W,O,"0
Oct","26,",2017,recap,Thu,2017,Trailblazers,Clippers,home,103-104,1&1,-1.0,211.5,-1,-2.0,-4.5,-3.2,-1.2,L,L,U,"0
Oct","26,",2017,recap,Thu,2017,Clippers,Trailblazers,away,104-103,1&1,1.0,211.5,1,2.0,-4.5,-1.2,-3.2,W,W,U,0
