Date,Link,Day,Season,Team,Opp,Site,Final,Rest,Line,Total,SUm,ATSm,OUm,DPS,DPA,SUr,ATSr,OUr,"ot
Feb","07,",2017,recap,Tue,2016,Hornets,Nets,home,111-107,2&1,-10.0,218.0,4,-6.0,0.0,-3.0,3.0,W,L,P,"0
Feb","07,",2017,recap,Tue,2016,Nets,Hornets,away,107-111,1&2,10.0,218.0,-4,6.0,0.0,3.0,-3.0,L,W,P,"0
Feb","07,",2017,recap,Tue,2016,Mavericks,Trailblazers,home,113-114,0&1,1.5,206.5,-1,0.5,20.5,10.5,10.0,L,W,O,"0
Feb","07,",2017,recap,Tue,2016,Trailblazers,Mavericks,away,114-113,1&0,-1.5,206.5,1,-0.5,20.5,10.0,10.5,W,L,O,"0
Feb","07,",2017,recap,Tue,2016,Rockets,Magic,home,128-104,3&2,-12.0,224.0,24,12.0,8.0,10.0,-2.0,W,W,O,"0
Feb","07,",2017,recap,Tue,2016,Magic,Rockets,away,104-128,2&3,12.0,224.0,-24,-12.0,8.0,-2.0,10.0,L,L,O,0
