Date,Link,Day,Season,Team,Opp,Site,Final,Rest,Line,Total,SUm,ATSm,OUm,DPS,DPA,SUr,ATSr,OUr,"ot
Jan","26,",2017,recap,Thu,2016,Jazz,Lakers,home,96-88,1&0,-13.0,202.0,8,-5.0,-18.0,-11.5,-6.5,W,L,U,"0
Jan","26,",2017,recap,Thu,2016,Lakers,Jazz,away,88-96,0&1,13.0,202.0,-8,5.0,-18.0,-6.5,-11.5,L,W,U,"0
Jan","26,",2017,recap,Thu,2016,Nuggets,Suns,home,127-120,1&1,-6.0,231.5,7,1.0,15.5,8.2,7.2,W,W,O,"0
Jan","26,",2017,recap,Thu,2016,Suns,Nuggets,away,120-127,1&1,6.0,231.5,-7,-1.0,15.5,7.2,8.2,L,L,O,"0
Jan","26,",2017,recap,Thu,2016,Thunder,Mavericks,home,109-98,0&0,-9.0,198.0,11,2.0,9.0,5.5,3.5,W,W,O,"0
Jan","26,",2017,recap,Thu,2016,Mavericks,Thunder,away,98-109,0&0,9.0,198.0,-11,-2.0,9.0,3.5,5.5,L,L,O,"0
Jan","26,",2017,recap,Thu,2016,Timberwolves,Pacers,home,103-109,1&2,-3.0,212.5,-6,-9.0,-0.5,-4.8,4.2,L,L,U,"0
Jan","26,",2017,recap,Thu,2016,Pacers,Timberwolves,away,109-103,2&1,3.0,212.5,6,9.0,-0.5,4.2,-4.8,W,W,U,0
