Date,Link,Day,Season,Team,Opp,Site,Final,Rest,Line,Total,SUm,ATSm,OUm,DPS,DPA,SUr,ATSr,OUr,"ot
Feb","03,",2017,recap,Fri,2016,Celtics,Lakers,home,113-107,1&0,-11.0,221.5,6,-5.0,-1.5,-3.2,1.8,W,L,U,"0
Feb","03,",2017,recap,Fri,2016,Lakers,Celtics,away,107-113,0&1,11.0,221.5,-6,5.0,-1.5,1.8,-3.2,L,W,U,"0
Feb","03,",2017,recap,Fri,2016,Kings,Suns,home,103-105,2&1,-4.0,217.5,-2,-6.0,-9.5,-7.8,-1.8,L,L,U,"0
Feb","03,",2017,recap,Fri,2016,Suns,Kings,away,105-103,1&2,4.0,217.5,2,6.0,-9.5,-1.8,-7.8,W,W,U,"0
Feb","03,",2017,recap,Fri,2016,Magic,Raptors,home,102-94,1&1,4.5,207.5,8,12.5,-11.5,0.5,-12.0,W,W,U,"0
Feb","03,",2017,recap,Fri,2016,Raptors,Magic,away,94-102,1&1,-4.5,207.5,-8,-12.5,-11.5,-12.0,0.5,L,L,U,"0
Feb","03,",2017,recap,Fri,2016,Nets,Pacers,home,97-106,1&1,7.0,218.5,-9,-2.0,-15.5,-8.8,-6.8,L,L,U,"0
Feb","03,",2017,recap,Fri,2016,Pacers,Nets,away,106-97,1&1,-7.0,218.5,9,2.0,-15.5,-6.8,-8.8,W,W,U,"0
Feb","03,",2017,recap,Fri,2016,Nuggets,Bucks,home,121-117,1&1,-3.0,224.0,4,1.0,14.0,7.5,6.5,W,W,O,"0
Feb","03,",2017,recap,Fri,2016,Bucks,Nuggets,away,117-121,1&1,3.0,224.0,-4,-1.0,14.0,6.5,7.5,L,L,O,"0
Feb","03,",2017,recap,Fri,2016,Pistons,Timberwolves,home,116-108,1&1,-4.5,210.0,8,3.5,14.0,8.8,5.2,W,W,O,"0
Feb","03,",2017,recap,Fri,2016,Timberwolves,Pistons,away,108-116,1&1,4.5,210.0,-8,-3.5,14.0,5.2,8.8,L,L,O,"0
Feb","03,",2017,recap,Fri,2016,Rockets,Bulls,home,121-117,0&1,-7.5,223.0,4,-3.5,15.0,5.8,9.2,W,L,O,"1
Feb","03,",2017,recap,Fri,2016,Bulls,Rockets,away,117-121,1&0,7.5,223.0,-4,3.5,15.0,9.2,5.8,L,W,O,"1
Feb","03,",2017,recap,Fri,2016,Thunder,Grizzlies,home,114-102,1&1,0.0,204.5,12,12.0,11.5,11.8,-0.2,W,W,O,"0
Feb","03,",2017,recap,Fri,2016,Grizzlies,Thunder,away,102-114,1&1,-0.0,204.5,-12,-12.0,11.5,-0.2,11.8,L,L,O,"0
Feb","03,",2017,recap,Fri,2016,Trailblazers,Mavericks,home,104-108,2&1,-5.0,206.5,-4,-9.0,5.5,-1.8,7.2,L,L,O,"0
Feb","03,",2017,recap,Fri,2016,Mavericks,Trailblazers,away,108-104,1&2,5.0,206.5,4,9.0,5.5,7.2,-1.8,W,W,O,0
