Date,Link,Day,Season,Team,Opp,Site,Final,Rest,Line,Total,SUm,ATSm,OUm,DPS,DPA,SUr,ATSr,OUr,"ot
Mar","19,",2017,recap,Sun,2016,Heat,Trailblazers,home,104-115,1&0,-5.5,213.5,-11,-16.5,5.5,-5.5,11.0,L,L,O,"0
Mar","19,",2017,recap,Sun,2016,Trailblazers,Heat,away,115-104,0&1,5.5,213.5,11,16.5,5.5,11.0,-5.5,W,W,O,"0
Mar","19,",2017,recap,Sun,2016,Lakers,Cavaliers,home,120-125,1&0,10.5,223.0,-5,5.5,22.0,13.8,8.2,L,W,O,"0
Mar","19,",2017,recap,Sun,2016,Cavaliers,Lakers,away,125-120,0&1,-10.5,223.0,5,-5.5,22.0,8.2,13.8,W,L,O,"0
Mar","19,",2017,recap,Sun,2016,Nets,Mavericks,home,104-111,1&1,5.0,208.0,-7,-2.0,7.0,2.5,4.5,L,L,O,"0
Mar","19,",2017,recap,Sun,2016,Mavericks,Nets,away,111-104,1&1,-5.0,208.0,7,2.0,7.0,4.5,2.5,W,W,O,"0
Mar","19,",2017,recap,Sun,2016,Pelicans,Timberwolves,home,123-109,1&1,-3.5,208.5,14,10.5,23.5,17.0,6.5,W,W,O,"0
Mar","19,",2017,recap,Sun,2016,Timberwolves,Pelicans,away,109-123,1&1,3.5,208.5,-14,-10.5,23.5,6.5,17.0,L,L,O,"0
Mar","19,",2017,recap,Sun,2016,Pistons,Suns,home,112-95,1&1,-12.0,210.0,17,5.0,-3.0,1.0,-4.0,W,W,U,"0
Mar","19,",2017,recap,Sun,2016,Suns,Pistons,away,95-112,1&1,12.0,210.0,-17,-5.0,-3.0,-4.0,1.0,L,L,U,"0
Mar","19,",2017,recap,Sun,2016,Raptors,Pacers,home,116-91,1&3,-3.5,199.0,25,21.5,8.0,14.8,-6.8,W,W,O,"0
Mar","19,",2017,recap,Sun,2016,Pacers,Raptors,away,91-116,3&1,3.5,199.0,-25,-21.5,8.0,-6.8,14.8,L,L,O,"0
Mar","19,",2017,recap,Sun,2016,Seventysixers,Celtics,home,105-99,1&1,5.0,204.5,6,11.0,-0.5,5.2,-5.8,W,W,U,"0
Mar","19,",2017,recap,Sun,2016,Celtics,Seventysixers,away,99-105,1&1,-5.0,204.5,-6,-11.0,-0.5,-5.8,5.2,L,L,U,"0
Mar","19,",2017,recap,Sun,2016,Spurs,Kings,home,118-102,0&0,-14.5,203.0,16,1.5,17.0,9.2,7.8,W,W,O,"0
Mar","19,",2017,recap,Sun,2016,Kings,Spurs,away,102-118,0&0,14.5,203.0,-16,-1.5,17.0,7.8,9.2,L,L,O,0
