Date,Link,Day,Season,Team,Opp,Site,Final,Rest,Line,Total,SUm,ATSm,OUm,DPS,DPA,SUr,ATSr,OUr,"ot
Nov","10,",2017,recap,Fri,2017,Bulls,Pacers,home,87-105,2&1,4.0,203.0,-18,-14.0,-11.0,-12.5,1.5,L,L,U,"0
Nov","10,",2017,recap,Fri,2017,Pacers,Bulls,away,105-87,1&2,-4.0,203.0,18,14.0,-11.0,1.5,-12.5,W,W,U,"0
Nov","10,",2017,recap,Fri,2017,Celtics,Hornets,home,90-87,1&2,-3.5,204.0,3,-0.5,-27.0,-13.8,-13.2,W,L,U,"0
Nov","10,",2017,recap,Fri,2017,Hornets,Celtics,away,87-90,2&1,3.5,204.0,-3,0.5,-27.0,-13.2,-13.8,L,W,U,"0
Nov","10,",2017,recap,Fri,2017,Jazz,Heat,home,74-84,2&1,-2.5,194.0,-10,-12.5,-36.0,-24.2,-11.8,L,L,U,"0
Nov","10,",2017,recap,Fri,2017,Heat,Jazz,away,84-74,1&2,2.5,194.0,10,12.5,-36.0,-11.8,-24.2,W,W,U,"0
Nov","10,",2017,recap,Fri,2017,Pistons,Hawks,home,111-104,1&3,-7.5,209.0,7,-0.5,6.0,2.8,3.2,W,L,O,"0
Nov","10,",2017,recap,Fri,2017,Hawks,Pistons,away,104-111,3&1,7.5,209.0,-7,0.5,6.0,3.2,2.8,L,W,O,"0
Nov","10,",2017,recap,Fri,2017,Spurs,Bucks,home,87-94,2&2,-4.5,204.5,-7,-11.5,-23.5,-17.5,-6.0,L,L,U,"0
Nov","10,",2017,recap,Fri,2017,Bucks,Spurs,away,94-87,2&2,4.5,204.5,7,11.5,-23.5,-6.0,-17.5,W,W,U,"0
Nov","10,",2017,recap,Fri,2017,Suns,Magic,home,112-128,1&1,4.0,227.0,-16,-12.0,13.0,0.5,12.5,L,L,O,"0
Nov","10,",2017,recap,Fri,2017,Magic,Suns,away,128-112,1&1,-4.0,227.0,16,12.0,13.0,12.5,0.5,W,W,O,"0
Nov","10,",2017,recap,Fri,2017,Thunder,Clippers,home,120-111,0&2,-6.0,210.0,9,3.0,21.0,12.0,9.0,W,W,O,"0
Nov","10,",2017,recap,Fri,2017,Clippers,Thunder,away,111-120,2&0,6.0,210.0,-9,-3.0,21.0,9.0,12.0,L,L,O,"0
Nov","10,",2017,recap,Fri,2017,Trailblazers,Nets,home,97-101,2&2,-8.5,218.5,-4,-12.5,-20.5,-16.5,-4.0,L,L,U,"0
Nov","10,",2017,recap,Fri,2017,Nets,Trailblazers,away,101-97,2&2,8.5,218.5,4,12.5,-20.5,-4.0,-16.5,W,W,U,0
