Date,Link,Day,Season,Team,Opp,Site,Final,Rest,Line,Total,SUm,ATSm,OUm,DPS,DPA,SUr,ATSr,OUr,"ot
Jan","14,",2017,recap,Sat,2016,Bulls,Pelicans,home,107-99,1&1,-3.0,206.0,8,5.0,0.0,2.5,-2.5,W,W,P,"0
Jan","14,",2017,recap,Sat,2016,Pelicans,Bulls,away,99-107,1&1,3.0,206.0,-8,-5.0,0.0,-2.5,2.5,L,L,P,"0
Jan","14,",2017,recap,Sat,2016,Clippers,Lakers,home,113-97,2&1,-11.5,217.0,16,4.5,-7.0,-1.2,-5.8,W,W,U,"0
Jan","14,",2017,recap,Sat,2016,Lakers,Clippers,away,97-113,1&2,11.5,217.0,-16,-4.5,-7.0,-5.8,-1.2,L,L,U,"0
Jan","14,",2017,recap,Sat,2016,Jazz,Magic,home,114-107,0&0,-11.0,196.0,7,-4.0,25.0,10.5,14.5,W,L,O,"0
Jan","14,",2017,recap,Sat,2016,Magic,Jazz,away,107-114,0&0,11.0,196.0,-7,4.0,25.0,14.5,10.5,L,W,O,"0
Jan","14,",2017,recap,Sat,2016,Suns,Spurs,home,108-105,1&1,11.5,213.0,3,14.5,0.0,7.2,-7.2,W,W,P,"0
Jan","14,",2017,recap,Sat,2016,Spurs,Suns,away,105-108,1&1,-11.5,213.0,-3,-14.5,0.0,-7.2,7.2,L,L,P,"0
Jan","14,",2017,recap,Sat,2016,Wizards,Seventysixers,home,109-93,2&0,-10.0,208.0,16,6.0,-6.0,0.0,-6.0,W,W,U,"0
Jan","14,",2017,recap,Sat,2016,Seventysixers,Wizards,away,93-109,0&2,10.0,208.0,-16,-6.0,-6.0,-6.0,0.0,L,L,U,0
