Date,Link,Day,Season,Team,Opp,Site,Final,Rest,Line,Total,SUm,ATSm,OUm,DPS,DPA,SUr,ATSr,OUr,"ot
Oct","29,",2017,recap,Sun,2017,Cavaliers,Knicks,home,95-114,0&1,-10.5,208.5,-19,-29.5,0.5,-14.5,15.0,L,L,O,"0
Oct","29,",2017,recap,Sun,2017,Knicks,Cavaliers,away,114-95,1&0,10.5,208.5,19,29.5,0.5,15.0,-14.5,W,W,O,"0
Oct","29,",2017,recap,Sun,2017,Hawks,Bucks,home,106-117,1&2,5.5,203.5,-11,-5.5,19.5,7.0,12.5,L,L,O,"0
Oct","29,",2017,recap,Sun,2017,Bucks,Hawks,away,117-106,2&1,-5.5,203.5,11,5.5,19.5,12.5,7.0,W,W,O,"0
Oct","29,",2017,recap,Sun,2017,Hornets,Magic,home,120-113,1&1,-3.5,211.5,7,3.5,21.5,12.5,9.0,W,W,O,"0
Oct","29,",2017,recap,Sun,2017,Magic,Hornets,away,113-120,1&1,3.5,211.5,-7,-3.5,21.5,9.0,12.5,L,L,O,"0
Oct","29,",2017,recap,Sun,2017,Kings,Wizards,home,83-110,2&1,5.0,210.0,-27,-22.0,-17.0,-19.5,2.5,L,L,U,"0
Oct","29,",2017,recap,Sun,2017,Wizards,Kings,away,110-83,1&2,-5.0,210.0,27,22.0,-17.0,2.5,-19.5,W,W,U,"0
Oct","29,",2017,recap,Sun,2017,Nets,Nuggets,home,111-124,1&1,4.5,222.0,-13,-8.5,13.0,2.2,10.8,L,L,O,"0
Oct","29,",2017,recap,Sun,2017,Nuggets,Nets,away,124-111,1&1,-4.5,222.0,13,8.5,13.0,10.8,2.2,W,W,O,"0
Oct","29,",2017,recap,Sun,2017,Pacers,Spurs,home,97-94,3&1,6.5,206.0,3,9.5,-15.0,-2.8,-12.2,W,W,U,"0
Oct","29,",2017,recap,Sun,2017,Spurs,Pacers,away,94-97,1&3,-6.5,206.0,-3,-9.5,-15.0,-12.2,-2.8,L,L,U,"0
Oct","29,",2017,recap,Sun,2017,Warriors,Pistons,home,107-115,1&0,-13.0,222.0,-8,-21.0,0.0,-10.5,10.5,L,L,P,"0
Oct","29,",2017,recap,Sun,2017,Pistons,Warriors,away,115-107,0&1,13.0,222.0,8,21.0,0.0,10.5,-10.5,W,W,P,0
