Date,Link,Day,Season,Team,Opp,Site,Final,Rest,Line,Total,SUm,ATSm,OUm,DPS,DPA,SUr,ATSr,OUr,"ot
Mar","15,",2017,recap,Wed,2016,Bulls,Grizzlies,home,91-98,1&1,2.5,200.5,-7,-4.5,-11.5,-8.0,-3.5,L,L,U,"0
Mar","15,",2017,recap,Wed,2016,Grizzlies,Bulls,away,98-91,1&1,-2.5,200.5,7,4.5,-11.5,-3.5,-8.0,W,W,U,"0
Mar","15,",2017,recap,Wed,2016,Celtics,Timberwolves,home,117-104,2&1,-6.0,211.0,13,7.0,10.0,8.5,1.5,W,W,O,"0
Mar","15,",2017,recap,Wed,2016,Timberwolves,Celtics,away,104-117,1&2,6.0,211.0,-13,-7.0,10.0,1.5,8.5,L,L,O,"0
Mar","15,",2017,recap,Wed,2016,Clippers,Bucks,home,96-97,1&1,-7.5,208.5,-1,-8.5,-15.5,-12.0,-3.5,L,L,U,"0
Mar","15,",2017,recap,Wed,2016,Bucks,Clippers,away,97-96,1&1,7.5,208.5,1,8.5,-15.5,-3.5,-12.0,W,W,U,"0
Mar","15,",2017,recap,Wed,2016,Heat,Pelicans,home,120-112,2&0,-6.5,206.0,8,1.5,26.0,13.8,12.2,W,W,O,"0
Mar","15,",2017,recap,Wed,2016,Pelicans,Heat,away,112-120,0&2,6.5,206.0,-8,-1.5,26.0,12.2,13.8,L,L,O,"0
Mar","15,",2017,recap,Wed,2016,Pacers,Hornets,home,98-77,0&1,-2.5,202.5,21,18.5,-27.5,-4.5,-23.0,W,W,U,"0
Mar","15,",2017,recap,Wed,2016,Hornets,Pacers,away,77-98,1&0,2.5,202.5,-21,-18.5,-27.5,-23.0,-4.5,L,L,U,"0
Mar","15,",2017,recap,Wed,2016,Pistons,Jazz,home,83-97,0&1,3.0,199.5,-14,-11.0,-19.5,-15.2,-4.2,L,L,U,"0
Mar","15,",2017,recap,Wed,2016,Jazz,Pistons,away,97-83,1&0,-3.0,199.5,14,11.0,-19.5,-4.2,-15.2,W,W,U,"0
Mar","15,",2017,recap,Wed,2016,Rockets,Lakers,home,139-100,2&1,-17.5,235.5,39,21.5,3.5,12.5,-9.0,W,W,O,"0
Mar","15,",2017,recap,Wed,2016,Lakers,Rockets,away,100-139,1&2,17.5,235.5,-39,-21.5,3.5,-9.0,12.5,L,L,O,"0
Mar","15,",2017,recap,Wed,2016,Spurs,Trailblazers,home,106-110,1&0,-10.5,212.0,-4,-14.5,4.0,-5.2,9.2,L,L,O,"0
Mar","15,",2017,recap,Wed,2016,Trailblazers,Spurs,away,110-106,0&1,10.5,212.0,4,14.5,4.0,9.2,-5.2,W,W,O,"0
Mar","15,",2017,recap,Wed,2016,Suns,Kings,home,101-107,2&1,-5.5,219.0,-6,-11.5,-11.0,-11.2,0.2,L,L,U,"0
Mar","15,",2017,recap,Wed,2016,Kings,Suns,away,107-101,1&2,5.5,219.0,6,11.5,-11.0,0.2,-11.2,W,W,U,"0
Mar","15,",2017,recap,Wed,2016,Wizards,Mavericks,home,107-112,1&1,-7.0,207.5,-5,-12.0,11.5,-0.2,11.8,L,L,O,"0
Mar","15,",2017,recap,Wed,2016,Mavericks,Wizards,away,112-107,1&1,7.0,207.5,5,12.0,11.5,11.8,-0.2,W,W,O,0
