Date,Link,Day,Season,Team,Opp,Site,Final,Rest,Line,Total,SUm,ATSm,OUm,DPS,DPA,SUr,ATSr,OUr,"ot
Dec","26,",2017,recap,Tue,2017,Bucks,Bulls,home,106-115,2&2,-6.5,213.0,-9,-15.5,8.0,-3.8,11.8,L,L,O,"0
Dec","26,",2017,recap,Tue,2017,Bulls,Bucks,away,115-106,2&2,6.5,213.0,9,15.5,8.0,11.8,-3.8,W,W,O,"0
Dec","26,",2017,recap,Tue,2017,Clippers,Kings,home,122-95,2&2,-6.0,205.5,27,21.0,11.5,16.2,-4.8,W,W,O,"0
Dec","26,",2017,recap,Tue,2017,Kings,Clippers,away,95-122,2&2,6.0,205.5,-27,-21.0,11.5,-4.8,16.2,L,L,O,"0
Dec","26,",2017,recap,Tue,2017,Heat,Magic,home,107-89,2&2,-8.5,204.5,18,9.5,-8.5,0.5,-9.0,W,W,U,"0
Dec","26,",2017,recap,Tue,2017,Magic,Heat,away,89-107,2&2,8.5,204.5,-18,-9.5,-8.5,-9.0,0.5,L,L,U,"0
Dec","26,",2017,recap,Tue,2017,Mavericks,Raptors,home,98-93,2&2,5.5,208.5,5,10.5,-17.5,-3.5,-14.0,W,W,U,"0
Dec","26,",2017,recap,Tue,2017,Raptors,Mavericks,away,93-98,2&2,-5.5,208.5,-5,-10.5,-17.5,-14.0,-3.5,L,L,U,"0
Dec","26,",2017,recap,Tue,2017,Nuggets,Jazz,home,107-83,2&2,-6.0,204.5,24,18.0,-14.5,1.8,-16.2,W,W,U,"0
Dec","26,",2017,recap,Tue,2017,Jazz,Nuggets,away,83-107,2&2,6.0,204.5,-24,-18.0,-14.5,-16.2,1.8,L,L,U,"0
Dec","26,",2017,recap,Tue,2017,Pistons,Pacers,home,107-83,3&2,-2.0,206.5,24,22.0,-16.5,2.8,-19.2,W,W,U,"0
Dec","26,",2017,recap,Tue,2017,Pacers,Pistons,away,83-107,2&3,2.0,206.5,-24,-22.0,-16.5,-19.2,2.8,L,L,U,"0
Dec","26,",2017,recap,Tue,2017,Spurs,Nets,home,109-97,2&2,-11.5,206.5,12,0.5,-0.5,0.0,-0.5,W,W,U,"0
Dec","26,",2017,recap,Tue,2017,Nets,Spurs,away,97-109,2&2,11.5,206.5,-12,-0.5,-0.5,-0.5,0.0,L,L,U,"0
Dec","26,",2017,recap,Tue,2017,Suns,Grizzlies,home,99-97,2&2,1.0,205.0,2,3.0,-9.0,-3.0,-6.0,W,W,U,"0
Dec","26,",2017,recap,Tue,2017,Grizzlies,Suns,away,97-99,2&2,-1.0,205.0,-2,-3.0,-9.0,-6.0,-3.0,L,L,U,0
