Date,Link,Day,Season,Team,Opp,Site,Final,Rest,Line,Total,SUm,ATSm,OUm,DPS,DPA,SUr,ATSr,OUr,"ot
Mar","09,",2017,recap,Thu,2016,Grizzlies,Clippers,home,98-114,2&0,-2.5,207.5,-16,-18.5,4.5,-7.0,11.5,L,L,O,"0
Mar","09,",2017,recap,Thu,2016,Clippers,Grizzlies,away,114-98,0&2,2.5,207.5,16,18.5,4.5,11.5,-7.0,W,W,O,"0
Mar","09,",2017,recap,Thu,2016,Pistons,Cavaliers,home,106-101,0&2,4.5,216.5,5,9.5,-9.5,0.0,-9.5,W,W,U,"0
Mar","09,",2017,recap,Thu,2016,Cavaliers,Pistons,away,101-106,2&0,-4.5,216.5,-5,-9.5,-9.5,-9.5,0.0,L,L,U,"0
Mar","09,",2017,recap,Thu,2016,Suns,Lakers,home,110-122,1&1,-5.5,229.5,-12,-17.5,2.5,-7.5,10.0,L,L,O,"0
Mar","09,",2017,recap,Thu,2016,Lakers,Suns,away,122-110,1&1,5.5,229.5,12,17.5,2.5,10.0,-7.5,W,W,O,"0
Mar","09,",2017,recap,Thu,2016,Thunder,Spurs,home,102-92,1&0,2.5,209.0,10,12.5,-15.0,-1.2,-13.8,W,W,U,"0
Mar","09,",2017,recap,Thu,2016,Spurs,Thunder,away,92-102,0&1,-2.5,209.0,-10,-12.5,-15.0,-13.8,-1.2,L,L,U,"0
Mar","09,",2017,recap,Thu,2016,Trailblazers,Seventysixers,home,114-108,1&2,-9.5,221.0,6,-3.5,1.0,-1.2,2.2,W,L,O,"1
Mar","09,",2017,recap,Thu,2016,Seventysixers,Trailblazers,away,108-114,2&1,9.5,221.0,-6,3.5,1.0,2.2,-1.2,L,W,O,1
