Date,Link,Day,Season,Team,Opp,Site,Final,Rest,Line,Total,SUm,ATSm,OUm,DPS,DPA,SUr,ATSr,OUr,"ot
Mar","26,",2017,recap,Sun,2016,Bucks,Bulls,home,94-109,1&1,-6.5,202.5,-15,-21.5,0.5,-10.5,11.0,L,L,O,"0
Mar","26,",2017,recap,Sun,2016,Bulls,Bucks,away,109-94,1&1,6.5,202.5,15,21.5,0.5,11.0,-10.5,W,W,O,"0
Mar","26,",2017,recap,Sun,2016,Celtics,Heat,home,112-108,1&2,-5.0,210.5,4,-1.0,9.5,4.2,5.2,W,L,O,"0
Mar","26,",2017,recap,Sun,2016,Heat,Celtics,away,108-112,2&1,5.0,210.5,-4,1.0,9.5,5.2,4.2,L,W,O,"0
Mar","26,",2017,recap,Sun,2016,Clippers,Kings,home,97-98,0&1,-12.5,210.5,-1,-13.5,-15.5,-14.5,-1.0,L,L,U,"0
Mar","26,",2017,recap,Sun,2016,Kings,Clippers,away,98-97,1&0,12.5,210.5,1,13.5,-15.5,-1.0,-14.5,W,W,U,"0
Mar","26,",2017,recap,Sun,2016,Hawks,Nets,home,92-107,1&1,-6.5,215.5,-15,-21.5,-16.5,-19.0,2.5,L,L,U,"0
Mar","26,",2017,recap,Sun,2016,Nets,Hawks,away,107-92,1&1,6.5,215.5,15,21.5,-16.5,2.5,-19.0,W,W,U,"0
Mar","26,",2017,recap,Sun,2016,Hornets,Suns,home,120-106,1&1,-13.0,214.5,14,1.0,11.5,6.2,5.2,W,W,O,"0
Mar","26,",2017,recap,Sun,2016,Suns,Hornets,away,106-120,1&1,13.0,214.5,-14,-1.0,11.5,5.2,6.2,L,L,O,"0
Mar","26,",2017,recap,Sun,2016,Lakers,Trailblazers,home,81-97,1&0,7.0,220.0,-16,-9.0,-42.0,-25.5,-16.5,L,L,U,"0
Mar","26,",2017,recap,Sun,2016,Trailblazers,Lakers,away,97-81,0&1,-7.0,220.0,16,9.0,-42.0,-16.5,-25.5,W,W,U,"0
Mar","26,",2017,recap,Sun,2016,Nuggets,Pelicans,home,90-115,1&1,-6.0,225.0,-25,-31.0,-20.0,-25.5,5.5,L,L,U,"0
Mar","26,",2017,recap,Sun,2016,Pelicans,Nuggets,away,115-90,1&1,6.0,225.0,25,31.0,-20.0,5.5,-25.5,W,W,U,"0
Mar","26,",2017,recap,Sun,2016,Pacers,Seventysixers,home,107-94,1&1,-9.0,211.0,13,4.0,-10.0,-3.0,-7.0,W,W,U,"0
Mar","26,",2017,recap,Sun,2016,Seventysixers,Pacers,away,94-107,1&1,9.0,211.0,-13,-4.0,-10.0,-7.0,-3.0,L,L,U,"0
Mar","26,",2017,recap,Sun,2016,Rockets,Thunder,home,137-125,1&3,-6.0,232.0,12,6.0,30.0,18.0,12.0,W,W,O,"0
Mar","26,",2017,recap,Sun,2016,Thunder,Rockets,away,125-137,3&1,6.0,232.0,-12,-6.0,30.0,12.0,18.0,L,L,O,"0
Mar","26,",2017,recap,Sun,2016,Warriors,Grizzlies,home,106-94,1&2,-11.0,208.0,12,1.0,-8.0,-3.5,-4.5,W,W,U,"0
Mar","26,",2017,recap,Sun,2016,Grizzlies,Warriors,away,94-106,2&1,11.0,208.0,-12,-1.0,-8.0,-4.5,-3.5,L,L,U,0
