Date,Link,Day,Season,Team,Opp,Site,Final,Rest,Line,Total,SUm,ATSm,OUm,DPS,DPA,SUr,ATSr,OUr,"ot
Nov","12,",2017,recap,Sun,2017,Celtics,Raptors,home,95-94,1&2,2.5,200.5,1,3.5,-11.5,-4.0,-7.5,W,W,U,"0
Nov","12,",2017,recap,Sun,2017,Raptors,Celtics,away,94-95,2&1,-2.5,200.5,-1,-3.5,-11.5,-7.5,-4.0,L,L,U,"0
Nov","12,",2017,recap,Sun,2017,Pacers,Rockets,home,95-118,1&0,3.5,223.0,-23,-19.5,-10.0,-14.8,4.8,L,L,U,"0
Nov","12,",2017,recap,Sun,2017,Rockets,Pacers,away,118-95,0&1,-3.5,223.0,23,19.5,-10.0,4.8,-14.8,W,W,U,"0
Nov","12,",2017,recap,Sun,2017,Pistons,Heat,home,112-103,1&1,-3.5,202.0,9,5.5,13.0,9.2,3.8,W,W,O,"0
Nov","12,",2017,recap,Sun,2017,Heat,Pistons,away,103-112,1&1,3.5,202.0,-9,-5.5,13.0,3.8,9.2,L,L,O,"0
Nov","12,",2017,recap,Sun,2017,Thunder,Mavericks,home,112-99,1&0,-11.5,208.0,13,1.5,3.0,2.2,0.8,W,W,O,"0
Nov","12,",2017,recap,Sun,2017,Mavericks,Thunder,away,99-112,0&1,11.5,208.0,-13,-1.5,3.0,0.8,2.2,L,L,O,0
