Date,Link,Day,Season,Team,Opp,Site,Final,Rest,Line,Total,SUm,ATSm,OUm,DPS,DPA,SUr,ATSr,OUr,"ot
Nov","11,",2017,recap,Sat,2017,Bucks,Lakers,home,98-90,0&1,-6.5,215.0,8,1.5,-27.0,-12.8,-14.2,W,W,U,"0
Nov","11,",2017,recap,Sat,2017,Lakers,Bucks,away,90-98,1&0,6.5,215.0,-8,-1.5,-27.0,-14.2,-12.8,L,L,U,"0
Nov","11,",2017,recap,Sat,2017,Jazz,Nets,home,114-106,0&0,-8.0,209.0,8,0.0,11.0,5.5,5.5,W,P,O,"0
Nov","11,",2017,recap,Sat,2017,Nets,Jazz,away,106-114,0&0,8.0,209.0,-8,0.0,11.0,5.5,5.5,L,P,O,"0
Nov","11,",2017,recap,Sat,2017,Knicks,Kings,home,118-91,2&1,-6.5,203.5,27,20.5,5.5,13.0,-7.5,W,W,O,"0
Nov","11,",2017,recap,Sat,2017,Kings,Knicks,away,91-118,1&2,6.5,203.5,-27,-20.5,5.5,-7.5,13.0,L,L,O,"0
Nov","11,",2017,recap,Sat,2017,Mavericks,Cavaliers,home,104-111,3&1,6.0,216.0,-7,-1.0,-1.0,-1.0,0.0,L,L,U,"0
Nov","11,",2017,recap,Sat,2017,Cavaliers,Mavericks,away,111-104,1&3,-6.0,216.0,7,1.0,-1.0,0.0,-1.0,W,W,U,"0
Nov","11,",2017,recap,Sat,2017,Nuggets,Magic,home,125-107,1&0,-8.5,218.5,18,9.5,13.5,11.5,2.0,W,W,O,"0
Nov","11,",2017,recap,Sat,2017,Magic,Nuggets,away,107-125,0&1,8.5,218.5,-18,-9.5,13.5,2.0,11.5,L,L,O,"0
Nov","11,",2017,recap,Sat,2017,Pelicans,Clippers,home,111-103,1&0,-6.0,214.5,8,2.0,-0.5,0.8,-1.2,W,W,U,"0
Nov","11,",2017,recap,Sat,2017,Clippers,Pelicans,away,103-111,0&1,6.0,214.5,-8,-2.0,-0.5,-1.2,0.8,L,L,U,"0
Nov","11,",2017,recap,Sat,2017,Rockets,Grizzlies,home,111-96,1&3,-6.5,210.5,15,8.5,-3.5,2.5,-6.0,W,W,U,"0
Nov","11,",2017,recap,Sat,2017,Grizzlies,Rockets,away,96-111,3&1,6.5,210.5,-15,-8.5,-3.5,-6.0,2.5,L,L,U,"0
Nov","11,",2017,recap,Sat,2017,Spurs,Bulls,home,133-94,0&0,-11.5,193.0,39,27.5,34.0,30.8,3.2,W,W,O,"0
Nov","11,",2017,recap,Sat,2017,Bulls,Spurs,away,94-133,0&0,11.5,193.0,-39,-27.5,34.0,3.2,30.8,L,L,O,"0
Nov","11,",2017,recap,Sat,2017,Suns,Timberwolves,home,118-110,0&2,9.0,228.5,8,17.0,-0.5,8.2,-8.8,W,W,U,"0
Nov","11,",2017,recap,Sat,2017,Timberwolves,Suns,away,110-118,2&0,-9.0,228.5,-8,-17.0,-0.5,-8.8,8.2,L,L,U,"0
Nov","11,",2017,recap,Sat,2017,Warriors,Seventysixers,home,135-114,2&1,-14.0,231.0,21,7.0,18.0,12.5,5.5,W,W,O,"0
Nov","11,",2017,recap,Sat,2017,Seventysixers,Warriors,away,114-135,1&2,14.0,231.0,-21,-7.0,18.0,5.5,12.5,L,L,O,"0
Nov","11,",2017,recap,Sat,2017,Wizards,Hawks,home,113-94,1&0,-11.0,217.5,19,8.0,-10.5,-1.2,-9.2,W,W,U,"0
Nov","11,",2017,recap,Sat,2017,Hawks,Wizards,away,94-113,0&1,11.0,217.5,-19,-8.0,-10.5,-9.2,-1.2,L,L,U,0
