Date,Link,Day,Season,Team,Opp,Site,Final,Rest,Line,Total,SUm,ATSm,OUm,DPS,DPA,SUr,ATSr,OUr,"ot
Mar","02,",2017,recap,Thu,2016,Bulls,Warriors,home,94-87,1&1,6.5,217.0,7,13.5,-36.0,-11.2,-24.8,W,W,U,"0
Mar","02,",2017,recap,Thu,2016,Warriors,Bulls,away,87-94,1&1,-6.5,217.0,-7,-13.5,-36.0,-24.8,-11.2,L,L,U,"0
Mar","02,",2017,recap,Thu,2016,Suns,Hornets,home,120-103,1&1,3.5,219.0,17,20.5,4.0,12.2,-8.2,W,W,O,"0
Mar","02,",2017,recap,Thu,2016,Hornets,Suns,away,103-120,1&1,-3.5,219.0,-17,-20.5,4.0,-8.2,12.2,L,L,O,"0
Mar","02,",2017,recap,Thu,2016,Trailblazers,Thunder,home,114-109,1&1,0.0,219.5,5,5.0,3.5,4.2,-0.8,W,W,O,"0
Mar","02,",2017,recap,Thu,2016,Thunder,Trailblazers,away,109-114,1&1,0.0,219.5,-5,-5.0,3.5,-0.8,4.2,L,L,O,0
