Date,Link,Day,Season,Team,Opp,Site,Final,Rest,Line,Total,SUm,ATSm,OUm,DPS,DPA,SUr,ATSr,OUr,"ot
Oct","21,",2017,recap,Sat,2017,Bucks,Trailblazers,home,113-110,0&0,-3.5,213.0,3,-0.5,10.0,4.8,5.2,W,L,O,"0
Oct","21,",2017,recap,Sat,2017,Trailblazers,Bucks,away,110-113,0&0,3.5,213.0,-3,0.5,10.0,5.2,4.8,L,W,O,"0
Oct","21,",2017,recap,Sat,2017,Bulls,Spurs,home,77-87,1&2,10.0,200.0,-10,0.0,-36.0,-18.0,-18.0,L,P,U,"0
Oct","21,",2017,recap,Sat,2017,Spurs,Bulls,away,87-77,2&1,-10.0,200.0,10,0.0,-36.0,-18.0,-18.0,W,P,U,"0
Oct","21,",2017,recap,Sat,2017,Cavaliers,Magic,home,93-114,0&0,-11.5,214.5,-21,-32.5,-7.5,-20.0,12.5,L,L,U,"0
Oct","21,",2017,recap,Sat,2017,Magic,Cavaliers,away,114-93,0&0,11.5,214.5,21,32.5,-7.5,12.5,-20.0,W,W,U,"0
Oct","21,",2017,recap,Sat,2017,Clippers,Suns,home,130-88,1&0,-13.5,220.5,42,28.5,-2.5,13.0,-15.5,W,W,U,"0
Oct","21,",2017,recap,Sat,2017,Suns,Clippers,away,88-130,0&1,13.5,220.5,-42,-28.5,-2.5,-15.5,13.0,L,L,U,"0
Oct","21,",2017,recap,Sat,2017,Grizzlies,Warriors,home,111-101,2&0,7.5,212.5,10,17.5,-0.5,8.5,-9.0,W,W,U,"0
Oct","21,",2017,recap,Sat,2017,Warriors,Grizzlies,away,101-111,0&2,-7.5,212.5,-10,-17.5,-0.5,-9.0,8.5,L,L,U,"0
Oct","21,",2017,recap,Sat,2017,Heat,Pacers,home,112-108,2&0,-9.0,213.5,4,-5.0,6.5,0.8,5.8,W,L,O,"0
Oct","21,",2017,recap,Sat,2017,Pacers,Heat,away,108-112,0&2,9.0,213.5,-4,5.0,6.5,5.8,0.8,L,W,O,"0
Oct","21,",2017,recap,Sat,2017,Jazz,Thunder,home,96-87,0&1,4.0,200.0,9,13.0,-17.0,-2.0,-15.0,W,W,U,"0
Oct","21,",2017,recap,Sat,2017,Thunder,Jazz,away,87-96,1&0,-4.0,200.0,-9,-13.0,-17.0,-15.0,-2.0,L,L,U,"0
Oct","21,",2017,recap,Sat,2017,Knicks,Pistons,home,107-111,1&0,2.0,206.0,-4,-2.0,12.0,5.0,7.0,L,L,O,"0
Oct","21,",2017,recap,Sat,2017,Pistons,Knicks,away,111-107,0&1,-2.0,206.0,4,2.0,12.0,7.0,5.0,W,W,O,"0
Oct","21,",2017,recap,Sat,2017,Nuggets,Kings,home,96-79,2&0,-12.0,212.0,17,5.0,-37.0,-16.0,-21.0,W,W,U,"0
Oct","21,",2017,recap,Sat,2017,Kings,Nuggets,away,79-96,0&2,12.0,212.0,-17,-5.0,-37.0,-21.0,-16.0,L,L,U,"0
Oct","21,",2017,recap,Sat,2017,Raptors,Seventysixers,home,128-94,1&0,-9.5,218.0,34,24.5,4.0,14.2,-10.2,W,W,O,"0
Oct","21,",2017,recap,Sat,2017,Seventysixers,Raptors,away,94-128,0&1,9.5,218.0,-34,-24.5,4.0,-10.2,14.2,L,L,O,"0
Oct","21,",2017,recap,Sat,2017,Rockets,Mavericks,home,107-91,2&0,-12.5,214.5,16,3.5,-16.5,-6.5,-10.0,W,W,U,"0
Oct","21,",2017,recap,Sat,2017,Mavericks,Rockets,away,91-107,0&2,12.5,214.5,-16,-3.5,-16.5,-10.0,-6.5,L,L,U,0
