Date,Link,Day,Season,Team,Opp,Site,Final,Rest,Line,Total,SUm,ATSm,OUm,DPS,DPA,SUr,ATSr,OUr,"ot
Dec","28,",2017,recap,Thu,2017,Bucks,Timberwolves,home,102-96,1&0,-4.0,212.0,6,2.0,-14.0,-6.0,-8.0,W,W,U,"0
Dec","28,",2017,recap,Thu,2017,Timberwolves,Bucks,away,96-102,0&1,4.0,212.0,-6,-2.0,-14.0,-8.0,-6.0,L,L,U,"0
Dec","28,",2017,recap,Thu,2017,Celtics,Rockets,home,99-98,0&2,1.0,215.5,1,2.0,-18.5,-8.2,-10.2,W,W,U,"0
Dec","28,",2017,recap,Thu,2017,Rockets,Celtics,away,98-99,2&0,-1.0,215.5,-1,-2.0,-18.5,-10.2,-8.2,L,L,U,"0
Dec","28,",2017,recap,Thu,2017,Magic,Pistons,home,102-89,1&1,4.0,202.5,13,17.0,-11.5,2.8,-14.2,W,W,U,"0
Dec","28,",2017,recap,Thu,2017,Pistons,Magic,away,89-102,1&1,-4.0,202.5,-13,-17.0,-11.5,-14.2,2.8,L,L,U,"0
Dec","28,",2017,recap,Thu,2017,Spurs,Knicks,home,119-107,1&0,-11.5,200.5,12,0.5,25.5,13.0,12.5,W,W,O,"0
Dec","28,",2017,recap,Thu,2017,Knicks,Spurs,away,107-119,0&1,11.5,200.5,-12,-0.5,25.5,12.5,13.0,L,L,O,"0
Dec","28,",2017,recap,Thu,2017,Trailblazers,Seventysixers,home,114-110,4&2,0.0,208.0,4,4.0,16.0,10.0,6.0,W,W,O,"0
Dec","28,",2017,recap,Thu,2017,Seventysixers,Trailblazers,away,110-114,2&4,0.0,208.0,-4,-4.0,16.0,6.0,10.0,L,L,O,0
