Date,Link,Day,Season,Team,Opp,Site,Final,Rest,Line,Total,SUm,ATSm,OUm,DPS,DPA,SUr,ATSr,OUr,"ot
Jan","07,",2017,recap,Sat,2016,Bulls,Raptors,home,123-118,2&1,2.5,208.5,5,7.5,32.5,20.0,12.5,W,W,O,"1
Jan","07,",2017,recap,Sat,2016,Raptors,Bulls,away,118-123,1&2,-2.5,208.5,-5,-7.5,32.5,12.5,20.0,L,L,O,"1
Jan","07,",2017,recap,Sat,2016,Celtics,Pelicans,home,117-108,0&1,-7.5,214.0,9,1.5,11.0,6.2,4.8,W,W,O,"0
Jan","07,",2017,recap,Sat,2016,Pelicans,Celtics,away,108-117,1&0,7.5,214.0,-9,-1.5,11.0,4.8,6.2,L,L,O,"0
Jan","07,",2017,recap,Sat,2016,Mavericks,Hawks,home,82-97,1&1,2.5,197.0,-15,-12.5,-18.0,-15.2,-2.8,L,L,U,"0
Jan","07,",2017,recap,Sat,2016,Hawks,Mavericks,away,97-82,1&1,-2.5,197.0,15,12.5,-18.0,-2.8,-15.2,W,W,U,"0
Jan","07,",2017,recap,Sat,2016,Pacers,Knicks,home,123-109,1&0,-7.5,216.5,14,6.5,15.5,11.0,4.5,W,W,O,"0
Jan","07,",2017,recap,Sat,2016,Knicks,Pacers,away,109-123,0&1,7.5,216.5,-14,-6.5,15.5,4.5,11.0,L,L,O,"0
Jan","07,",2017,recap,Sat,2016,Spurs,Hornets,home,102-85,1&1,-11.0,208.5,17,6.0,-21.5,-7.8,-13.8,W,W,U,"0
Jan","07,",2017,recap,Sat,2016,Hornets,Spurs,away,85-102,1&1,11.0,208.5,-17,-6.0,-21.5,-13.8,-7.8,L,L,U,"0
Jan","07,",2017,recap,Sat,2016,Thunder,Nuggets,home,121-106,1&1,-8.0,221.0,15,7.0,6.0,6.5,-0.5,W,W,O,"0
Jan","07,",2017,recap,Sat,2016,Nuggets,Thunder,away,106-121,1&1,8.0,221.0,-15,-7.0,6.0,-0.5,6.5,L,L,O,"0
Jan","07,",2017,recap,Sat,2016,Timberwolves,Jazz,home,92-94,0&1,3.0,194.0,-2,1.0,-8.0,-3.5,-4.5,L,W,U,"0
Jan","07,",2017,recap,Sat,2016,Jazz,Timberwolves,away,94-92,1&0,-3.0,194.0,2,-1.0,-8.0,-4.5,-3.5,W,L,U,0
