Date,Link,Day,Season,Team,Opp,Site,Final,Rest,Line,Total,SUm,ATSm,OUm,DPS,DPA,SUr,ATSr,OUr,"ot
Nov","22,",2017,recap,Wed,2017,Cavaliers,Nets,home,119-109,1&2,-11.0,228.0,10,-1.0,0.0,-0.5,0.5,W,L,P,"0
Nov","22,",2017,recap,Wed,2017,Nets,Cavaliers,away,109-119,2&1,11.0,228.0,-10,1.0,0.0,0.5,-0.5,L,W,P,"0
Nov","22,",2017,recap,Wed,2017,Grizzlies,Mavericks,home,94-95,1&1,-5.5,197.5,-1,-6.5,-8.5,-7.5,-1.0,L,L,U,"0
Nov","22,",2017,recap,Wed,2017,Mavericks,Grizzlies,away,95-94,1&1,5.5,197.5,1,6.5,-8.5,-1.0,-7.5,W,W,U,"0
Nov","22,",2017,recap,Wed,2017,Hawks,Clippers,home,103-116,1&1,3.0,210.0,-13,-10.0,9.0,-0.5,9.5,L,L,O,"0
Nov","22,",2017,recap,Wed,2017,Clippers,Hawks,away,116-103,1&1,-3.0,210.0,13,10.0,9.0,9.5,-0.5,W,W,O,"0
Nov","22,",2017,recap,Wed,2017,Heat,Celtics,home,104-98,2&1,2.0,196.0,6,8.0,6.0,7.0,-1.0,W,W,O,"0
Nov","22,",2017,recap,Wed,2017,Celtics,Heat,away,98-104,1&2,-2.0,196.0,-6,-8.0,6.0,-1.0,7.0,L,L,O,"0
Nov","22,",2017,recap,Wed,2017,Hornets,Wizards,home,129-124,1&1,-3.0,210.5,5,2.0,42.5,22.2,20.2,W,W,O,"1
Nov","22,",2017,recap,Wed,2017,Wizards,Hornets,away,124-129,1&1,3.0,210.5,-5,-2.0,42.5,20.2,22.2,L,L,O,"1
Nov","22,",2017,recap,Wed,2017,Jazz,Bulls,home,110-80,1&0,-8.5,196.5,30,21.5,-6.5,7.5,-14.0,W,W,U,"0
Nov","22,",2017,recap,Wed,2017,Bulls,Jazz,away,80-110,0&1,8.5,196.5,-30,-21.5,-6.5,-14.0,7.5,L,L,U,"0
Nov","22,",2017,recap,Wed,2017,Kings,Lakers,home,113-102,1&0,1.0,208.0,11,12.0,7.0,9.5,-2.5,W,W,O,"0
Nov","22,",2017,recap,Wed,2017,Lakers,Kings,away,102-113,0&1,-1.0,208.0,-11,-12.0,7.0,-2.5,9.5,L,L,O,"0
Nov","22,",2017,recap,Wed,2017,Knicks,Raptors,home,108-100,1&2,4.0,210.5,8,12.0,-2.5,4.8,-7.2,W,W,U,"0
Nov","22,",2017,recap,Wed,2017,Raptors,Knicks,away,100-108,2&1,-4.0,210.5,-8,-12.0,-2.5,-7.2,4.8,L,L,U,"0
Nov","22,",2017,recap,Wed,2017,Pelicans,Spurs,home,107-90,1&1,-2.0,207.0,17,15.0,-10.0,2.5,-12.5,W,W,U,"0
Nov","22,",2017,recap,Wed,2017,Spurs,Pelicans,away,90-107,1&1,2.0,207.0,-17,-15.0,-10.0,-12.5,2.5,L,L,U,"0
Nov","22,",2017,recap,Wed,2017,Rockets,Nuggets,home,125-95,3&1,-9.5,224.5,30,20.5,-4.5,8.0,-12.5,W,W,U,"0
Nov","22,",2017,recap,Wed,2017,Nuggets,Rockets,away,95-125,1&3,9.5,224.5,-30,-20.5,-4.5,-12.5,8.0,L,L,U,"0
Nov","22,",2017,recap,Wed,2017,Seventysixers,Trailblazers,home,101-81,1&1,-4.0,210.5,20,16.0,-28.5,-6.2,-22.2,W,W,U,"0
Nov","22,",2017,recap,Wed,2017,Trailblazers,Seventysixers,away,81-101,1&1,4.0,210.5,-20,-16.0,-28.5,-22.2,-6.2,L,L,U,"0
Nov","22,",2017,recap,Wed,2017,Suns,Bucks,home,107-113,2&1,4.5,220.0,-6,-1.5,0.0,-0.8,0.8,L,L,P,"1
Nov","22,",2017,recap,Wed,2017,Bucks,Suns,away,113-107,1&2,-4.5,220.0,6,1.5,0.0,0.8,-0.8,W,W,P,"1
Nov","22,",2017,recap,Wed,2017,Thunder,Warriors,home,108-91,1&2,5.0,222.0,17,22.0,-23.0,-0.5,-22.5,W,W,U,"0
Nov","22,",2017,recap,Wed,2017,Warriors,Thunder,away,91-108,2&1,-5.0,222.0,-17,-22.0,-23.0,-22.5,-0.5,L,L,U,"0
Nov","22,",2017,recap,Wed,2017,Timberwolves,Magic,home,124-118,1&1,-7.0,217.0,6,-1.0,25.0,12.0,13.0,W,L,O,"0
Nov","22,",2017,recap,Wed,2017,Magic,Timberwolves,away,118-124,1&1,7.0,217.0,-6,1.0,25.0,13.0,12.0,L,W,O,0
