Date,Link,Day,Season,Team,Opp,Site,Final,Rest,Line,Total,SUm,ATSm,OUm,DPS,DPA,SUr,ATSr,OUr,"ot
Mar","17,",2017,recap,Fri,2016,Heat,Timberwolves,home,123-105,1&1,-4.5,207.5,18,13.5,20.5,17.0,3.5,W,W,O,"0
Mar","17,",2017,recap,Fri,2016,Timberwolves,Heat,away,105-123,1&1,4.5,207.5,-18,-13.5,20.5,3.5,17.0,L,L,O,"0
Mar","17,",2017,recap,Fri,2016,Lakers,Bucks,home,103-107,1&1,6.5,213.0,-4,2.5,-3.0,-0.2,-2.8,L,W,U,"0
Mar","17,",2017,recap,Fri,2016,Bucks,Lakers,away,107-103,1&1,-6.5,213.0,4,-2.5,-3.0,-2.8,-0.2,W,L,U,"0
Mar","17,",2017,recap,Fri,2016,Nets,Celtics,home,95-98,0&1,8.0,214.0,-3,5.0,-21.0,-8.0,-13.0,L,W,U,"0
Mar","17,",2017,recap,Fri,2016,Celtics,Nets,away,98-95,1&0,-8.0,214.0,3,-5.0,-21.0,-13.0,-8.0,W,L,U,"0
Mar","17,",2017,recap,Fri,2016,Pelicans,Rockets,home,128-112,1&1,4.5,229.0,16,20.5,11.0,15.8,-4.8,W,W,O,"0
Mar","17,",2017,recap,Fri,2016,Rockets,Pelicans,away,112-128,1&1,-4.5,229.0,-16,-20.5,11.0,-4.8,15.8,L,L,O,"0
Mar","17,",2017,recap,Fri,2016,Pistons,Raptors,home,75-87,1&0,-3.5,200.0,-12,-15.5,-38.0,-26.8,-11.2,L,L,U,"0
Mar","17,",2017,recap,Fri,2016,Raptors,Pistons,away,87-75,0&1,3.5,200.0,12,15.5,-38.0,-11.2,-26.8,W,W,U,"0
Mar","17,",2017,recap,Fri,2016,Seventysixers,Mavericks,home,116-74,2&1,4.0,204.5,42,46.0,-14.5,15.8,-30.2,W,W,U,"0
Mar","17,",2017,recap,Fri,2016,Mavericks,Seventysixers,away,74-116,1&2,-4.0,204.5,-42,-46.0,-14.5,-30.2,15.8,L,L,U,"0
Mar","17,",2017,recap,Fri,2016,Suns,Magic,home,103-109,1&0,-2.0,219.5,-6,-8.0,-7.5,-7.8,0.2,L,L,U,"0
Mar","17,",2017,recap,Fri,2016,Magic,Suns,away,109-103,0&1,2.0,219.5,6,8.0,-7.5,0.2,-7.8,W,W,U,"0
Mar","17,",2017,recap,Fri,2016,Wizards,Bulls,home,112-107,1&1,-7.0,212.0,5,-2.0,7.0,2.5,4.5,W,L,O,"0
Mar","17,",2017,recap,Fri,2016,Bulls,Wizards,away,107-112,1&1,7.0,212.0,-5,2.0,7.0,4.5,2.5,L,W,O,0
