Date,Link,Day,Season,Team,Opp,Site,Final,Rest,Line,Total,SUm,ATSm,OUm,DPS,DPA,SUr,ATSr,OUr,"ot
Nov","30,",2017,recap,Thu,2017,Celtics,Seventysixers,home,108-97,2&0,-8.5,207.5,11,2.5,-2.5,0.0,-2.5,W,W,U,"0
Nov","30,",2017,recap,Thu,2017,Seventysixers,Celtics,away,97-108,0&2,8.5,207.5,-11,-2.5,-2.5,-2.5,0.0,L,L,U,"0
Nov","30,",2017,recap,Thu,2017,Clippers,Jazz,home,107-126,2&1,2.0,202.0,-19,-17.0,31.0,7.0,24.0,L,L,O,"0
Nov","30,",2017,recap,Thu,2017,Jazz,Clippers,away,126-107,1&2,-2.0,202.0,19,17.0,31.0,24.0,7.0,W,W,O,"0
Nov","30,",2017,recap,Thu,2017,Hawks,Cavaliers,home,114-121,4&1,7.5,215.5,-7,0.5,19.5,10.0,9.5,L,W,O,"0
Nov","30,",2017,recap,Thu,2017,Cavaliers,Hawks,away,121-114,1&4,-7.5,215.5,7,-0.5,19.5,9.5,10.0,W,L,O,"0
Nov","30,",2017,recap,Thu,2017,Nuggets,Bulls,home,111-110,1&1,-11.0,209.0,1,-10.0,12.0,1.0,11.0,W,L,O,"0
Nov","30,",2017,recap,Thu,2017,Bulls,Nuggets,away,110-111,1&1,11.0,209.0,-1,10.0,12.0,11.0,1.0,L,W,O,"0
Nov","30,",2017,recap,Thu,2017,Trailblazers,Bucks,home,91-103,2&1,-3.0,201.5,-12,-15.0,-7.5,-11.2,3.8,L,L,U,"0
Nov","30,",2017,recap,Thu,2017,Bucks,Trailblazers,away,103-91,1&2,3.0,201.5,12,15.0,-7.5,3.8,-11.2,W,W,U,0
