Date,Link,Day,Season,Team,Opp,Site,Final,Rest,Line,Total,SUm,ATSm,OUm,DPS,DPA,SUr,ATSr,OUr,"ot
Jan","21,",2017,recap,Sat,2016,Bulls,Kings,home,102-99,0&0,-6.0,204.5,3,-3.0,-3.5,-3.2,-0.2,W,L,U,"0
Jan","21,",2017,recap,Sat,2016,Kings,Bulls,away,99-102,0&0,6.0,204.5,-3,3.0,-3.5,-0.2,-3.2,L,W,U,"0
Jan","21,",2017,recap,Sat,2016,Cavaliers,Spurs,home,115-118,1&1,-2.5,212.0,-3,-5.5,21.0,7.8,13.2,L,L,O,"1
Jan","21,",2017,recap,Sat,2016,Spurs,Cavaliers,away,118-115,1&1,2.5,212.0,3,5.5,21.0,13.2,7.8,W,W,O,"1
Jan","21,",2017,recap,Sat,2016,Celtics,Trailblazers,home,123-127,2&0,-7.0,219.0,-4,-11.0,31.0,10.0,21.0,L,L,O,"1
Jan","21,",2017,recap,Sat,2016,Trailblazers,Celtics,away,127-123,0&2,7.0,219.0,4,11.0,31.0,21.0,10.0,W,W,O,"1
Jan","21,",2017,recap,Sat,2016,Grizzlies,Rockets,home,95-119,0&0,2.0,215.5,-24,-22.0,-1.5,-11.8,10.2,L,L,U,"0
Jan","21,",2017,recap,Sat,2016,Rockets,Grizzlies,away,119-95,0&0,-2.0,215.5,24,22.0,-1.5,10.2,-11.8,W,W,U,"0
Jan","21,",2017,recap,Sat,2016,Hawks,Seventysixers,home,110-93,0&0,-10.5,200.5,17,6.5,2.5,4.5,-2.0,W,W,O,"0
Jan","21,",2017,recap,Sat,2016,Seventysixers,Hawks,away,93-110,0&0,10.5,200.5,-17,-6.5,2.5,-2.0,4.5,L,L,O,"0
Jan","21,",2017,recap,Sat,2016,Heat,Bucks,home,109-97,1&0,-1.0,206.0,12,11.0,0.0,5.5,-5.5,W,W,P,"0
Jan","21,",2017,recap,Sat,2016,Bucks,Heat,away,97-109,0&1,1.0,206.0,-12,-11.0,0.0,-5.5,5.5,L,L,P,"0
Jan","21,",2017,recap,Sat,2016,Hornets,Nets,home,112-105,0&0,-11.5,220.0,7,-4.5,-3.0,-3.8,0.8,W,L,U,"0
Jan","21,",2017,recap,Sat,2016,Nets,Hornets,away,105-112,0&0,11.5,220.0,-7,4.5,-3.0,0.8,-3.8,L,W,U,"0
Jan","21,",2017,recap,Sat,2016,Jazz,Pacers,home,109-100,0&0,-7.5,202.5,9,1.5,6.5,4.0,2.5,W,W,O,"0
Jan","21,",2017,recap,Sat,2016,Pacers,Jazz,away,100-109,0&0,7.5,202.5,-9,-1.5,6.5,2.5,4.0,L,L,O,"0
Jan","21,",2017,recap,Sat,2016,Knicks,Suns,home,105-107,1&1,-5.5,222.5,-2,-7.5,-10.5,-9.0,-1.5,L,L,U,"0
Jan","21,",2017,recap,Sat,2016,Suns,Knicks,away,107-105,1&1,5.5,222.5,2,7.5,-10.5,-1.5,-9.0,W,W,U,"0
Jan","21,",2017,recap,Sat,2016,Nuggets,Clippers,home,123-98,1&1,-5.0,221.0,25,20.0,0.0,10.0,-10.0,W,W,P,"0
Jan","21,",2017,recap,Sat,2016,Clippers,Nuggets,away,98-123,1&1,5.0,221.0,-25,-20.0,0.0,-10.0,10.0,L,L,P,"0
Jan","21,",2017,recap,Sat,2016,Pistons,Wizards,home,113-112,2&1,-1.5,210.5,1,-0.5,14.5,7.0,7.5,W,L,O,"0
Jan","21,",2017,recap,Sat,2016,Wizards,Pistons,away,112-113,1&2,1.5,210.5,-1,0.5,14.5,7.5,7.0,L,W,O,0
