Date,Link,Day,Season,Team,Opp,Site,Final,Rest,Line,Total,SUm,ATSm,OUm,DPS,DPA,SUr,ATSr,OUr,"ot
Nov","19,",2017,recap,Sun,2017,Heat,Pacers,home,95-120,1&1,-5.5,206.0,-25,-30.5,9.0,-10.8,19.8,L,L,O,"0
Nov","19,",2017,recap,Sun,2017,Pacers,Heat,away,120-95,1&1,5.5,206.0,25,30.5,9.0,19.8,-10.8,W,W,O,"0
Nov","19,",2017,recap,Sun,2017,Lakers,Nuggets,home,127-109,1&1,4.5,222.5,18,22.5,13.5,18.0,-4.5,W,W,O,"0
Nov","19,",2017,recap,Sun,2017,Nuggets,Lakers,away,109-127,1&1,-4.5,222.5,-18,-22.5,13.5,-4.5,18.0,L,L,O,"0
Nov","19,",2017,recap,Sun,2017,Nets,Warriors,home,111-118,1&0,11.5,232.0,-7,4.5,-3.0,0.8,-3.8,L,W,U,"0
Nov","19,",2017,recap,Sun,2017,Warriors,Nets,away,118-111,0&1,-11.5,232.0,7,-4.5,-3.0,-3.8,0.8,W,L,U,"0
Nov","19,",2017,recap,Sun,2017,Raptors,Wizards,home,100-91,1&1,-6.0,209.5,9,3.0,-18.5,-7.8,-10.8,W,W,U,"0
Nov","19,",2017,recap,Sun,2017,Wizards,Raptors,away,91-100,1&1,6.0,209.5,-9,-3.0,-18.5,-10.8,-7.8,L,L,U,"0
Nov","19,",2017,recap,Sun,2017,Suns,Bulls,home,113-105,1&1,-3.0,215.5,8,5.0,2.5,3.8,-1.2,W,W,O,"0
Nov","19,",2017,recap,Sun,2017,Bulls,Suns,away,105-113,1&1,3.0,215.5,-8,-5.0,2.5,-1.2,3.8,L,L,O,"0
Nov","19,",2017,recap,Sun,2017,Timberwolves,Pistons,home,97-100,1&1,-6.0,208.5,-3,-9.0,-11.5,-10.2,-1.2,L,L,U,"0
Nov","19,",2017,recap,Sun,2017,Pistons,Timberwolves,away,100-97,1&1,6.0,208.5,3,9.0,-11.5,-1.2,-10.2,W,W,U,0
