Date,Link,Day,Season,Team,Opp,Site,Final,Rest,Line,Total,SUm,ATSm,OUm,DPS,DPA,SUr,ATSr,OUr,"ot
Mar","03,",2017,recap,Fri,2016,Bucks,Clippers,home,112-101,1&1,4.5,212.5,11,15.5,0.5,8.0,-7.5,W,W,O,"0
Mar","03,",2017,recap,Fri,2016,Clippers,Bucks,away,101-112,1&1,-4.5,212.5,-11,-15.5,0.5,-7.5,8.0,L,L,O,"0
Mar","03,",2017,recap,Fri,2016,Hawks,Cavaliers,home,130-135,1&1,2.5,214.5,-5,-2.5,50.5,24.0,26.5,L,L,O,"0
Mar","03,",2017,recap,Fri,2016,Cavaliers,Hawks,away,135-130,1&1,-2.5,214.5,5,2.5,50.5,26.5,24.0,W,W,O,"0
Mar","03,",2017,recap,Fri,2016,Jazz,Nets,home,112-97,1&1,-13.5,206.5,15,1.5,2.5,2.0,0.5,W,W,O,"0
Mar","03,",2017,recap,Fri,2016,Nets,Jazz,away,97-112,1&1,13.5,206.5,-15,-1.5,2.5,0.5,2.0,L,L,O,"0
Mar","03,",2017,recap,Fri,2016,Lakers,Celtics,home,95-115,2&1,7.5,218.5,-20,-12.5,-8.5,-10.5,2.0,L,L,U,"0
Mar","03,",2017,recap,Fri,2016,Celtics,Lakers,away,115-95,1&2,-7.5,218.5,20,12.5,-8.5,2.0,-10.5,W,W,U,"0
Mar","03,",2017,recap,Fri,2016,Magic,Heat,home,110-99,1&1,4.0,209.0,11,15.0,0.0,7.5,-7.5,W,W,P,"0
Mar","03,",2017,recap,Fri,2016,Heat,Magic,away,99-110,1&1,-4.0,209.0,-11,-15.0,0.0,-7.5,7.5,L,L,P,"0
Mar","03,",2017,recap,Fri,2016,Mavericks,Grizzlies,home,104-100,1&2,2.5,190.0,4,6.5,14.0,10.2,3.8,W,W,O,"0
Mar","03,",2017,recap,Fri,2016,Grizzlies,Mavericks,away,100-104,2&1,-2.5,190.0,-4,-6.5,14.0,3.8,10.2,L,L,O,"0
Mar","03,",2017,recap,Fri,2016,Pelicans,Spurs,home,98-101,1&1,6.0,206.5,-3,3.0,-7.5,-2.2,-5.2,L,W,U,"1
Mar","03,",2017,recap,Fri,2016,Spurs,Pelicans,away,101-98,1&1,-6.0,206.5,3,-3.0,-7.5,-5.2,-2.2,W,L,U,"1
Mar","03,",2017,recap,Fri,2016,Seventysixers,Knicks,home,105-102,1&1,1.5,216.5,3,4.5,-9.5,-2.5,-7.0,W,W,U,"0
Mar","03,",2017,recap,Fri,2016,Knicks,Seventysixers,away,102-105,1&1,-1.5,216.5,-3,-4.5,-9.5,-7.0,-2.5,L,L,U,"0
Mar","03,",2017,recap,Fri,2016,Suns,Thunder,home,118-111,0&0,4.5,226.0,7,11.5,3.0,7.2,-4.2,W,W,O,"0
Mar","03,",2017,recap,Fri,2016,Thunder,Suns,away,111-118,0&0,-4.5,226.0,-7,-11.5,3.0,-4.2,7.2,L,L,O,"0
Mar","03,",2017,recap,Fri,2016,Wizards,Raptors,home,106-114,1&1,-5.0,208.5,-8,-13.0,11.5,-0.8,12.2,L,L,O,"0
Mar","03,",2017,recap,Fri,2016,Raptors,Wizards,away,114-106,1&1,5.0,208.5,8,13.0,11.5,12.2,-0.8,W,W,O,0
