Date,Link,Day,Season,Team,Opp,Site,Final,Rest,Line,Total,SUm,ATSm,OUm,DPS,DPA,SUr,ATSr,OUr,"ot
Dec","21,",2017,recap,Thu,2017,Cavaliers,Bulls,home,115-112,1&0,-10.5,214.5,3,-7.5,12.5,2.5,10.0,W,L,O,"0
Dec","21,",2017,recap,Thu,2017,Bulls,Cavaliers,away,112-115,0&1,10.5,214.5,-3,7.5,12.5,10.0,2.5,L,W,O,"0
Dec","21,",2017,recap,Thu,2017,Jazz,Spurs,home,100-89,0&0,3.0,196.5,11,14.0,-7.5,3.2,-10.8,W,W,U,"0
Dec","21,",2017,recap,Thu,2017,Spurs,Jazz,away,89-100,0&0,-3.0,196.5,-11,-14.0,-7.5,-10.8,3.2,L,L,U,"0
Dec","21,",2017,recap,Thu,2017,Knicks,Celtics,home,102-93,2&0,2.5,202.0,9,11.5,-7.0,2.2,-9.2,W,W,U,"0
Dec","21,",2017,recap,Thu,2017,Celtics,Knicks,away,93-102,0&2,-2.5,202.0,-9,-11.5,-7.0,-9.2,2.2,L,L,U,"0
Dec","21,",2017,recap,Thu,2017,Seventysixers,Raptors,home,109-114,1&0,2.5,218.0,-5,-2.5,5.0,1.2,3.8,L,L,O,"0
Dec","21,",2017,recap,Thu,2017,Raptors,Seventysixers,away,114-109,0&1,-2.5,218.0,5,2.5,5.0,3.8,1.2,W,W,O,"0
Dec","21,",2017,recap,Thu,2017,Suns,Grizzlies,home,97-95,0&0,2.5,202.5,2,4.5,-10.5,-3.0,-7.5,W,W,U,"0
Dec","21,",2017,recap,Thu,2017,Grizzlies,Suns,away,95-97,0&0,-2.5,202.5,-2,-4.5,-10.5,-7.5,-3.0,L,L,U,0
