Date,Link,Day,Season,Team,Opp,Site,Final,Rest,Line,Total,SUm,ATSm,OUm,DPS,DPA,SUr,ATSr,OUr,"ot
Oct","19,",2017,recap,Thu,2017,Lakers,Clippers,home,92-108,&,6.5,217.5,-16,-9.5,-17.5,-13.5,-4.0,L,L,U,"0
Oct","19,",2017,recap,Thu,2017,Clippers,Lakers,away,108-92,&,-6.5,217.5,16,9.5,-17.5,-4.0,-13.5,W,W,U,"0
Oct","19,",2017,recap,Thu,2017,Raptors,Bulls,home,117-100,&,-13.5,208.0,17,3.5,9.0,6.2,2.8,W,W,O,"0
Oct","19,",2017,recap,Thu,2017,Bulls,Raptors,away,100-117,&,13.5,208.0,-17,-3.5,9.0,2.8,6.2,L,L,O,"0
Oct","19,",2017,recap,Thu,2017,Thunder,Knicks,home,105-84,&,-12.5,213.5,21,8.5,-24.5,-8.0,-16.5,W,W,U,"0
Oct","19,",2017,recap,Thu,2017,Knicks,Thunder,away,84-105,&,12.5,213.5,-21,-8.5,-24.5,-16.5,-8.0,L,L,U,0
