Date,Link,Day,Season,Team,Opp,Site,Final,Rest,Line,Total,SUm,ATSm,OUm,DPS,DPA,SUr,ATSr,OUr,"ot
Feb","10,",2017,recap,Fri,2016,Bucks,Lakers,home,114-122,1&1,-4.5,219.0,-8,-12.5,17.0,2.2,14.8,L,L,O,"0
Feb","10,",2017,recap,Fri,2016,Lakers,Bucks,away,122-114,1&1,4.5,219.0,8,12.5,17.0,14.8,2.2,W,W,O,"0
Feb","10,",2017,recap,Fri,2016,Grizzlies,Warriors,home,107-122,1&1,8.0,216.0,-15,-7.0,13.0,3.0,10.0,L,L,O,"0
Feb","10,",2017,recap,Fri,2016,Warriors,Grizzlies,away,122-107,1&1,-8.0,216.0,15,7.0,13.0,10.0,3.0,W,W,O,"0
Feb","10,",2017,recap,Fri,2016,Kings,Hawks,home,108-107,1&1,2.0,208.5,1,3.0,6.5,4.8,1.8,W,W,O,"0
Feb","10,",2017,recap,Fri,2016,Hawks,Kings,away,107-108,1&1,-2.0,208.5,-1,-3.0,6.5,1.8,4.8,L,L,O,"0
Feb","10,",2017,recap,Fri,2016,Knicks,Nuggets,home,123-131,1&1,-1.5,229.0,-8,-9.5,25.0,7.8,17.2,L,L,O,"0
Feb","10,",2017,recap,Fri,2016,Nuggets,Knicks,away,131-123,1&1,1.5,229.0,8,9.5,25.0,17.2,7.8,W,W,O,"0
Feb","10,",2017,recap,Fri,2016,Nets,Heat,home,99-108,1&1,6.0,214.0,-9,-3.0,-7.0,-5.0,-2.0,L,L,U,"0
Feb","10,",2017,recap,Fri,2016,Heat,Nets,away,108-99,1&1,-6.0,214.0,9,3.0,-7.0,-2.0,-5.0,W,W,U,"0
Feb","10,",2017,recap,Fri,2016,Pistons,Spurs,home,92-103,1&1,4.5,208.5,-11,-6.5,-13.5,-10.0,-3.5,L,L,U,"0
Feb","10,",2017,recap,Fri,2016,Spurs,Pistons,away,103-92,1&1,-4.5,208.5,11,6.5,-13.5,-3.5,-10.0,W,W,U,"0
Feb","10,",2017,recap,Fri,2016,Suns,Bulls,home,115-97,1&1,2.0,216.5,18,20.0,-4.5,7.8,-12.2,W,W,U,"0
Feb","10,",2017,recap,Fri,2016,Bulls,Suns,away,97-115,1&1,-2.0,216.5,-18,-20.0,-4.5,-12.2,7.8,L,L,U,"0
Feb","10,",2017,recap,Fri,2016,Timberwolves,Pelicans,home,106-122,1&1,-4.0,213.5,-16,-20.0,14.5,-2.8,17.2,L,L,O,"0
Feb","10,",2017,recap,Fri,2016,Pelicans,Timberwolves,away,122-106,1&1,4.0,213.5,16,20.0,14.5,17.2,-2.8,W,W,O,"0
Feb","10,",2017,recap,Fri,2016,Wizards,Pacers,home,112-107,1&1,-5.5,215.0,5,-0.5,4.0,1.8,2.2,W,L,O,"0
Feb","10,",2017,recap,Fri,2016,Pacers,Wizards,away,107-112,1&1,5.5,215.0,-5,0.5,4.0,2.2,1.8,L,W,O,0
