Date,Link,Day,Season,Team,Opp,Site,Final,Rest,Line,Total,SUm,ATSm,OUm,DPS,DPA,SUr,ATSr,OUr,"ot
Dec","02,",2017,recap,Sat,2017,Bucks,Kings,home,109-104,1&0,-12.0,199.5,5,-7.0,13.5,3.2,10.2,W,L,O,"0
Dec","02,",2017,recap,Sat,2017,Kings,Bucks,away,104-109,0&1,12.0,199.5,-5,7.0,13.5,10.2,3.2,L,W,O,"0
Dec","02,",2017,recap,Sat,2017,Cavaliers,Grizzlies,home,116-111,1&0,-11.5,207.5,5,-6.5,19.5,6.5,13.0,W,L,O,"0
Dec","02,",2017,recap,Sat,2017,Grizzlies,Cavaliers,away,111-116,0&1,11.5,207.5,-5,6.5,19.5,13.0,6.5,L,W,O,"0
Dec","02,",2017,recap,Sat,2017,Celtics,Suns,home,116-111,1&2,-12.0,216.0,5,-7.0,11.0,2.0,9.0,W,L,O,"0
Dec","02,",2017,recap,Sat,2017,Suns,Celtics,away,111-116,2&1,12.0,216.0,-5,7.0,11.0,9.0,2.0,L,W,O,"0
Dec","02,",2017,recap,Sat,2017,Mavericks,Clippers,home,108-82,2&1,-5.0,207.0,26,21.0,-17.0,2.0,-19.0,W,W,U,"0
Dec","02,",2017,recap,Sat,2017,Clippers,Mavericks,away,82-108,1&2,5.0,207.0,-26,-21.0,-17.0,-19.0,2.0,L,L,U,"0
Dec","02,",2017,recap,Sat,2017,Nets,Hawks,home,102-114,2&1,-4.5,217.0,-12,-16.5,-1.0,-8.8,7.8,L,L,U,"0
Dec","02,",2017,recap,Sat,2017,Hawks,Nets,away,114-102,1&2,4.5,217.0,12,16.5,-1.0,7.8,-8.8,W,W,U,"0
Dec","02,",2017,recap,Sat,2017,Nuggets,Lakers,home,115-100,1&2,-5.0,222.0,15,10.0,-7.0,1.5,-8.5,W,W,U,"0
Dec","02,",2017,recap,Sat,2017,Lakers,Nuggets,away,100-115,2&1,5.0,222.0,-15,-10.0,-7.0,-8.5,1.5,L,L,U,"0
Dec","02,",2017,recap,Sat,2017,Seventysixers,Pistons,home,108-103,1&0,-4.5,213.0,5,0.5,-2.0,-0.8,-1.2,W,W,U,"0
Dec","02,",2017,recap,Sat,2017,Pistons,Seventysixers,away,103-108,0&1,4.5,213.0,-5,-0.5,-2.0,-1.2,-0.8,L,L,U,"0
Dec","02,",2017,recap,Sat,2017,Trailblazers,Pelicans,home,116-123,1&0,-5.5,209.0,-7,-12.5,30.0,8.8,21.2,L,L,O,"0
Dec","02,",2017,recap,Sat,2017,Pelicans,Trailblazers,away,123-116,0&1,5.5,209.0,7,12.5,30.0,21.2,8.8,W,W,O,0
