Date,Link,Day,Season,Team,Opp,Site,Final,Rest,Line,Total,SUm,ATSm,OUm,DPS,DPA,SUr,ATSr,OUr,"ot
Dec","12,",2017,recap,Tue,2017,Cavaliers,Hawks,home,123-114,2&1,-11.0,217.5,9,-2.0,19.5,8.8,10.8,W,L,O,"0
Dec","12,",2017,recap,Tue,2017,Hawks,Cavaliers,away,114-123,1&2,11.0,217.5,-9,2.0,19.5,10.8,8.8,L,W,O,"0
Dec","12,",2017,recap,Tue,2017,Kings,Suns,home,99-92,1&2,-5.0,209.5,7,2.0,-18.5,-8.2,-10.2,W,W,U,"0
Dec","12,",2017,recap,Tue,2017,Suns,Kings,away,92-99,2&1,5.0,209.5,-7,-2.0,-18.5,-10.2,-8.2,L,L,U,"0
Dec","12,",2017,recap,Tue,2017,Knicks,Lakers,home,113-109,1&2,-3.5,213.0,4,0.5,9.0,4.8,4.2,W,W,O,"1
Dec","12,",2017,recap,Tue,2017,Lakers,Knicks,away,109-113,2&1,3.5,213.0,-4,-0.5,9.0,4.2,4.8,L,L,O,"1
Dec","12,",2017,recap,Tue,2017,Mavericks,Spurs,home,95-89,1&2,6.0,198.0,6,12.0,-14.0,-1.0,-13.0,W,W,U,"0
Dec","12,",2017,recap,Tue,2017,Spurs,Mavericks,away,89-95,2&1,-6.0,198.0,-6,-12.0,-14.0,-13.0,-1.0,L,L,U,"0
Dec","12,",2017,recap,Tue,2017,Nets,Wizards,home,103-98,2&2,3.5,212.0,5,8.5,-11.0,-1.2,-9.8,W,W,U,"0
Dec","12,",2017,recap,Tue,2017,Wizards,Nets,away,98-103,2&2,-3.5,212.0,-5,-8.5,-11.0,-9.8,-1.2,L,L,U,"0
Dec","12,",2017,recap,Tue,2017,Pistons,Nuggets,home,84-103,1&1,-6.0,208.5,-19,-25.0,-21.5,-23.2,1.8,L,L,U,"0
Dec","12,",2017,recap,Tue,2017,Nuggets,Pistons,away,103-84,1&1,6.0,208.5,19,25.0,-21.5,1.8,-23.2,W,W,U,"0
Dec","12,",2017,recap,Tue,2017,Timberwolves,Seventysixers,home,112-118,1&1,-5.0,215.0,-6,-11.0,15.0,2.0,13.0,L,L,O,"1
Dec","12,",2017,recap,Tue,2017,Seventysixers,Timberwolves,away,118-112,1&1,5.0,215.0,6,11.0,15.0,13.0,2.0,W,W,O,1
