Date,Link,Day,Season,Team,Opp,Site,Final,Rest,Line,Total,SUm,ATSm,OUm,DPS,DPA,SUr,ATSr,OUr,"ot
Mar","28,",2017,recap,Tue,2016,Hawks,Suns,home,95-91,1&1,-8.0,217.5,4,-4.0,-31.5,-17.8,-13.8,W,L,U,"0
Mar","28,",2017,recap,Tue,2016,Suns,Hawks,away,91-95,1&1,8.0,217.5,-4,4.0,-31.5,-13.8,-17.8,L,W,U,"0
Mar","28,",2017,recap,Tue,2016,Hornets,Bucks,home,108-118,1&1,-3.5,201.0,-10,-13.5,25.0,5.8,19.2,L,L,O,"0
Mar","28,",2017,recap,Tue,2016,Bucks,Hornets,away,118-108,1&1,3.5,201.0,10,13.5,25.0,19.2,5.8,W,W,O,"0
Mar","28,",2017,recap,Tue,2016,Lakers,Wizards,home,108-119,1&2,9.5,226.0,-11,-1.5,1.0,-0.2,1.2,L,L,O,"0
Mar","28,",2017,recap,Tue,2016,Wizards,Lakers,away,119-108,2&1,-9.5,226.0,11,1.5,1.0,1.2,-0.2,W,W,O,"0
Mar","28,",2017,recap,Tue,2016,Nets,Seventysixers,home,101-106,1&1,-3.5,223.0,-5,-8.5,-16.0,-12.2,-3.8,L,L,U,"0
Mar","28,",2017,recap,Tue,2016,Seventysixers,Nets,away,106-101,1&1,3.5,223.0,5,8.5,-16.0,-3.8,-12.2,W,W,U,"0
Mar","28,",2017,recap,Tue,2016,Pacers,Timberwolves,home,114-115,1&2,-4.0,208.0,-1,-5.0,21.0,8.0,13.0,L,L,O,"0
Mar","28,",2017,recap,Tue,2016,Timberwolves,Pacers,away,115-114,2&1,4.0,208.0,1,5.0,21.0,13.0,8.0,W,W,O,"0
Mar","28,",2017,recap,Tue,2016,Pistons,Heat,home,96-97,0&1,2.5,201.0,-1,1.5,-8.0,-3.2,-4.8,L,W,U,"0
Mar","28,",2017,recap,Tue,2016,Heat,Pistons,away,97-96,1&0,-2.5,201.0,1,-1.5,-8.0,-4.8,-3.2,W,L,U,"0
Mar","28,",2017,recap,Tue,2016,Rockets,Warriors,home,106-113,1&1,-1.0,233.5,-7,-8.0,-14.5,-11.2,-3.2,L,L,U,"0
Mar","28,",2017,recap,Tue,2016,Warriors,Rockets,away,113-106,1&1,1.0,233.5,7,8.0,-14.5,-3.2,-11.2,W,W,U,"0
Mar","28,",2017,recap,Tue,2016,Trailblazers,Nuggets,home,122-113,1&1,-2.5,225.0,9,6.5,10.0,8.2,1.8,W,W,O,"0
Mar","28,",2017,recap,Tue,2016,Nuggets,Trailblazers,away,113-122,1&1,2.5,225.0,-9,-6.5,10.0,1.8,8.2,L,L,O,0
