Date,Link,Day,Season,Team,Opp,Site,Final,Rest,Line,Total,SUm,ATSm,OUm,DPS,DPA,SUr,ATSr,OUr,"ot
Nov","17,",2017,recap,Fri,2017,Bulls,Hornets,home,123-120,1&1,6.5,198.0,3,9.5,45.0,27.2,17.8,W,W,O,"0
Nov","17,",2017,recap,Fri,2017,Hornets,Bulls,away,120-123,1&1,-6.5,198.0,-3,-9.5,45.0,17.8,27.2,L,L,O,"0
Nov","17,",2017,recap,Fri,2017,Cavaliers,Clippers,home,118-113,1&3,-6.5,222.0,5,-1.5,9.0,3.8,5.2,W,L,O,"1
Nov","17,",2017,recap,Fri,2017,Clippers,Cavaliers,away,113-118,3&1,6.5,222.0,-5,1.5,9.0,5.2,3.8,L,W,O,"1
Nov","17,",2017,recap,Fri,2017,Kings,Trailblazers,home,86-82,1&1,7.0,198.5,4,11.0,-30.5,-9.8,-20.8,W,W,U,"0
Nov","17,",2017,recap,Fri,2017,Trailblazers,Kings,away,82-86,1&1,-7.0,198.5,-4,-11.0,-30.5,-20.8,-9.8,L,L,U,"0
Nov","17,",2017,recap,Fri,2017,Lakers,Suns,home,113-122,1&0,-6.5,227.5,-9,-15.5,7.5,-4.0,11.5,L,L,O,"0
Nov","17,",2017,recap,Fri,2017,Suns,Lakers,away,122-113,0&1,6.5,227.5,9,15.5,7.5,11.5,-4.0,W,W,O,"0
Nov","17,",2017,recap,Fri,2017,Mavericks,Timberwolves,home,87-111,2&1,6.5,212.5,-24,-17.5,-14.5,-16.0,1.5,L,L,U,"0
Nov","17,",2017,recap,Fri,2017,Timberwolves,Mavericks,away,111-87,1&2,-6.5,212.5,24,17.5,-14.5,1.5,-16.0,W,W,U,"0
Nov","17,",2017,recap,Fri,2017,Nets,Jazz,home,118-107,2&1,1.5,208.0,11,12.5,17.0,14.8,2.2,W,W,O,"0
Nov","17,",2017,recap,Fri,2017,Jazz,Nets,away,107-118,1&2,-1.5,208.0,-11,-12.5,17.0,2.2,14.8,L,L,O,"0
Nov","17,",2017,recap,Fri,2017,Nuggets,Pelicans,home,146-114,3&1,-4.5,220.0,32,27.5,40.0,33.8,6.2,W,W,O,"0
Nov","17,",2017,recap,Fri,2017,Pelicans,Nuggets,away,114-146,1&3,4.5,220.0,-32,-27.5,40.0,6.2,33.8,L,L,O,"0
Nov","17,",2017,recap,Fri,2017,Pacers,Pistons,home,107-100,1&1,0.0,209.5,7,7.0,-2.5,2.2,-4.8,W,W,U,"0
Nov","17,",2017,recap,Fri,2017,Pistons,Pacers,away,100-107,1&1,-0.0,209.5,-7,-7.0,-2.5,-4.8,2.2,L,L,U,"0
Nov","17,",2017,recap,Fri,2017,Raptors,Knicks,home,107-84,1&1,-8.0,217.5,23,15.0,-26.5,-5.8,-20.8,W,W,U,"0
Nov","17,",2017,recap,Fri,2017,Knicks,Raptors,away,84-107,1&1,8.0,217.5,-23,-15.0,-26.5,-20.8,-5.8,L,L,U,"0
Nov","17,",2017,recap,Fri,2017,Spurs,Thunder,home,104-101,1&1,1.0,197.5,3,4.0,7.5,5.8,1.8,W,W,O,"0
Nov","17,",2017,recap,Fri,2017,Thunder,Spurs,away,101-104,1&1,-1.0,197.5,-3,-4.0,7.5,1.8,5.8,L,L,O,"0
Nov","17,",2017,recap,Fri,2017,Wizards,Heat,home,88-91,1&1,-5.0,207.5,-3,-8.0,-28.5,-18.2,-10.2,L,L,U,"0
Nov","17,",2017,recap,Fri,2017,Heat,Wizards,away,91-88,1&1,5.0,207.5,3,8.0,-28.5,-10.2,-18.2,W,W,U,0
