Date,Link,Day,Season,Team,Opp,Site,Final,Rest,Line,Total,SUm,ATSm,OUm,DPS,DPA,SUr,ATSr,OUr,"ot
Nov","13,",2017,recap,Mon,2017,Bucks,Grizzlies,home,110-103,1&1,-4.0,203.0,7,3.0,10.0,6.5,3.5,W,W,O,"0
Nov","13,",2017,recap,Mon,2017,Grizzlies,Bucks,away,103-110,1&1,4.0,203.0,-7,-3.0,10.0,3.5,6.5,L,L,O,"0
Nov","13,",2017,recap,Mon,2017,Clippers,Seventysixers,home,105-109,1&1,-2.0,218.5,-4,-6.0,-4.5,-5.2,0.8,L,L,U,"0
Nov","13,",2017,recap,Mon,2017,Seventysixers,Clippers,away,109-105,1&1,2.0,218.5,4,6.0,-4.5,0.8,-5.2,W,W,U,"0
Nov","13,",2017,recap,Mon,2017,Jazz,Timberwolves,home,98-109,1&1,4.0,207.5,-11,-7.0,-0.5,-3.8,3.2,L,L,U,"0
Nov","13,",2017,recap,Mon,2017,Timberwolves,Jazz,away,109-98,1&1,-4.0,207.5,11,7.0,-0.5,3.2,-3.8,W,W,U,"0
Nov","13,",2017,recap,Mon,2017,Knicks,Cavaliers,home,101-104,1&1,4.0,219.0,-3,1.0,-14.0,-6.5,-7.5,L,W,U,"0
Nov","13,",2017,recap,Mon,2017,Cavaliers,Knicks,away,104-101,1&1,-4.0,219.0,3,-1.0,-14.0,-7.5,-6.5,W,L,U,"0
Nov","13,",2017,recap,Mon,2017,Pelicans,Hawks,home,106-105,1&1,-9.0,217.0,1,-8.0,-6.0,-7.0,1.0,W,L,U,"0
Nov","13,",2017,recap,Mon,2017,Hawks,Pelicans,away,105-106,1&1,9.0,217.0,-1,8.0,-6.0,1.0,-7.0,L,W,U,"0
Nov","13,",2017,recap,Mon,2017,Suns,Lakers,home,93-100,1&1,-1.0,226.5,-7,-8.0,-33.5,-20.8,-12.8,L,L,U,"0
Nov","13,",2017,recap,Mon,2017,Lakers,Suns,away,100-93,1&1,1.0,226.5,7,8.0,-33.5,-12.8,-20.8,W,W,U,"0
Nov","13,",2017,recap,Mon,2017,Trailblazers,Nuggets,home,99-82,2&1,-1.5,210.5,17,15.5,-29.5,-7.0,-22.5,W,W,U,"0
Nov","13,",2017,recap,Mon,2017,Nuggets,Trailblazers,away,82-99,1&2,1.5,210.5,-17,-15.5,-29.5,-22.5,-7.0,L,L,U,"0
Nov","13,",2017,recap,Mon,2017,Warriors,Magic,home,110-100,1&1,-13.0,229.0,10,-3.0,-19.0,-11.0,-8.0,W,L,U,"0
Nov","13,",2017,recap,Mon,2017,Magic,Warriors,away,100-110,1&1,13.0,229.0,-10,3.0,-19.0,-8.0,-11.0,L,W,U,"0
Nov","13,",2017,recap,Mon,2017,Wizards,Kings,home,110-92,1&1,-11.5,208.5,18,6.5,-6.5,0.0,-6.5,W,W,U,"0
Nov","13,",2017,recap,Mon,2017,Kings,Wizards,away,92-110,1&1,11.5,208.5,-18,-6.5,-6.5,-6.5,0.0,L,L,U,0
