Date,Link,Day,Season,Team,Opp,Site,Final,Rest,Line,Total,SUm,ATSm,OUm,DPS,DPA,SUr,ATSr,OUr,"ot
Jan","04,",2017,recap,Wed,2016,Cavaliers,Bulls,home,94-106,1&1,-3.0,203.5,-12,-15.0,-3.5,-9.2,5.8,L,L,U,"0
Jan","04,",2017,recap,Wed,2016,Bulls,Cavaliers,away,106-94,1&1,3.0,203.5,12,15.0,-3.5,5.8,-9.2,W,W,U,"0
Jan","04,",2017,recap,Wed,2016,Clippers,Grizzlies,home,115-106,1&0,-1.0,198.5,9,8.0,22.5,15.2,7.2,W,W,O,"0
Jan","04,",2017,recap,Wed,2016,Grizzlies,Clippers,away,106-115,0&1,1.0,198.5,-9,-8.0,22.5,7.2,15.2,L,L,O,"0
Jan","04,",2017,recap,Wed,2016,Hornets,Thunder,home,123-112,1&1,-2.5,209.5,11,8.5,25.5,17.0,8.5,W,W,O,"0
Jan","04,",2017,recap,Wed,2016,Thunder,Hornets,away,112-123,1&1,2.5,209.5,-11,-8.5,25.5,8.5,17.0,L,L,O,"0
Jan","04,",2017,recap,Wed,2016,Kings,Heat,home,102-107,0&0,-7.5,203.0,-5,-12.5,6.0,-3.2,9.2,L,L,O,"0
Jan","04,",2017,recap,Wed,2016,Heat,Kings,away,107-102,0&0,7.5,203.0,5,12.5,6.0,9.2,-3.2,W,W,O,"0
Jan","04,",2017,recap,Wed,2016,Knicks,Bucks,home,104-105,1&1,2.5,213.0,-1,1.5,-4.0,-1.2,-2.8,L,W,U,"0
Jan","04,",2017,recap,Wed,2016,Bucks,Knicks,away,105-104,1&1,-2.5,213.0,1,-1.5,-4.0,-2.8,-1.2,W,L,U,"0
Jan","04,",2017,recap,Wed,2016,Magic,Hawks,home,92-111,1&2,3.0,206.5,-19,-16.0,-3.5,-9.8,6.2,L,L,U,"0
Jan","04,",2017,recap,Wed,2016,Hawks,Magic,away,111-92,2&1,-3.0,206.5,19,16.0,-3.5,6.2,-9.8,W,W,U,"0
Jan","04,",2017,recap,Wed,2016,Warriors,Trailblazers,home,125-117,1&2,-15.0,223.5,8,-7.0,18.5,5.8,12.8,W,L,O,"0
Jan","04,",2017,recap,Wed,2016,Trailblazers,Warriors,away,117-125,2&1,15.0,223.5,-8,7.0,18.5,12.8,5.8,L,W,O,0
