Date,Link,Day,Season,Team,Opp,Site,Final,Rest,Line,Total,SUm,ATSm,OUm,DPS,DPA,SUr,ATSr,OUr,"ot
Apr","09,",2017,recap,Sun,2016,Grizzlies,Pistons,home,90-103,1&1,-5.5,194.5,-13,-18.5,-1.5,-10.0,8.5,L,L,U,"0
Apr","09,",2017,recap,Sun,2016,Pistons,Grizzlies,away,103-90,1&1,5.5,194.5,13,18.5,-1.5,8.5,-10.0,W,W,U,"0
Apr","09,",2017,recap,Sun,2016,Hawks,Cavaliers,home,126-125,1&1,3.5,214.0,1,4.5,37.0,20.8,16.2,W,W,O,"1
Apr","09,",2017,recap,Sun,2016,Cavaliers,Hawks,away,125-126,1&1,-3.5,214.0,-1,-4.5,37.0,16.2,20.8,L,L,O,"1
Apr","09,",2017,recap,Sun,2016,Kings,Rockets,home,128-135,1&1,8.5,225.0,-7,1.5,38.0,19.8,18.2,L,W,O,"0
Apr","09,",2017,recap,Sun,2016,Rockets,Kings,away,135-128,1&1,-8.5,225.0,7,-1.5,38.0,18.2,19.8,W,L,O,"0
Apr","09,",2017,recap,Sun,2016,Knicks,Raptors,home,97-110,1&1,9.5,201.0,-13,-3.5,6.0,1.2,4.8,L,L,O,"0
Apr","09,",2017,recap,Sun,2016,Raptors,Knicks,away,110-97,1&1,-9.5,201.0,13,3.5,6.0,4.8,1.2,W,W,O,"0
Apr","09,",2017,recap,Sun,2016,Lakers,Timberwolves,home,110-109,1&1,5.0,220.0,1,6.0,-1.0,2.5,-3.5,W,W,U,"0
Apr","09,",2017,recap,Sun,2016,Timberwolves,Lakers,away,109-110,1&1,-5.0,220.0,-1,-6.0,-1.0,-3.5,2.5,L,L,U,"0
Apr","09,",2017,recap,Sun,2016,Nuggets,Thunder,home,105-106,1&1,-4.0,229.5,-1,-5.0,-18.5,-11.8,-6.8,L,L,U,"0
Apr","09,",2017,recap,Sun,2016,Thunder,Nuggets,away,106-105,1&1,4.0,229.5,1,5.0,-18.5,-6.8,-11.8,W,W,U,"0
Apr","09,",2017,recap,Sun,2016,Suns,Mavericks,home,124-111,1&1,-1.5,212.0,13,11.5,23.0,17.2,5.8,W,W,O,"0
Apr","09,",2017,recap,Sun,2016,Mavericks,Suns,away,111-124,1&1,1.5,212.0,-13,-11.5,23.0,5.8,17.2,L,L,O,0
