Date,Link,Day,Season,Team,Opp,Site,Final,Rest,Line,Total,SUm,ATSm,OUm,DPS,DPA,SUr,ATSr,OUr,"ot
Nov","24,",2017,recap,Fri,2017,Cavaliers,Hornets,home,100-99,1&1,-5.0,221.0,1,-4.0,-22.0,-13.0,-9.0,W,L,U,"0
Nov","24,",2017,recap,Fri,2017,Hornets,Cavaliers,away,99-100,1&1,5.0,221.0,-1,4.0,-22.0,-9.0,-13.0,L,W,U,"0
Nov","24,",2017,recap,Fri,2017,Celtics,Magic,home,118-103,1&1,-7.5,209.0,15,7.5,12.0,9.8,2.2,W,W,O,"0
Nov","24,",2017,recap,Fri,2017,Magic,Celtics,away,103-118,1&1,7.5,209.0,-15,-7.5,12.0,2.2,9.8,L,L,O,"0
Nov","24,",2017,recap,Fri,2017,Hawks,Knicks,home,116-104,1&1,1.5,207.5,12,13.5,12.5,13.0,-0.5,W,W,O,"0
Nov","24,",2017,recap,Fri,2017,Knicks,Hawks,away,104-116,1&1,-1.5,207.5,-12,-13.5,12.5,-0.5,13.0,L,L,O,"0
Nov","24,",2017,recap,Fri,2017,Nets,Trailblazers,home,125-127,1&1,3.5,213.5,-2,1.5,38.5,20.0,18.5,L,W,O,"0
Nov","24,",2017,recap,Fri,2017,Trailblazers,Nets,away,127-125,1&1,-3.5,213.5,2,-1.5,38.5,18.5,20.0,W,L,O,"0
Nov","24,",2017,recap,Fri,2017,Nuggets,Grizzlies,home,104-92,1&1,-6.5,211.0,12,5.5,-15.0,-4.8,-10.2,W,W,U,"0
Nov","24,",2017,recap,Fri,2017,Grizzlies,Nuggets,away,92-104,1&1,6.5,211.0,-12,-5.5,-15.0,-10.2,-4.8,L,L,U,"0
Nov","24,",2017,recap,Fri,2017,Pacers,Raptors,home,107-104,3&1,2.0,216.5,3,5.0,-5.5,-0.2,-5.2,W,W,U,"0
Nov","24,",2017,recap,Fri,2017,Raptors,Pacers,away,104-107,1&3,-2.0,216.5,-3,-5.0,-5.5,-5.2,-0.2,L,L,U,"0
Nov","24,",2017,recap,Fri,2017,Suns,Pelicans,home,91-115,1&1,6.5,228.0,-24,-17.5,-22.0,-19.8,-2.2,L,L,U,"0
Nov","24,",2017,recap,Fri,2017,Pelicans,Suns,away,115-91,1&1,-6.5,228.0,24,17.5,-22.0,-2.2,-19.8,W,W,U,"0
Nov","24,",2017,recap,Fri,2017,Thunder,Pistons,home,98-99,1&3,-8.5,202.5,-1,-9.5,-5.5,-7.5,2.0,L,L,U,"0
Nov","24,",2017,recap,Fri,2017,Pistons,Thunder,away,99-98,3&1,8.5,202.5,1,9.5,-5.5,2.0,-7.5,W,W,U,"0
Nov","24,",2017,recap,Fri,2017,Timberwolves,Heat,home,97-109,1&1,-4.5,208.0,-12,-16.5,-2.0,-9.2,7.2,L,L,U,"0
Nov","24,",2017,recap,Fri,2017,Heat,Timberwolves,away,109-97,1&1,4.5,208.0,12,16.5,-2.0,7.2,-9.2,W,W,U,"0
Nov","24,",2017,recap,Fri,2017,Warriors,Bulls,home,143-94,1&1,-15.5,211.0,49,33.5,26.0,29.8,-3.8,W,W,O,"0
Nov","24,",2017,recap,Fri,2017,Bulls,Warriors,away,94-143,1&1,15.5,211.0,-49,-33.5,26.0,-3.8,29.8,L,L,O,0
