Date,Link,Day,Season,Team,Opp,Site,Final,Rest,Line,Total,SUm,ATSm,OUm,DPS,DPA,SUr,ATSr,OUr,"ot
Apr","02,",2017,recap,Sun,2016,Bucks,Mavericks,home,105-109,1&1,-6.0,195.5,-4,-10.0,18.5,4.2,14.2,L,L,O,"0
Apr","02,",2017,recap,Sun,2016,Mavericks,Bucks,away,109-105,1&1,6.0,195.5,4,10.0,18.5,14.2,4.2,W,W,O,"0
Apr","02,",2017,recap,Sun,2016,Cavaliers,Pacers,home,135-130,1&1,-8.0,214.5,5,-3.0,50.5,23.8,26.8,W,L,O,"2
Apr","02,",2017,recap,Sun,2016,Pacers,Cavaliers,away,130-135,1&1,8.0,214.5,-5,3.0,50.5,26.8,23.8,L,W,O,"2
Apr","02,",2017,recap,Sun,2016,Heat,Nuggets,home,113-116,1&1,-3.5,219.0,-3,-6.5,10.0,1.8,8.2,L,L,O,"0
Apr","02,",2017,recap,Sun,2016,Nuggets,Heat,away,116-113,1&1,3.5,219.0,3,6.5,10.0,8.2,1.8,W,W,O,"0
Apr","02,",2017,recap,Sun,2016,Knicks,Celtics,home,94-110,1&1,7.5,206.5,-16,-8.5,-2.5,-5.5,3.0,L,L,U,"0
Apr","02,",2017,recap,Sun,2016,Celtics,Knicks,away,110-94,1&1,-7.5,206.5,16,8.5,-2.5,3.0,-5.5,W,W,U,"0
Apr","02,",2017,recap,Sun,2016,Lakers,Grizzlies,home,108-103,0&1,7.0,207.5,5,12.0,3.5,7.8,-4.2,W,W,O,"0
Apr","02,",2017,recap,Sun,2016,Grizzlies,Lakers,away,103-108,1&0,-7.0,207.5,-5,-12.0,3.5,-4.2,7.8,L,L,O,"0
Apr","02,",2017,recap,Sun,2016,Nets,Hawks,home,91-82,0&0,2.5,215.0,9,11.5,-42.0,-15.2,-26.8,W,W,U,"0
Apr","02,",2017,recap,Sun,2016,Hawks,Nets,away,82-91,0&0,-2.5,215.0,-9,-11.5,-42.0,-26.8,-15.2,L,L,U,"0
Apr","02,",2017,recap,Sun,2016,Pelicans,Bulls,home,110-117,1&0,-7.0,210.5,-7,-14.0,16.5,1.2,15.2,L,L,O,"0
Apr","02,",2017,recap,Sun,2016,Bulls,Pelicans,away,117-110,0&1,7.0,210.5,7,14.0,16.5,15.2,1.2,W,W,O,"0
Apr","02,",2017,recap,Sun,2016,Raptors,Seventysixers,home,113-105,1&1,-10.5,212.0,8,-2.5,6.0,1.8,4.2,W,L,O,"0
Apr","02,",2017,recap,Sun,2016,Seventysixers,Raptors,away,105-113,1&1,10.5,212.0,-8,2.5,6.0,4.2,1.8,L,W,O,"0
Apr","02,",2017,recap,Sun,2016,Spurs,Jazz,home,109-103,1&1,-5.5,190.0,6,0.5,22.0,11.2,10.8,W,W,O,"0
Apr","02,",2017,recap,Sun,2016,Jazz,Spurs,away,103-109,1&1,5.5,190.0,-6,-0.5,22.0,10.8,11.2,L,L,O,"0
Apr","02,",2017,recap,Sun,2016,Suns,Rockets,home,116-123,0&1,7.5,228.5,-7,0.5,10.5,5.5,5.0,L,W,O,"0
Apr","02,",2017,recap,Sun,2016,Rockets,Suns,away,123-116,1&0,-7.5,228.5,7,-0.5,10.5,5.0,5.5,W,L,O,"0
Apr","02,",2017,recap,Sun,2016,Thunder,Hornets,home,101-113,1&1,-4.5,213.5,-12,-16.5,0.5,-8.0,8.5,L,L,O,"0
Apr","02,",2017,recap,Sun,2016,Hornets,Thunder,away,113-101,1&1,4.5,213.5,12,16.5,0.5,8.5,-8.0,W,W,O,"0
Apr","02,",2017,recap,Sun,2016,Warriors,Wizards,home,139-115,1&1,-10.0,223.0,24,14.0,31.0,22.5,8.5,W,W,O,"0
Apr","02,",2017,recap,Sun,2016,Wizards,Warriors,away,115-139,1&1,10.0,223.0,-24,-14.0,31.0,8.5,22.5,L,L,O,0
