Date,Link,Day,Season,Team,Opp,Site,Final,Rest,Line,Total,SUm,ATSm,OUm,DPS,DPA,SUr,ATSr,OUr,"ot
Apr","08,",2017,recap,Sat,2016,Hornets,Celtics,home,114-121,2&1,1.0,215.0,-7,-6.0,20.0,7.0,13.0,L,L,O,"0
Apr","08,",2017,recap,Sat,2016,Celtics,Hornets,away,121-114,1&2,-1.0,215.0,7,6.0,20.0,13.0,7.0,W,W,O,"0
Apr","08,",2017,recap,Sat,2016,Magic,Pacers,home,112-127,1&1,4.5,212.0,-15,-10.5,27.0,8.2,18.8,L,L,O,"0
Apr","08,",2017,recap,Sat,2016,Pacers,Magic,away,127-112,1&1,-4.5,212.0,15,10.5,27.0,18.8,8.2,W,W,O,"0
Apr","08,",2017,recap,Sat,2016,Nets,Bulls,home,107-106,1&1,3.0,215.0,1,4.0,-2.0,1.0,-3.0,W,W,U,"0
Apr","08,",2017,recap,Sat,2016,Bulls,Nets,away,106-107,1&1,-3.0,215.0,-1,-4.0,-2.0,-3.0,1.0,L,L,U,"0
Apr","08,",2017,recap,Sat,2016,Seventysixers,Bucks,home,82-90,1&1,7.0,207.5,-8,-1.0,-35.5,-18.2,-17.2,L,L,U,"0
Apr","08,",2017,recap,Sat,2016,Bucks,Seventysixers,away,90-82,1&1,-7.0,207.5,8,1.0,-35.5,-17.2,-18.2,W,W,U,"0
Apr","08,",2017,recap,Sat,2016,Spurs,Clippers,home,87-98,0&2,-1.5,208.0,-11,-12.5,-23.0,-17.8,-5.2,L,L,U,"0
Apr","08,",2017,recap,Sat,2016,Clippers,Spurs,away,98-87,2&0,1.5,208.0,11,12.5,-23.0,-5.2,-17.8,W,W,U,"0
Apr","08,",2017,recap,Sat,2016,Trailblazers,Jazz,home,101-86,1&0,0.0,201.5,15,15.0,-14.5,0.2,-14.8,W,W,U,"0
Apr","08,",2017,recap,Sat,2016,Jazz,Trailblazers,away,86-101,0&1,0.0,201.5,-15,-15.0,-14.5,-14.8,0.2,L,L,U,"0
Apr","08,",2017,recap,Sat,2016,Warriors,Pelicans,home,123-101,2&0,-18.0,218.0,22,4.0,6.0,5.0,1.0,W,W,O,"0
Apr","08,",2017,recap,Sat,2016,Pelicans,Warriors,away,101-123,0&2,18.0,218.0,-22,-4.0,6.0,1.0,5.0,L,L,O,"0
Apr","08,",2017,recap,Sat,2016,Wizards,Heat,home,103-106,1&0,-4.0,216.0,-3,-7.0,-7.0,-7.0,0.0,L,L,U,"0
Apr","08,",2017,recap,Sat,2016,Heat,Wizards,away,106-103,0&1,4.0,216.0,3,7.0,-7.0,0.0,-7.0,W,W,U,0
