Date,Link,Day,Season,Team,Opp,Site,Final,Rest,Line,Total,SUm,ATSm,OUm,DPS,DPA,SUr,ATSr,OUr,"ot
Oct","27,",2017,recap,Fri,2017,Hawks,Nuggets,home,100-105,0&1,7.0,207.5,-5,2.0,-2.5,-0.2,-2.2,L,W,U,"0
Oct","27,",2017,recap,Fri,2017,Nuggets,Hawks,away,105-100,1&0,-7.0,207.5,5,-2.0,-2.5,-2.2,-0.2,W,L,U,"0
Oct","27,",2017,recap,Fri,2017,Hornets,Rockets,home,93-109,1&1,3.0,212.5,-16,-13.0,-10.5,-11.8,1.2,L,L,U,"0
Oct","27,",2017,recap,Fri,2017,Rockets,Hornets,away,109-93,1&1,-3.0,212.5,16,13.0,-10.5,1.2,-11.8,W,W,U,"0
Oct","27,",2017,recap,Fri,2017,Knicks,Nets,home,107-86,2&1,-2.0,220.5,21,19.0,-27.5,-4.2,-23.2,W,W,U,"0
Oct","27,",2017,recap,Fri,2017,Nets,Knicks,away,86-107,1&2,2.0,220.5,-21,-19.0,-27.5,-23.2,-4.2,L,L,U,"0
Oct","27,",2017,recap,Fri,2017,Lakers,Raptors,home,92-101,1&1,6.0,221.0,-9,-3.0,-28.0,-15.5,-12.5,L,L,U,"0
Oct","27,",2017,recap,Fri,2017,Raptors,Lakers,away,101-92,1&1,-6.0,221.0,9,3.0,-28.0,-12.5,-15.5,W,W,U,"0
Oct","27,",2017,recap,Fri,2017,Magic,Spurs,home,114-87,2&1,5.0,206.5,27,32.0,-5.5,13.2,-18.8,W,W,U,"0
Oct","27,",2017,recap,Fri,2017,Spurs,Magic,away,87-114,1&2,-5.0,206.5,-27,-32.0,-5.5,-18.8,13.2,L,L,U,"0
Oct","27,",2017,recap,Fri,2017,Timberwolves,Thunder,home,119-116,1&1,2.0,218.5,3,5.0,16.5,10.8,5.8,W,W,O,"0
Oct","27,",2017,recap,Fri,2017,Thunder,Timberwolves,away,116-119,1&1,-2.0,218.5,-3,-5.0,16.5,5.8,10.8,L,L,O,"0
Oct","27,",2017,recap,Fri,2017,Warriors,Wizards,home,120-117,1&1,-12.0,230.5,3,-9.0,6.5,-1.2,7.8,W,L,O,"0
Oct","27,",2017,recap,Fri,2017,Wizards,Warriors,away,117-120,1&1,12.0,230.5,-3,9.0,6.5,7.8,-1.2,L,W,O,0
