Date,Link,Day,Season,Team,Opp,Site,Final,Rest,Line,Total,SUm,ATSm,OUm,DPS,DPA,SUr,ATSr,OUr,"ot
Jan","28,",2017,recap,Sat,2016,Bucks,Celtics,home,108-112,0&0,-1.0,218.0,-4,-5.0,2.0,-1.5,3.5,L,L,O,"1
Jan","28,",2017,recap,Sat,2016,Celtics,Bucks,away,112-108,0&0,1.0,218.0,4,5.0,2.0,3.5,-1.5,W,W,O,"1
Jan","28,",2017,recap,Sat,2016,Heat,Pistons,home,116-103,0&4,2.5,203.0,13,15.5,16.0,15.8,0.2,W,W,O,"0
Jan","28,",2017,recap,Sat,2016,Pistons,Heat,away,103-116,4&0,-2.5,203.0,-13,-15.5,16.0,0.2,15.8,L,L,O,"0
Jan","28,",2017,recap,Sat,2016,Hornets,Kings,home,106-109,0&0,-6.5,208.0,-3,-9.5,7.0,-1.2,8.2,L,L,O,"0
Jan","28,",2017,recap,Sat,2016,Kings,Hornets,away,109-106,0&0,6.5,208.0,3,9.5,7.0,8.2,-1.2,W,W,O,"0
Jan","28,",2017,recap,Sat,2016,Jazz,Grizzlies,home,95-102,1&0,-7.0,191.0,-7,-14.0,6.0,-4.0,10.0,L,L,O,"0
Jan","28,",2017,recap,Sat,2016,Grizzlies,Jazz,away,102-95,0&1,7.0,191.0,7,14.0,6.0,10.0,-4.0,W,W,O,"0
Jan","28,",2017,recap,Sat,2016,Suns,Nuggets,home,112-123,1&1,-3.0,230.5,-11,-14.0,4.5,-4.8,9.2,L,L,O,"0
Jan","28,",2017,recap,Sat,2016,Nuggets,Suns,away,123-112,1&1,3.0,230.5,11,14.0,4.5,9.2,-4.8,W,W,O,"0
Jan","28,",2017,recap,Sat,2016,Timberwolves,Nets,home,129-109,1&0,-11.5,220.5,20,8.5,17.5,13.0,4.5,W,W,O,"0
Jan","28,",2017,recap,Sat,2016,Nets,Timberwolves,away,109-129,0&1,11.5,220.5,-20,-8.5,17.5,4.5,13.0,L,L,O,"0
Jan","28,",2017,recap,Sat,2016,Warriors,Clippers,home,144-98,2&3,-13.0,224.5,46,33.0,17.5,25.2,-7.8,W,W,O,"0
Jan","28,",2017,recap,Sat,2016,Clippers,Warriors,away,98-144,3&2,13.0,224.5,-46,-33.0,17.5,-7.8,25.2,L,L,O,0
