Date,Link,Day,Season,Team,Opp,Site,Final,Rest,Line,Total,SUm,ATSm,OUm,DPS,DPA,SUr,ATSr,OUr,"ot
Mar","23,",2017,recap,Thu,2016,Heat,Raptors,home,84-101,1&1,-4.0,200.0,-17,-21.0,-15.0,-18.0,3.0,L,L,U,"0
Mar","23,",2017,recap,Thu,2016,Raptors,Heat,away,101-84,1&1,4.0,200.0,17,21.0,-15.0,3.0,-18.0,W,W,U,"0
Mar","23,",2017,recap,Thu,2016,Mavericks,Clippers,home,97-95,1&1,4.0,204.0,2,6.0,-12.0,-3.0,-9.0,W,W,U,"0
Mar","23,",2017,recap,Thu,2016,Clippers,Mavericks,away,95-97,1&1,-4.0,204.0,-2,-6.0,-12.0,-9.0,-3.0,L,L,U,"0
Mar","23,",2017,recap,Thu,2016,Nets,Suns,home,126-98,1&1,-6.0,224.0,28,22.0,0.0,11.0,-11.0,W,W,P,"0
Mar","23,",2017,recap,Thu,2016,Suns,Nets,away,98-126,1&1,6.0,224.0,-28,-22.0,0.0,-11.0,11.0,L,L,P,"0
Mar","23,",2017,recap,Thu,2016,Spurs,Grizzlies,home,97-90,1&1,-8.0,196.5,7,-1.0,-9.5,-5.2,-4.2,W,L,U,"0
Mar","23,",2017,recap,Thu,2016,Grizzlies,Spurs,away,90-97,1&1,8.0,196.5,-7,1.0,-9.5,-4.2,-5.2,L,W,U,"0
Mar","23,",2017,recap,Thu,2016,Trailblazers,Knicks,home,110-95,1&0,-12.5,213.0,15,2.5,-8.0,-2.8,-5.2,W,W,U,"0
Mar","23,",2017,recap,Thu,2016,Knicks,Trailblazers,away,95-110,0&1,12.5,213.0,-15,-2.5,-8.0,-5.2,-2.8,L,L,U,0
