Date,Link,Day,Season,Team,Opp,Site,Final,Rest,Line,Total,SUm,ATSm,OUm,DPS,DPA,SUr,ATSr,OUr,"ot
Apr","12,",2017,recap,Wed,2016,Bulls,Nets,home,112-73,1&1,-15.0,211.5,39,24.0,-26.5,-1.2,-25.2,W,W,U,"0
Apr","12,",2017,recap,Wed,2016,Nets,Bulls,away,73-112,1&1,15.0,211.5,-39,-24.0,-26.5,-25.2,-1.2,L,L,U,"0
Apr","12,",2017,recap,Wed,2016,Cavaliers,Raptors,home,83-98,1&2,3.5,202.0,-15,-11.5,-21.0,-16.2,-4.8,L,L,U,"0
Apr","12,",2017,recap,Wed,2016,Raptors,Cavaliers,away,98-83,2&1,-3.5,202.0,15,11.5,-21.0,-4.8,-16.2,W,W,U,"0
Apr","12,",2017,recap,Wed,2016,Celtics,Bucks,home,112-94,1&1,-14.0,206.0,18,4.0,0.0,2.0,-2.0,W,W,P,"0
Apr","12,",2017,recap,Wed,2016,Bucks,Celtics,away,94-112,1&1,14.0,206.0,-18,-4.0,0.0,-2.0,2.0,L,L,P,"0
Apr","12,",2017,recap,Wed,2016,Clippers,Kings,home,115-95,1&0,-17.0,210.0,20,3.0,0.0,1.5,-1.5,W,W,P,"0
Apr","12,",2017,recap,Wed,2016,Kings,Clippers,away,95-115,0&1,17.0,210.0,-20,-3.0,0.0,-1.5,1.5,L,L,P,"0
Apr","12,",2017,recap,Wed,2016,Grizzlies,Mavericks,home,93-100,2&0,-7.5,192.5,-7,-14.5,0.5,-7.0,7.5,L,L,O,"0
Apr","12,",2017,recap,Wed,2016,Mavericks,Grizzlies,away,100-93,0&2,7.5,192.5,7,14.5,0.5,7.5,-7.0,W,W,O,"0
Apr","12,",2017,recap,Wed,2016,Heat,Wizards,home,110-102,1&1,-10.0,206.0,8,-2.0,6.0,2.0,4.0,W,L,O,"0
Apr","12,",2017,recap,Wed,2016,Wizards,Heat,away,102-110,1&1,10.0,206.0,-8,2.0,6.0,4.0,2.0,L,W,O,"0
Apr","12,",2017,recap,Wed,2016,Jazz,Spurs,home,101-97,1&1,-4.0,192.5,4,0.0,5.5,2.8,2.8,W,P,O,"0
Apr","12,",2017,recap,Wed,2016,Spurs,Jazz,away,97-101,1&1,4.0,192.5,-4,0.0,5.5,2.8,2.8,L,P,O,"0
Apr","12,",2017,recap,Wed,2016,Knicks,Seventysixers,home,114-113,2&1,-1.0,208.0,1,0.0,19.0,9.5,9.5,W,P,O,"0
Apr","12,",2017,recap,Wed,2016,Seventysixers,Knicks,away,113-114,1&2,1.0,208.0,-1,0.0,19.0,9.5,9.5,L,P,O,"0
Apr","12,",2017,recap,Wed,2016,Magic,Pistons,home,113-109,1&1,-2.0,207.5,4,2.0,14.5,8.2,6.2,W,W,O,"0
Apr","12,",2017,recap,Wed,2016,Pistons,Magic,away,109-113,1&1,2.0,207.5,-4,-2.0,14.5,6.2,8.2,L,L,O,"0
Apr","12,",2017,recap,Wed,2016,Pacers,Hawks,home,104-86,1&0,-15.0,199.0,18,3.0,-9.0,-3.0,-6.0,W,W,U,"0
Apr","12,",2017,recap,Wed,2016,Hawks,Pacers,away,86-104,0&1,15.0,199.0,-18,-3.0,-9.0,-6.0,-3.0,L,L,U,"0
Apr","12,",2017,recap,Wed,2016,Rockets,Timberwolves,home,123-118,1&0,-8.0,226.5,5,-3.0,14.5,5.8,8.8,W,L,O,"0
Apr","12,",2017,recap,Wed,2016,Timberwolves,Rockets,away,118-123,0&1,8.0,226.5,-5,3.0,14.5,8.8,5.8,L,W,O,"0
Apr","12,",2017,recap,Wed,2016,Thunder,Nuggets,home,105-111,0&0,-4.5,222.5,-6,-10.5,-6.5,-8.5,2.0,L,L,U,"0
Apr","12,",2017,recap,Wed,2016,Nuggets,Thunder,away,111-105,0&0,4.5,222.5,6,10.5,-6.5,2.0,-8.5,W,W,U,"0
Apr","12,",2017,recap,Wed,2016,Trailblazers,Pelicans,home,100-103,1&0,-5.5,203.0,-3,-8.5,0.0,-4.2,4.2,L,L,P,"0
Apr","12,",2017,recap,Wed,2016,Pelicans,Trailblazers,away,103-100,0&1,5.5,203.0,3,8.5,0.0,4.2,-4.2,W,W,P,"0
Apr","12,",2017,recap,Wed,2016,Warriors,Lakers,home,109-94,1&0,-14.5,220.5,15,0.5,-17.5,-8.5,-9.0,W,W,U,"0
Apr","12,",2017,recap,Wed,2016,Lakers,Warriors,away,94-109,0&1,14.5,220.5,-15,-0.5,-17.5,-9.0,-8.5,L,L,U,0
