Date,Link,Day,Season,Team,Opp,Site,Final,Rest,Line,Total,SUm,ATSm,OUm,DPS,DPA,SUr,ATSr,OUr,"ot
Dec","17,",2017,recap,Sun,2017,Nets,Pacers,home,97-109,1&1,3.5,217.0,-12,-8.5,-11.0,-9.8,-1.2,L,L,U,"0
Dec","17,",2017,recap,Sun,2017,Pacers,Nets,away,109-97,1&1,-3.5,217.0,12,8.5,-11.0,-1.2,-9.8,W,W,U,"0
Dec","17,",2017,recap,Sun,2017,Pistons,Magic,home,114-110,1&1,-9.0,203.5,4,-5.0,20.5,7.8,12.8,W,L,O,"0
Dec","17,",2017,recap,Sun,2017,Magic,Pistons,away,110-114,1&1,9.0,203.5,-4,5.0,20.5,12.8,7.8,L,W,O,"0
Dec","17,",2017,recap,Sun,2017,Raptors,Kings,home,108-93,1&2,-12.5,204.0,15,2.5,-3.0,-0.2,-2.8,W,W,U,"0
Dec","17,",2017,recap,Sun,2017,Kings,Raptors,away,93-108,2&1,12.5,204.0,-15,-2.5,-3.0,-2.8,-0.2,L,L,U,"0
Dec","17,",2017,recap,Sun,2017,Wizards,Cavaliers,home,99-106,1&0,0.0,212.5,-7,-7.0,-7.5,-7.2,-0.2,L,L,U,"0
Dec","17,",2017,recap,Sun,2017,Cavaliers,Wizards,away,106-99,0&1,0.0,212.5,7,7.0,-7.5,-0.2,-7.2,W,W,U,0
