Date,Link,Day,Season,Team,Opp,Site,Final,Rest,Line,Total,SUm,ATSm,OUm,DPS,DPA,SUr,ATSr,OUr,"ot
Dec","03,",2017,recap,Sun,2017,Heat,Warriors,home,95-123,1&1,10.5,218.5,-28,-17.5,-0.5,-9.0,8.5,L,L,U,"0
Dec","03,",2017,recap,Sun,2017,Warriors,Heat,away,123-95,1&1,-10.5,218.5,28,17.5,-0.5,8.5,-9.0,W,W,U,"0
Dec","03,",2017,recap,Sun,2017,Knicks,Magic,home,100-105,3&1,2.0,212.0,-5,-3.0,-7.0,-5.0,-2.0,L,L,U,"0
Dec","03,",2017,recap,Sun,2017,Magic,Knicks,away,105-100,1&3,-2.0,212.0,5,3.0,-7.0,-2.0,-5.0,W,W,U,"0
Dec","03,",2017,recap,Sun,2017,Lakers,Rockets,home,95-118,0&3,12.5,224.0,-23,-10.5,-11.0,-10.8,-0.2,L,L,U,"0
Dec","03,",2017,recap,Sun,2017,Rockets,Lakers,away,118-95,3&0,-12.5,224.0,23,10.5,-11.0,-0.2,-10.8,W,W,U,"0
Dec","03,",2017,recap,Sun,2017,Thunder,Spurs,home,90-87,1&1,-5.5,198.5,3,-2.5,-21.5,-12.0,-9.5,W,L,U,"0
Dec","03,",2017,recap,Sun,2017,Spurs,Thunder,away,87-90,1&1,5.5,198.5,-3,2.5,-21.5,-9.5,-12.0,L,W,U,"0
Dec","03,",2017,recap,Sun,2017,Timberwolves,Clippers,home,112-106,1&0,-12.0,213.5,6,-6.0,4.5,-0.8,5.2,W,L,O,"0
Dec","03,",2017,recap,Sun,2017,Clippers,Timberwolves,away,106-112,0&1,12.0,213.5,-6,6.0,4.5,5.2,-0.8,L,W,O,0
