Date,Link,Day,Season,Team,Opp,Site,Final,Rest,Line,Total,SUm,ATSm,OUm,DPS,DPA,SUr,ATSr,OUr,"ot
Dec","15,",2017,recap,Fri,2017,Bucks,Bulls,home,109-115,1&1,-9.0,205.5,-6,-15.0,18.5,1.8,16.8,L,L,O,"0
Dec","15,",2017,recap,Fri,2017,Bulls,Bucks,away,115-109,1&1,9.0,205.5,6,15.0,18.5,16.8,1.8,W,W,O,"0
Dec","15,",2017,recap,Fri,2017,Celtics,Jazz,home,95-107,1&1,-4.5,198.5,-12,-16.5,3.5,-6.5,10.0,L,L,O,"0
Dec","15,",2017,recap,Fri,2017,Jazz,Celtics,away,107-95,1&1,4.5,198.5,12,16.5,3.5,10.0,-6.5,W,W,O,"0
Dec","15,",2017,recap,Fri,2017,Grizzlies,Hawks,home,96-94,1&0,-6.0,198.5,2,-4.0,-8.5,-6.2,-2.2,W,L,U,"0
Dec","15,",2017,recap,Fri,2017,Hawks,Grizzlies,away,94-96,0&1,6.0,198.5,-2,4.0,-8.5,-2.2,-6.2,L,W,U,"0
Dec","15,",2017,recap,Fri,2017,Hornets,Heat,home,98-104,1&1,-5.0,203.0,-6,-11.0,-1.0,-6.0,5.0,L,L,U,"0
Dec","15,",2017,recap,Fri,2017,Heat,Hornets,away,104-98,1&1,5.0,203.0,6,11.0,-1.0,5.0,-6.0,W,W,U,"0
Dec","15,",2017,recap,Fri,2017,Magic,Trailblazers,home,88-95,1&1,4.5,208.0,-7,-2.5,-25.0,-13.8,-11.2,L,L,U,"0
Dec","15,",2017,recap,Fri,2017,Trailblazers,Magic,away,95-88,1&1,-4.5,208.0,7,2.5,-25.0,-11.2,-13.8,W,W,U,"0
Dec","15,",2017,recap,Fri,2017,Nuggets,Pelicans,home,117-111,1&1,-1.5,223.5,6,4.5,4.5,4.5,0.0,W,W,O,"1
Dec","15,",2017,recap,Fri,2017,Pelicans,Nuggets,away,111-117,1&1,1.5,223.5,-6,-4.5,4.5,0.0,4.5,L,L,O,"1
Dec","15,",2017,recap,Fri,2017,Pacers,Pistons,home,98-104,1&0,-4.5,207.5,-6,-10.5,-5.5,-8.0,2.5,L,L,U,"0
Dec","15,",2017,recap,Fri,2017,Pistons,Pacers,away,104-98,0&1,4.5,207.5,6,10.5,-5.5,2.5,-8.0,W,W,U,"0
Dec","15,",2017,recap,Fri,2017,Raptors,Nets,home,120-87,1&0,-12.5,218.5,33,20.5,-11.5,4.5,-16.0,W,W,U,"0
Dec","15,",2017,recap,Fri,2017,Nets,Raptors,away,87-120,0&1,12.5,218.5,-33,-20.5,-11.5,-16.0,4.5,L,L,U,"0
Dec","15,",2017,recap,Fri,2017,Rockets,Spurs,home,124-109,1&2,-8.0,213.5,15,7.0,19.5,13.2,6.2,W,W,O,"0
Dec","15,",2017,recap,Fri,2017,Spurs,Rockets,away,109-124,2&1,8.0,213.5,-15,-7.0,19.5,6.2,13.2,L,L,O,"0
Dec","15,",2017,recap,Fri,2017,Seventysixers,Thunder,home,117-119,2&1,-1.5,213.5,-2,-3.5,22.5,9.5,13.0,L,L,O,"3
Dec","15,",2017,recap,Fri,2017,Thunder,Seventysixers,away,119-117,1&2,1.5,213.5,2,3.5,22.5,13.0,9.5,W,W,O,"3
Dec","15,",2017,recap,Fri,2017,Wizards,Clippers,home,100-91,1&1,-9.5,208.5,9,-0.5,-17.5,-9.0,-8.5,W,L,U,"0
Dec","15,",2017,recap,Fri,2017,Clippers,Wizards,away,91-100,1&1,9.5,208.5,-9,0.5,-17.5,-8.5,-9.0,L,W,U,0
