Date,Link,Day,Season,Team,Opp,Site,Final,Rest,Line,Total,SUm,ATSm,OUm,DPS,DPA,SUr,ATSr,OUr,"ot
Apr","11,",2017,recap,Tue,2016,Hawks,Hornets,home,103-76,1&0,-8.5,205.0,27,18.5,-26.0,-3.8,-22.2,W,W,U,"0
Apr","11,",2017,recap,Tue,2016,Hornets,Hawks,away,76-103,0&1,8.5,205.0,-27,-18.5,-26.0,-22.2,-3.8,L,L,U,"0
Apr","11,",2017,recap,Tue,2016,Kings,Suns,home,129-104,1&1,-4.5,218.0,25,20.5,15.0,17.8,-2.8,W,W,O,"0
Apr","11,",2017,recap,Tue,2016,Suns,Kings,away,104-129,1&1,4.5,218.0,-25,-20.5,15.0,-2.8,17.8,L,L,O,"0
Apr","11,",2017,recap,Tue,2016,Lakers,Pelicans,home,108-96,1&2,-3.0,219.0,12,9.0,-15.0,-3.0,-12.0,W,W,U,"0
Apr","11,",2017,recap,Tue,2016,Pelicans,Lakers,away,96-108,2&1,3.0,219.0,-12,-9.0,-15.0,-12.0,-3.0,L,L,U,"0
Apr","11,",2017,recap,Tue,2016,Mavericks,Nuggets,home,91-109,1&1,-1.0,213.0,-18,-19.0,-13.0,-16.0,3.0,L,L,U,"0
Apr","11,",2017,recap,Tue,2016,Nuggets,Mavericks,away,109-91,1&1,1.0,213.0,18,19.0,-13.0,3.0,-16.0,W,W,U,"0
Apr","11,",2017,recap,Tue,2016,Timberwolves,Thunder,home,98-100,1&1,-4.5,206.0,-2,-6.5,-8.0,-7.2,-0.8,L,L,U,"0
Apr","11,",2017,recap,Tue,2016,Thunder,Timberwolves,away,100-98,1&1,4.5,206.0,2,6.5,-8.0,-0.8,-7.2,W,W,U,0
