Date,Link,Day,Season,Team,Opp,Site,Final,Rest,Line,Total,SUm,ATSm,OUm,DPS,DPA,SUr,ATSr,OUr,"ot
Nov","28,",2017,recap,Tue,2017,Bulls,Suns,home,99-104,1&1,0.0,212.5,-5,-5.0,-9.5,-7.2,-2.2,L,L,U,"0
Nov","28,",2017,recap,Tue,2017,Suns,Bulls,away,104-99,1&1,-0.0,212.5,5,5.0,-9.5,-2.2,-7.2,W,W,U,"0
Nov","28,",2017,recap,Tue,2017,Cavaliers,Heat,home,108-97,0&1,-4.5,207.5,11,6.5,-2.5,2.0,-4.5,W,W,U,"0
Nov","28,",2017,recap,Tue,2017,Heat,Cavaliers,away,97-108,1&0,4.5,207.5,-11,-6.5,-2.5,-4.5,2.0,L,L,U,"0
Nov","28,",2017,recap,Tue,2017,Jazz,Nuggets,home,106-77,2&3,-2.0,205.5,29,27.0,-22.5,2.2,-24.8,W,W,U,"0
Nov","28,",2017,recap,Tue,2017,Nuggets,Jazz,away,77-106,3&2,2.0,205.5,-29,-27.0,-22.5,-24.8,2.2,L,L,U,"0
Nov","28,",2017,recap,Tue,2017,Kings,Bucks,home,87-112,0&2,6.0,198.5,-25,-19.0,0.5,-9.2,9.8,L,L,O,"0
Nov","28,",2017,recap,Tue,2017,Bucks,Kings,away,112-87,2&0,-6.0,198.5,25,19.0,0.5,9.8,-9.2,W,W,O,"0
Nov","28,",2017,recap,Tue,2017,Timberwolves,Wizards,home,89-92,1&2,-5.0,210.0,-3,-8.0,-29.0,-18.5,-10.5,L,L,U,"0
Nov","28,",2017,recap,Tue,2017,Wizards,Timberwolves,away,92-89,2&1,5.0,210.0,3,8.0,-29.0,-10.5,-18.5,W,W,U,0
