Date,Link,Day,Season,Team,Opp,Site,Final,Rest,Line,Total,SUm,ATSm,OUm,DPS,DPA,SUr,ATSr,OUr,"ot
Nov","16,",2017,recap,Thu,2017,Celtics,Warriors,home,92-88,1&2,7.5,217.0,4,11.5,-37.0,-12.8,-24.2,W,W,U,"0
Nov","16,",2017,recap,Thu,2017,Warriors,Celtics,away,88-92,2&1,-7.5,217.0,-4,-11.5,-37.0,-24.2,-12.8,L,L,U,"0
Nov","16,",2017,recap,Thu,2017,Suns,Rockets,home,116-142,2&1,13.0,228.0,-26,-13.0,30.0,8.5,21.5,L,L,O,"0
Nov","16,",2017,recap,Thu,2017,Rockets,Suns,away,142-116,1&2,-13.0,228.0,26,13.0,30.0,21.5,8.5,W,W,O,0
