Date,Link,Day,Season,Team,Opp,Site,Final,Rest,Line,Total,SUm,ATSm,OUm,DPS,DPA,SUr,ATSr,OUr,"ot
Mar","29,",2017,recap,Wed,2016,Celtics,Bucks,home,100-103,2&0,-7.5,209.0,-3,-10.5,-6.0,-8.2,2.2,L,L,U,"0
Mar","29,",2017,recap,Wed,2016,Bucks,Celtics,away,103-100,0&2,7.5,209.0,3,10.5,-6.0,2.2,-8.2,W,W,U,"0
Mar","29,",2017,recap,Wed,2016,Clippers,Wizards,home,133-124,2&0,-6.5,220.5,9,2.5,36.5,19.5,17.0,W,W,O,"0
Mar","29,",2017,recap,Wed,2016,Wizards,Clippers,away,124-133,0&2,6.5,220.5,-9,-2.5,36.5,17.0,19.5,L,L,O,"0
Mar","29,",2017,recap,Wed,2016,Grizzlies,Pacers,home,110-97,1&0,-5.0,197.0,13,8.0,10.0,9.0,1.0,W,W,O,"0
Mar","29,",2017,recap,Wed,2016,Pacers,Grizzlies,away,97-110,0&1,5.0,197.0,-13,-8.0,10.0,1.0,9.0,L,L,O,"0
Mar","29,",2017,recap,Wed,2016,Kings,Jazz,home,82-112,1&1,7.5,194.5,-30,-22.5,-0.5,-11.5,11.0,L,L,U,"0
Mar","29,",2017,recap,Wed,2016,Jazz,Kings,away,112-82,1&1,-7.5,194.5,30,22.5,-0.5,11.0,-11.5,W,W,U,"0
Mar","29,",2017,recap,Wed,2016,Knicks,Heat,home,88-105,1&0,3.0,207.5,-17,-14.0,-14.5,-14.2,-0.2,L,L,U,"0
Mar","29,",2017,recap,Wed,2016,Heat,Knicks,away,105-88,0&1,-3.0,207.5,17,14.0,-14.5,-0.2,-14.2,W,W,U,"0
Mar","29,",2017,recap,Wed,2016,Magic,Thunder,home,106-114,1&1,6.0,219.5,-8,-2.0,0.5,-0.8,1.2,L,L,O,"1
Mar","29,",2017,recap,Wed,2016,Thunder,Magic,away,114-106,1&1,-6.0,219.5,8,2.0,0.5,1.2,-0.8,W,W,O,"1
Mar","29,",2017,recap,Wed,2016,Pelicans,Mavericks,home,121-118,1&1,-5.0,201.5,3,-2.0,37.5,17.8,19.8,W,L,O,"0
Mar","29,",2017,recap,Wed,2016,Mavericks,Pelicans,away,118-121,1&1,5.0,201.5,-3,2.0,37.5,19.8,17.8,L,W,O,"0
Mar","29,",2017,recap,Wed,2016,Raptors,Hornets,home,106-110,1&0,-6.0,204.0,-4,-10.0,12.0,1.0,11.0,L,L,O,"0
Mar","29,",2017,recap,Wed,2016,Hornets,Raptors,away,110-106,0&1,6.0,204.0,4,10.0,12.0,11.0,1.0,W,W,O,"0
Mar","29,",2017,recap,Wed,2016,Seventysixers,Hawks,home,92-99,0&0,2.0,209.0,-7,-5.0,-18.0,-11.5,-6.5,L,L,U,"0
Mar","29,",2017,recap,Wed,2016,Hawks,Seventysixers,away,99-92,0&0,-2.0,209.0,7,5.0,-18.0,-6.5,-11.5,W,W,U,"0
Mar","29,",2017,recap,Wed,2016,Spurs,Warriors,home,98-110,1&0,-4.0,208.0,-12,-16.0,0.0,-8.0,8.0,L,L,P,"0
Mar","29,",2017,recap,Wed,2016,Warriors,Spurs,away,110-98,0&1,4.0,208.0,12,16.0,0.0,8.0,-8.0,W,W,P,0
