Date,Link,Day,Season,Team,Opp,Site,Final,Rest,Line,Total,SUm,ATSm,OUm,DPS,DPA,SUr,ATSr,OUr,"ot
Nov","29,",2017,recap,Wed,2017,Knicks,Heat,home,115-86,1&0,-1.5,202.5,29,27.5,-1.5,13.0,-14.5,W,W,U,"0
Nov","29,",2017,recap,Wed,2017,Heat,Knicks,away,86-115,0&1,1.5,202.5,-29,-27.5,-1.5,-14.5,13.0,L,L,U,"0
Nov","29,",2017,recap,Wed,2017,Lakers,Warriors,home,123-127,1&1,10.5,228.0,-4,6.5,22.0,14.2,7.8,L,W,O,"1
Nov","29,",2017,recap,Wed,2017,Warriors,Lakers,away,127-123,1&1,-10.5,228.0,4,-6.5,22.0,7.8,14.2,W,L,O,"1
Nov","29,",2017,recap,Wed,2017,Magic,Thunder,home,121-108,1&3,6.0,213.0,13,19.0,16.0,17.5,-1.5,W,W,O,"0
Nov","29,",2017,recap,Wed,2017,Thunder,Magic,away,108-121,3&1,-6.0,213.0,-13,-19.0,16.0,-1.5,17.5,L,L,O,"0
Nov","29,",2017,recap,Wed,2017,Mavericks,Nets,home,104-109,1&1,-5.5,210.5,-5,-10.5,2.5,-4.0,6.5,L,L,O,"0
Nov","29,",2017,recap,Wed,2017,Nets,Mavericks,away,109-104,1&1,5.5,210.5,5,10.5,2.5,6.5,-4.0,W,W,O,"0
Nov","29,",2017,recap,Wed,2017,Pelicans,Timberwolves,home,102-120,3&0,-5.5,218.0,-18,-23.5,4.0,-9.8,13.8,L,L,O,"0
Nov","29,",2017,recap,Wed,2017,Timberwolves,Pelicans,away,120-102,0&3,5.5,218.0,18,23.5,4.0,13.8,-9.8,W,W,O,"0
Nov","29,",2017,recap,Wed,2017,Pistons,Suns,home,131-107,1&0,-12.0,218.0,24,12.0,20.0,16.0,4.0,W,W,O,"0
Nov","29,",2017,recap,Wed,2017,Suns,Pistons,away,107-131,0&1,12.0,218.0,-24,-12.0,20.0,4.0,16.0,L,L,O,"0
Nov","29,",2017,recap,Wed,2017,Raptors,Hornets,home,126-113,3&3,-8.0,206.0,13,5.0,33.0,19.0,14.0,W,W,O,"0
Nov","29,",2017,recap,Wed,2017,Hornets,Raptors,away,113-126,3&3,8.0,206.0,-13,-5.0,33.0,14.0,19.0,L,L,O,"0
Nov","29,",2017,recap,Wed,2017,Rockets,Pacers,home,118-97,1&1,-12.0,223.0,21,9.0,-8.0,0.5,-8.5,W,W,U,"0
Nov","29,",2017,recap,Wed,2017,Pacers,Rockets,away,97-118,1&1,12.0,223.0,-21,-9.0,-8.0,-8.5,0.5,L,L,U,"0
Nov","29,",2017,recap,Wed,2017,Seventysixers,Wizards,home,118-113,1&0,-5.5,213.0,5,-0.5,18.0,8.8,9.2,W,L,O,"0
Nov","29,",2017,recap,Wed,2017,Wizards,Seventysixers,away,113-118,0&1,5.5,213.0,-5,0.5,18.0,9.2,8.8,L,W,O,"0
Nov","29,",2017,recap,Wed,2017,Spurs,Grizzlies,home,104-95,1&2,-8.5,195.5,9,0.5,3.5,2.0,1.5,W,W,O,"0
Nov","29,",2017,recap,Wed,2017,Grizzlies,Spurs,away,95-104,2&1,8.5,195.5,-9,-0.5,3.5,1.5,2.0,L,L,O,0
