Date,Link,Day,Season,Team,Opp,Site,Final,Rest,Line,Total,SUm,ATSm,OUm,DPS,DPA,SUr,ATSr,OUr,"ot
Dec","27,",2017,recap,Wed,2017,Bulls,Knicks,home,92-87,0&1,-2.0,207.5,5,3.0,-28.5,-12.8,-15.8,W,W,U,"0
Dec","27,",2017,recap,Wed,2017,Knicks,Bulls,away,87-92,1&0,2.0,207.5,-5,-3.0,-28.5,-15.8,-12.8,L,L,U,"0
Dec","27,",2017,recap,Wed,2017,Hawks,Wizards,home,113-99,3&1,5.5,212.5,14,19.5,-0.5,9.5,-10.0,W,W,U,"0
Dec","27,",2017,recap,Wed,2017,Wizards,Hawks,away,99-113,1&3,-5.5,212.5,-14,-19.5,-0.5,-10.0,9.5,L,L,U,"0
Dec","27,",2017,recap,Wed,2017,Hornets,Celtics,home,91-102,3&1,1.0,206.5,-11,-10.0,-13.5,-11.8,-1.8,L,L,U,"0
Dec","27,",2017,recap,Wed,2017,Celtics,Hornets,away,102-91,1&3,-1.0,206.5,11,10.0,-13.5,-1.8,-11.8,W,W,U,"0
Dec","27,",2017,recap,Wed,2017,Kings,Cavaliers,home,109-95,0&1,9.0,207.5,14,23.0,-3.5,9.8,-13.2,W,W,U,"0
Dec","27,",2017,recap,Wed,2017,Cavaliers,Kings,away,95-109,1&0,-9.0,207.5,-14,-23.0,-3.5,-13.2,9.8,L,L,U,"0
Dec","27,",2017,recap,Wed,2017,Lakers,Grizzlies,home,99-109,1&0,-2.5,202.0,-10,-12.5,6.0,-3.2,9.2,L,L,O,"0
Dec","27,",2017,recap,Wed,2017,Grizzlies,Lakers,away,109-99,0&1,2.5,202.0,10,12.5,6.0,9.2,-3.2,W,W,O,"0
Dec","27,",2017,recap,Wed,2017,Pacers,Mavericks,home,94-98,0&0,-4.0,203.0,-4,-8.0,-11.0,-9.5,-1.5,L,L,U,"0
Dec","27,",2017,recap,Wed,2017,Mavericks,Pacers,away,98-94,0&0,4.0,203.0,4,8.0,-11.0,-1.5,-9.5,W,W,U,"0
Dec","27,",2017,recap,Wed,2017,Pelicans,Nets,home,128-113,3&0,-10.5,221.5,15,4.5,19.5,12.0,7.5,W,W,O,"0
Dec","27,",2017,recap,Wed,2017,Nets,Pelicans,away,113-128,0&3,10.5,221.5,-15,-4.5,19.5,7.5,12.0,L,L,O,"0
Dec","27,",2017,recap,Wed,2017,Thunder,Raptors,home,124-107,1&0,-4.0,211.0,17,13.0,20.0,16.5,3.5,W,W,O,"0
Dec","27,",2017,recap,Wed,2017,Raptors,Thunder,away,107-124,0&1,4.0,211.0,-17,-13.0,20.0,3.5,16.5,L,L,O,"0
Dec","27,",2017,recap,Wed,2017,Timberwolves,Nuggets,home,128-125,1&0,-5.0,214.5,3,-2.0,38.5,18.2,20.2,W,L,O,"1
Dec","27,",2017,recap,Wed,2017,Nuggets,Timberwolves,away,125-128,0&1,5.0,214.5,-3,2.0,38.5,20.2,18.2,L,W,O,"1
Dec","27,",2017,recap,Wed,2017,Warriors,Jazz,home,126-101,1&0,-12.0,205.5,25,13.0,21.5,17.2,4.2,W,W,O,"0
Dec","27,",2017,recap,Wed,2017,Jazz,Warriors,away,101-126,0&1,12.0,205.5,-25,-13.0,21.5,4.2,17.2,L,L,O,0
