Date,Link,Day,Season,Team,Opp,Site,Final,Rest,Line,Total,SUm,ATSm,OUm,DPS,DPA,SUr,ATSr,OUr,"ot
Dec","04,",2017,recap,Mon,2017,Bulls,Cavaliers,home,91-113,2&1,9.5,210.5,-22,-12.5,-6.5,-9.5,3.0,L,L,U,"0
Dec","04,",2017,recap,Mon,2017,Cavaliers,Bulls,away,113-91,1&2,-9.5,210.5,22,12.5,-6.5,3.0,-9.5,W,W,U,"0
Dec","04,",2017,recap,Mon,2017,Celtics,Bucks,home,111-100,1&1,-5.5,203.5,11,5.5,7.5,6.5,1.0,W,W,O,"0
Dec","04,",2017,recap,Mon,2017,Bucks,Celtics,away,100-111,1&1,5.5,203.5,-11,-5.5,7.5,1.0,6.5,L,L,O,"0
Dec","04,",2017,recap,Mon,2017,Grizzlies,Timberwolves,home,95-92,1&0,2.5,201.5,3,5.5,-14.5,-4.5,-10.0,W,W,U,"0
Dec","04,",2017,recap,Mon,2017,Timberwolves,Grizzlies,away,92-95,0&1,-2.5,201.5,-3,-5.5,-14.5,-10.0,-4.5,L,L,U,"0
Dec","04,",2017,recap,Mon,2017,Hawks,Nets,home,90-110,1&1,-1.0,218.0,-20,-21.0,-18.0,-19.5,1.5,L,L,U,"0
Dec","04,",2017,recap,Mon,2017,Nets,Hawks,away,110-90,1&1,1.0,218.0,20,21.0,-18.0,1.5,-19.5,W,W,U,"0
Dec","04,",2017,recap,Mon,2017,Hornets,Magic,home,104-94,2&0,-8.0,218.5,10,2.0,-20.5,-9.2,-11.2,W,W,U,"0
Dec","04,",2017,recap,Mon,2017,Magic,Hornets,away,94-104,0&2,8.0,218.5,-10,-2.0,-20.5,-11.2,-9.2,L,L,U,"0
Dec","04,",2017,recap,Mon,2017,Jazz,Wizards,home,116-69,2&2,-3.5,197.0,47,43.5,-12.0,15.8,-27.8,W,W,U,"0
Dec","04,",2017,recap,Mon,2017,Wizards,Jazz,away,69-116,2&2,3.5,197.0,-47,-43.5,-12.0,-27.8,15.8,L,L,U,"0
Dec","04,",2017,recap,Mon,2017,Mavericks,Nuggets,home,122-105,1&1,-3.0,209.0,17,14.0,18.0,16.0,2.0,W,W,O,"0
Dec","04,",2017,recap,Mon,2017,Nuggets,Mavericks,away,105-122,1&1,3.0,209.0,-17,-14.0,18.0,2.0,16.0,L,L,O,"0
Dec","04,",2017,recap,Mon,2017,Pacers,Knicks,home,115-97,2&0,-11.0,211.5,18,7.0,0.5,3.8,-3.2,W,W,O,"0
Dec","04,",2017,recap,Mon,2017,Knicks,Pacers,away,97-115,0&2,11.0,211.5,-18,-7.0,0.5,-3.2,3.8,L,L,O,"0
Dec","04,",2017,recap,Mon,2017,Pelicans,Warriors,home,115-125,1&0,9.0,228.0,-10,-1.0,12.0,5.5,6.5,L,L,O,"0
Dec","04,",2017,recap,Mon,2017,Warriors,Pelicans,away,125-115,0&1,-9.0,228.0,10,1.0,12.0,6.5,5.5,W,W,O,"0
Dec","04,",2017,recap,Mon,2017,Seventysixers,Suns,home,101-115,1&1,-10.5,227.0,-14,-24.5,-11.0,-17.8,6.8,L,L,U,"0
Dec","04,",2017,recap,Mon,2017,Suns,Seventysixers,away,115-101,1&1,10.5,227.0,14,24.5,-11.0,6.8,-17.8,W,W,U,"0
Dec","04,",2017,recap,Mon,2017,Spurs,Pistons,home,96-93,0&1,-3.5,198.5,3,-0.5,-9.5,-5.0,-4.5,W,L,U,"0
Dec","04,",2017,recap,Mon,2017,Pistons,Spurs,away,93-96,1&0,3.5,198.5,-3,0.5,-9.5,-4.5,-5.0,L,W,U,0
