Date,Link,Day,Season,Team,Opp,Site,Final,Rest,Line,Total,SUm,ATSm,OUm,DPS,DPA,SUr,ATSr,OUr,"ot
Nov","03,",2017,recap,Fri,2017,Hawks,Rockets,home,104-119,1&1,9.0,214.0,-15,-6.0,9.0,1.5,7.5,L,L,O,"0
Nov","03,",2017,recap,Fri,2017,Rockets,Hawks,away,119-104,1&1,-9.0,214.0,15,6.0,9.0,7.5,1.5,W,W,O,"0
Nov","03,",2017,recap,Fri,2017,Jazz,Raptors,home,100-109,1&1,-1.5,195.5,-9,-10.5,13.5,1.5,12.0,L,L,O,"0
Nov","03,",2017,recap,Fri,2017,Raptors,Jazz,away,109-100,1&1,1.5,195.5,9,10.5,13.5,12.0,1.5,W,W,O,"0
Nov","03,",2017,recap,Fri,2017,Knicks,Suns,home,120-107,1&1,-4.5,222.5,13,8.5,4.5,6.5,-2.0,W,W,O,"0
Nov","03,",2017,recap,Fri,2017,Suns,Knicks,away,107-120,1&1,4.5,222.5,-13,-8.5,4.5,-2.0,6.5,L,L,O,"0
Nov","03,",2017,recap,Fri,2017,Lakers,Nets,home,124-112,0&2,-3.0,227.0,12,9.0,9.0,9.0,0.0,W,W,O,"0
Nov","03,",2017,recap,Fri,2017,Nets,Lakers,away,112-124,2&0,3.0,227.0,-12,-9.0,9.0,0.0,9.0,L,L,O,"0
Nov","03,",2017,recap,Fri,2017,Magic,Bulls,home,83-105,1&1,-8.0,204.5,-22,-30.0,-16.5,-23.2,6.8,L,L,U,"0
Nov","03,",2017,recap,Fri,2017,Bulls,Magic,away,105-83,1&1,8.0,204.5,22,30.0,-16.5,6.8,-23.2,W,W,U,"0
Nov","03,",2017,recap,Fri,2017,Mavericks,Pelicans,home,94-99,1&1,4.5,211.0,-5,-0.5,-18.0,-9.2,-8.8,L,L,U,"0
Nov","03,",2017,recap,Fri,2017,Pelicans,Mavericks,away,99-94,1&1,-4.5,211.0,5,0.5,-18.0,-8.8,-9.2,W,W,U,"0
Nov","03,",2017,recap,Fri,2017,Nuggets,Heat,home,95-94,1&1,-5.5,213.5,1,-4.5,-24.5,-14.5,-10.0,W,L,U,"0
Nov","03,",2017,recap,Fri,2017,Heat,Nuggets,away,94-95,1&1,5.5,213.5,-1,4.5,-24.5,-10.0,-14.5,L,W,U,"0
Nov","03,",2017,recap,Fri,2017,Pistons,Bucks,home,105-96,2&1,-2.0,204.5,9,7.0,-3.5,1.8,-5.2,W,W,U,"0
Nov","03,",2017,recap,Fri,2017,Bucks,Pistons,away,96-105,1&2,2.0,204.5,-9,-7.0,-3.5,-5.2,1.8,L,L,U,"0
Nov","03,",2017,recap,Fri,2017,Seventysixers,Pacers,home,121-110,1&1,-5.5,220.0,11,5.5,11.0,8.2,2.8,W,W,O,"0
Nov","03,",2017,recap,Fri,2017,Pacers,Seventysixers,away,110-121,1&1,5.5,220.0,-11,-5.5,11.0,2.8,8.2,L,L,O,"0
Nov","03,",2017,recap,Fri,2017,Spurs,Hornets,home,108-101,0&1,-4.5,199.5,7,2.5,9.5,6.0,3.5,W,W,O,"0
Nov","03,",2017,recap,Fri,2017,Hornets,Spurs,away,101-108,1&0,4.5,199.5,-7,-2.5,9.5,3.5,6.0,L,L,O,"0
Nov","03,",2017,recap,Fri,2017,Thunder,Celtics,home,94-101,2&1,-5.5,204.5,-7,-12.5,-9.5,-11.0,1.5,L,L,U,"0
Nov","03,",2017,recap,Fri,2017,Celtics,Thunder,away,101-94,1&2,5.5,204.5,7,12.5,-9.5,1.5,-11.0,W,W,U,"0
Nov","03,",2017,recap,Fri,2017,Wizards,Cavaliers,home,122-130,1&1,-3.5,225.0,-8,-11.5,27.0,7.8,19.2,L,L,O,"0
Nov","03,",2017,recap,Fri,2017,Cavaliers,Wizards,away,130-122,1&1,3.5,225.0,8,11.5,27.0,19.2,7.8,W,W,O,0
