Date,Link,Day,Season,Team,Opp,Site,Final,Rest,Line,Total,SUm,ATSm,OUm,DPS,DPA,SUr,ATSr,OUr,"ot
Feb","05,",2017,recap,Sun,2016,Celtics,Clippers,home,107-102,1&2,-5.5,221.0,5,-0.5,-12.0,-6.2,-5.8,W,L,U,"0
Feb","05,",2017,recap,Sun,2016,Clippers,Celtics,away,102-107,2&1,5.5,221.0,-5,0.5,-12.0,-5.8,-6.2,L,W,U,"0
Feb","05,",2017,recap,Sun,2016,Nets,Raptors,home,95-103,1&1,7.0,216.0,-8,-1.0,-18.0,-9.5,-8.5,L,L,U,"0
Feb","05,",2017,recap,Sun,2016,Raptors,Nets,away,103-95,1&1,-7.0,216.0,8,1.0,-18.0,-8.5,-9.5,W,W,U,"0
Feb","05,",2017,recap,Sun,2016,Thunder,Trailblazers,home,105-99,1&1,-4.5,217.0,6,1.5,-13.0,-5.8,-7.2,W,W,U,"0
Feb","05,",2017,recap,Sun,2016,Trailblazers,Thunder,away,99-105,1&1,4.5,217.0,-6,-1.5,-13.0,-7.2,-5.8,L,L,U,0
