Date,Link,Day,Season,Team,Opp,Site,Final,Rest,Line,Total,SUm,ATSm,OUm,DPS,DPA,SUr,ATSr,OUr,"ot
Feb","25,",2017,recap,Sat,2016,Cavaliers,Bulls,home,99-117,1&0,-6.0,211.5,-18,-24.0,4.5,-9.8,14.2,L,L,O,"0
Feb","25,",2017,recap,Sat,2016,Bulls,Cavaliers,away,117-99,0&1,6.0,211.5,18,24.0,4.5,14.2,-9.8,W,W,O,"0
Feb","25,",2017,recap,Sat,2016,Heat,Pacers,home,113-95,0&0,-4.5,208.0,18,13.5,0.0,6.8,-6.8,W,W,P,"0
Feb","25,",2017,recap,Sat,2016,Pacers,Heat,away,95-113,0&0,4.5,208.0,-18,-13.5,0.0,-6.8,6.8,L,L,P,"0
Feb","25,",2017,recap,Sat,2016,Kings,Hornets,home,85-99,1&1,3.5,207.5,-14,-10.5,-23.5,-17.0,-6.5,L,L,U,"0
Feb","25,",2017,recap,Sat,2016,Hornets,Kings,away,99-85,1&1,-3.5,207.5,14,10.5,-23.5,-6.5,-17.0,W,W,U,"0
Feb","25,",2017,recap,Sat,2016,Knicks,Seventysixers,home,110-109,1&0,-5.5,219.0,1,-4.5,0.0,-2.2,2.2,W,L,P,"0
Feb","25,",2017,recap,Sat,2016,Seventysixers,Knicks,away,109-110,0&1,5.5,219.0,-1,4.5,0.0,2.2,-2.2,L,W,P,"0
Feb","25,",2017,recap,Sat,2016,Magic,Hawks,home,105-86,1&0,3.5,208.0,19,22.5,-17.0,2.8,-19.8,W,W,U,"0
Feb","25,",2017,recap,Sat,2016,Hawks,Magic,away,86-105,0&1,-3.5,208.0,-19,-22.5,-17.0,-19.8,2.8,L,L,U,"0
Feb","25,",2017,recap,Sat,2016,Mavericks,Pelicans,home,96-83,0&1,1.0,204.5,13,14.0,-25.5,-5.8,-19.8,W,W,U,"0
Feb","25,",2017,recap,Sat,2016,Pelicans,Mavericks,away,83-96,1&0,-1.0,204.5,-13,-14.0,-25.5,-19.8,-5.8,L,L,U,"0
Feb","25,",2017,recap,Sat,2016,Rockets,Timberwolves,home,142-130,1&0,-12.0,229.5,12,0.0,42.5,21.2,21.2,W,P,O,"0
Feb","25,",2017,recap,Sat,2016,Timberwolves,Rockets,away,130-142,0&1,12.0,229.5,-12,0.0,42.5,21.2,21.2,L,P,O,"0
Feb","25,",2017,recap,Sat,2016,Warriors,Nets,home,112-95,1&0,-21.0,233.0,17,-4.0,-26.0,-15.0,-11.0,W,L,U,"0
Feb","25,",2017,recap,Sat,2016,Nets,Warriors,away,95-112,0&1,21.0,233.0,-17,4.0,-26.0,-11.0,-15.0,L,W,U,0
