Date,Link,Day,Season,Team,Opp,Site,Final,Rest,Line,Total,SUm,ATSm,OUm,DPS,DPA,SUr,ATSr,OUr,"ot
Nov","06,",2017,recap,Mon,2017,Hawks,Celtics,home,107-110,0&0,8.0,205.0,-3,5.0,12.0,8.5,3.5,L,W,O,"0
Nov","06,",2017,recap,Mon,2017,Celtics,Hawks,away,110-107,0&0,-8.0,205.0,3,-5.0,12.0,3.5,8.5,W,L,O,"0
Nov","06,",2017,recap,Mon,2017,Suns,Nets,home,92-98,0&2,0.0,234.0,-6,-6.0,-44.0,-25.0,-19.0,L,L,U,"0
Nov","06,",2017,recap,Mon,2017,Nets,Suns,away,98-92,2&0,0.0,234.0,6,6.0,-44.0,-19.0,-25.0,W,W,U,"0
Nov","06,",2017,recap,Mon,2017,Warriors,Heat,home,97-80,1&0,-16.0,223.5,17,1.0,-46.5,-22.8,-23.8,W,W,U,"0
Nov","06,",2017,recap,Mon,2017,Heat,Warriors,away,80-97,0&1,16.0,223.5,-17,-1.0,-46.5,-23.8,-22.8,L,L,U,0
