Date,Link,Day,Season,Team,Opp,Site,Final,Rest,Line,Total,SUm,ATSm,OUm,DPS,DPA,SUr,ATSr,OUr,"ot
Feb","15,",2017,recap,Wed,2016,Cavaliers,Pacers,home,113-104,0&1,-6.5,218.0,9,2.5,-1.0,0.8,-1.8,W,W,U,"0
Feb","15,",2017,recap,Wed,2016,Pacers,Cavaliers,away,104-113,1&0,6.5,218.0,-9,-2.5,-1.0,-1.8,0.8,L,L,U,"0
Feb","15,",2017,recap,Wed,2016,Celtics,Seventysixers,home,116-108,1&1,-10.0,219.0,8,-2.0,5.0,1.5,3.5,W,L,O,"0
Feb","15,",2017,recap,Wed,2016,Seventysixers,Celtics,away,108-116,1&1,10.0,219.0,-8,2.0,5.0,3.5,1.5,L,W,O,"0
Feb","15,",2017,recap,Wed,2016,Clippers,Hawks,home,99-84,1&1,-3.5,212.0,15,11.5,-29.0,-8.8,-20.2,W,W,U,"0
Feb","15,",2017,recap,Wed,2016,Hawks,Clippers,away,84-99,1&1,3.5,212.0,-15,-11.5,-29.0,-20.2,-8.8,L,L,U,"0
Feb","15,",2017,recap,Wed,2016,Grizzlies,Pelicans,home,91-95,1&1,-8.0,204.5,-4,-12.0,-18.5,-15.2,-3.2,L,L,U,"0
Feb","15,",2017,recap,Wed,2016,Pelicans,Grizzlies,away,95-91,1&1,8.0,204.5,4,12.0,-18.5,-3.2,-15.2,W,W,U,"0
Feb","15,",2017,recap,Wed,2016,Jazz,Trailblazers,home,111-88,1&1,-9.0,204.5,23,14.0,-5.5,4.2,-9.8,W,W,U,"0
Feb","15,",2017,recap,Wed,2016,Trailblazers,Jazz,away,88-111,1&1,9.0,204.5,-23,-14.0,-5.5,-9.8,4.2,L,L,U,"0
Feb","15,",2017,recap,Wed,2016,Magic,Spurs,home,79-107,1&1,10.5,205.0,-28,-17.5,-19.0,-18.2,-0.8,L,L,U,"0
Feb","15,",2017,recap,Wed,2016,Spurs,Magic,away,107-79,1&1,-10.5,205.0,28,17.5,-19.0,-0.8,-18.2,W,W,U,"0
Feb","15,",2017,recap,Wed,2016,Nets,Bucks,home,125-129,1&1,5.5,219.5,-4,1.5,34.5,18.0,16.5,L,W,O,"0
Feb","15,",2017,recap,Wed,2016,Bucks,Nets,away,129-125,1&1,-5.5,219.5,4,-1.5,34.5,16.5,18.0,W,L,O,"0
Feb","15,",2017,recap,Wed,2016,Nuggets,Timberwolves,home,99-112,1&0,-5.5,225.5,-13,-18.5,-14.5,-16.5,2.0,L,L,U,"0
Feb","15,",2017,recap,Wed,2016,Timberwolves,Nuggets,away,112-99,0&1,5.5,225.5,13,18.5,-14.5,2.0,-16.5,W,W,U,"0
Feb","15,",2017,recap,Wed,2016,Pistons,Mavericks,home,98-91,1&1,-5.0,200.5,7,2.0,-11.5,-4.8,-6.8,W,W,U,"0
Feb","15,",2017,recap,Wed,2016,Mavericks,Pistons,away,91-98,1&1,5.0,200.5,-7,-2.0,-11.5,-6.8,-4.8,L,L,U,"0
Feb","15,",2017,recap,Wed,2016,Raptors,Hornets,home,90-85,0&1,-6.0,212.0,5,-1.0,-37.0,-19.0,-18.0,W,L,U,"0
Feb","15,",2017,recap,Wed,2016,Hornets,Raptors,away,85-90,1&0,6.0,212.0,-5,1.0,-37.0,-18.0,-19.0,L,W,U,"0
Feb","15,",2017,recap,Wed,2016,Rockets,Heat,home,109-117,3&1,-9.5,224.5,-8,-17.5,1.5,-8.0,9.5,L,L,O,"0
Feb","15,",2017,recap,Wed,2016,Heat,Rockets,away,117-109,1&3,9.5,224.5,8,17.5,1.5,9.5,-8.0,W,W,O,"0
Feb","15,",2017,recap,Wed,2016,Suns,Lakers,home,137-101,1&0,-4.5,226.5,36,31.5,11.5,21.5,-10.0,W,W,O,"0
Feb","15,",2017,recap,Wed,2016,Lakers,Suns,away,101-137,0&1,4.5,226.5,-36,-31.5,11.5,-10.0,21.5,L,L,O,"0
Feb","15,",2017,recap,Wed,2016,Thunder,Knicks,home,116-105,1&2,-7.5,218.0,11,3.5,3.0,3.2,-0.2,W,W,O,"0
Feb","15,",2017,recap,Wed,2016,Knicks,Thunder,away,105-116,2&1,7.5,218.0,-11,-3.5,3.0,-0.2,3.2,L,L,O,"0
Feb","15,",2017,recap,Wed,2016,Warriors,Kings,home,109-86,1&0,-18.5,224.0,23,4.5,-29.0,-12.2,-16.8,W,W,U,"0
Feb","15,",2017,recap,Wed,2016,Kings,Warriors,away,86-109,0&1,18.5,224.0,-23,-4.5,-29.0,-16.8,-12.2,L,L,U,0
