Date,Link,Day,Season,Team,Opp,Site,Final,Rest,Line,Total,SUm,ATSm,OUm,DPS,DPA,SUr,ATSr,OUr,"ot
Dec","01,",2017,recap,Fri,2017,Bulls,Kings,home,106-107,0&2,1.5,195.5,-1,0.5,17.5,9.0,8.5,L,W,O,"0
Dec","01,",2017,recap,Fri,2017,Kings,Bulls,away,107-106,2&0,-1.5,195.5,1,-0.5,17.5,8.5,9.0,W,L,O,"0
Dec","01,",2017,recap,Fri,2017,Grizzlies,Spurs,home,79-95,1&1,4.5,192.5,-16,-11.5,-18.5,-15.0,-3.5,L,L,U,"0
Dec","01,",2017,recap,Fri,2017,Spurs,Grizzlies,away,95-79,1&1,-4.5,192.5,16,11.5,-18.5,-3.5,-15.0,W,W,U,"0
Dec","01,",2017,recap,Fri,2017,Heat,Hornets,home,105-100,1&1,-2.0,204.5,5,3.0,0.5,1.8,-1.2,W,W,O,"0
Dec","01,",2017,recap,Fri,2017,Hornets,Heat,away,100-105,1&1,2.0,204.5,-5,-3.0,0.5,-1.2,1.8,L,L,O,"0
Dec","01,",2017,recap,Fri,2017,Jazz,Pelicans,home,114-108,0&1,2.5,205.5,6,8.5,16.5,12.5,4.0,W,W,O,"0
Dec","01,",2017,recap,Fri,2017,Pelicans,Jazz,away,108-114,1&0,-2.5,205.5,-6,-8.5,16.5,4.0,12.5,L,L,O,"0
Dec","01,",2017,recap,Fri,2017,Magic,Warriors,home,112-133,1&1,11.0,228.5,-21,-10.0,16.5,3.2,13.2,L,L,O,"0
Dec","01,",2017,recap,Fri,2017,Warriors,Magic,away,133-112,1&1,-11.0,228.5,21,10.0,16.5,13.2,3.2,W,W,O,"0
Dec","01,",2017,recap,Fri,2017,Raptors,Pacers,home,120-115,1&1,-6.5,218.0,5,-1.5,17.0,7.8,9.2,W,L,O,"0
Dec","01,",2017,recap,Fri,2017,Pacers,Raptors,away,115-120,1&1,6.5,218.0,-5,1.5,17.0,9.2,7.8,L,W,O,"0
Dec","01,",2017,recap,Fri,2017,Thunder,Timberwolves,home,111-107,1&1,-5.0,211.0,4,-1.0,7.0,3.0,4.0,W,L,O,"0
Dec","01,",2017,recap,Fri,2017,Timberwolves,Thunder,away,107-111,1&1,5.0,211.0,-4,1.0,7.0,4.0,3.0,L,W,O,"0
Dec","01,",2017,recap,Fri,2017,Wizards,Pistons,home,109-91,1&1,0.0,205.0,18,18.0,-5.0,6.5,-11.5,W,W,U,"0
Dec","01,",2017,recap,Fri,2017,Pistons,Wizards,away,91-109,1&1,-0.0,205.0,-18,-18.0,-5.0,-11.5,6.5,L,L,U,0
