Date,Link,Day,Season,Team,Opp,Site,Final,Rest,Line,Total,SUm,ATSm,OUm,DPS,DPA,SUr,ATSr,OUr,"ot
Jan","15,",2017,recap,Sun,2016,Grizzlies,Bulls,home,104-108,1&0,-8.0,193.5,-4,-12.0,18.5,3.2,15.2,L,L,O,"0
Jan","15,",2017,recap,Sun,2016,Bulls,Grizzlies,away,108-104,0&1,8.0,193.5,4,12.0,18.5,15.2,3.2,W,W,O,"0
Jan","15,",2017,recap,Sun,2016,Hawks,Bucks,home,111-98,1&1,-4.0,207.0,13,9.0,2.0,5.5,-3.5,W,W,O,"0
Jan","15,",2017,recap,Sun,2016,Bucks,Hawks,away,98-111,1&1,4.0,207.0,-13,-9.0,2.0,-3.5,5.5,L,L,O,"0
Jan","15,",2017,recap,Sun,2016,Kings,Thunder,home,118-122,1&1,1.5,212.5,-4,-2.5,27.5,12.5,15.0,L,L,O,"0
Jan","15,",2017,recap,Sun,2016,Thunder,Kings,away,122-118,1&1,-1.5,212.5,4,2.5,27.5,15.0,12.5,W,W,O,"0
Jan","15,",2017,recap,Sun,2016,Lakers,Pistons,home,97-102,0&1,2.0,212.0,-5,-3.0,-13.0,-8.0,-5.0,L,L,U,"0
Jan","15,",2017,recap,Sun,2016,Pistons,Lakers,away,102-97,1&0,-2.0,212.0,5,3.0,-13.0,-5.0,-8.0,W,W,U,"0
Jan","15,",2017,recap,Sun,2016,Mavericks,Timberwolves,home,98-87,2&1,-1.0,196.5,11,10.0,-11.5,-0.8,-10.8,W,W,U,"0
Jan","15,",2017,recap,Sun,2016,Timberwolves,Mavericks,away,87-98,1&2,1.0,196.5,-11,-10.0,-11.5,-10.8,-0.8,L,L,U,"0
Jan","15,",2017,recap,Sun,2016,Nets,Rockets,home,112-137,1&1,14.0,234.5,-25,-11.0,14.5,1.8,12.8,L,L,O,"0
Jan","15,",2017,recap,Sun,2016,Rockets,Nets,away,137-112,1&1,-14.0,234.5,25,11.0,14.5,12.8,1.8,W,W,O,"0
Jan","15,",2017,recap,Sun,2016,Raptors,Knicks,home,116-101,1&2,-10.0,219.0,15,5.0,-2.0,1.5,-3.5,W,W,U,"0
Jan","15,",2017,recap,Sun,2016,Knicks,Raptors,away,101-116,2&1,10.0,219.0,-15,-5.0,-2.0,-3.5,1.5,L,L,U,0
