Date,Link,Day,Season,Team,Opp,Site,Final,Rest,Line,Total,SUm,ATSm,OUm,DPS,DPA,SUr,ATSr,OUr,"ot
Mar","05,",2017,recap,Sun,2016,Hawks,Pacers,home,96-97,1&3,-3.0,208.5,-1,-4.0,-15.5,-9.8,-5.8,L,L,U,"0
Mar","05,",2017,recap,Sun,2016,Pacers,Hawks,away,97-96,3&1,3.0,208.5,1,4.0,-15.5,-5.8,-9.8,W,W,U,"0
Mar","05,",2017,recap,Sun,2016,Kings,Jazz,home,109-110,3&1,9.0,193.0,-1,8.0,26.0,17.0,9.0,L,W,O,"1
Mar","05,",2017,recap,Sun,2016,Jazz,Kings,away,110-109,1&3,-9.0,193.0,1,-8.0,26.0,9.0,17.0,W,L,O,"1
Mar","05,",2017,recap,Sun,2016,Knicks,Warriors,home,105-112,1&2,9.5,220.0,-7,2.5,-3.0,-0.2,-2.8,L,W,U,"0
Mar","05,",2017,recap,Sun,2016,Warriors,Knicks,away,112-105,2&1,-9.5,220.0,7,-2.5,-3.0,-2.8,-0.2,W,L,U,"0
Mar","05,",2017,recap,Sun,2016,Lakers,Pelicans,home,97-105,1&1,6.0,215.0,-8,-2.0,-13.0,-7.5,-5.5,L,L,U,"0
Mar","05,",2017,recap,Sun,2016,Pelicans,Lakers,away,105-97,1&1,-6.0,215.0,8,2.0,-13.0,-5.5,-7.5,W,W,U,"0
Mar","05,",2017,recap,Sun,2016,Mavericks,Thunder,home,104-89,1&1,-1.0,205.5,15,14.0,-12.5,0.8,-13.2,W,W,U,"0
Mar","05,",2017,recap,Sun,2016,Thunder,Mavericks,away,89-104,1&1,1.0,205.5,-15,-14.0,-12.5,-13.2,0.8,L,L,U,"0
Mar","05,",2017,recap,Sun,2016,Suns,Celtics,home,109-106,1&1,4.5,227.0,3,7.5,-12.0,-2.2,-9.8,W,W,U,"0
Mar","05,",2017,recap,Sun,2016,Celtics,Suns,away,106-109,1&1,-4.5,227.0,-3,-7.5,-12.0,-9.8,-2.2,L,L,U,"0
Mar","05,",2017,recap,Sun,2016,Wizards,Magic,home,115-114,1&1,-11.0,217.5,1,-10.0,11.5,0.8,10.8,W,L,O,"0
Mar","05,",2017,recap,Sun,2016,Magic,Wizards,away,114-115,1&1,11.0,217.5,-1,10.0,11.5,10.8,0.8,L,W,O,0
