Date,Link,Day,Season,Team,Opp,Site,Final,Rest,Line,Total,SUm,ATSm,OUm,DPS,DPA,SUr,ATSr,OUr,"ot
Jan","27,",2017,recap,Fri,2016,Bulls,Heat,home,88-100,1&1,-6.5,203.5,-12,-18.5,-15.5,-17.0,1.5,L,L,U,"0
Jan","27,",2017,recap,Fri,2016,Heat,Bulls,away,100-88,1&1,6.5,203.5,12,18.5,-15.5,1.5,-17.0,W,W,U,"0
Jan","27,",2017,recap,Fri,2016,Cavaliers,Nets,home,124-116,1&1,-15.5,227.0,8,-7.5,13.0,2.8,10.2,W,L,O,"0
Jan","27,",2017,recap,Fri,2016,Nets,Cavaliers,away,116-124,1&1,15.5,227.0,-8,7.5,13.0,10.2,2.8,L,W,O,"0
Jan","27,",2017,recap,Fri,2016,Celtics,Magic,home,128-98,1&2,-8.5,214.5,30,21.5,11.5,16.5,-5.0,W,W,O,"0
Jan","27,",2017,recap,Fri,2016,Magic,Celtics,away,98-128,2&1,8.5,214.5,-30,-21.5,11.5,-5.0,16.5,L,L,O,"0
Jan","27,",2017,recap,Fri,2016,Hawks,Wizards,home,86-112,1&2,-3.0,212.0,-26,-29.0,-14.0,-21.5,7.5,L,L,U,"0
Jan","27,",2017,recap,Fri,2016,Wizards,Hawks,away,112-86,2&1,3.0,212.0,26,29.0,-14.0,7.5,-21.5,W,W,U,"0
Jan","27,",2017,recap,Fri,2016,Knicks,Hornets,home,110-107,1&1,1.0,212.0,3,4.0,5.0,4.5,0.5,W,W,O,"0
Jan","27,",2017,recap,Fri,2016,Hornets,Knicks,away,107-110,1&1,-1.0,212.0,-3,-4.0,5.0,0.5,4.5,L,L,O,"0
Jan","27,",2017,recap,Fri,2016,Pacers,Kings,home,115-111,0&1,-4.5,212.0,4,-0.5,14.0,6.8,7.2,W,L,O,"1
Jan","27,",2017,recap,Fri,2016,Kings,Pacers,away,111-115,1&0,4.5,212.0,-4,0.5,14.0,7.2,6.8,L,W,O,"1
Jan","27,",2017,recap,Fri,2016,Pelicans,Spurs,home,119-103,1&2,5.5,212.5,16,21.5,9.5,15.5,-6.0,W,W,O,"0
Jan","27,",2017,recap,Fri,2016,Spurs,Pelicans,away,103-119,2&1,-5.5,212.5,-16,-21.5,9.5,-6.0,15.5,L,L,O,"0
Jan","27,",2017,recap,Fri,2016,Raptors,Bucks,home,102-86,1&1,-6.0,213.5,16,10.0,-25.5,-7.8,-17.8,W,W,U,"0
Jan","27,",2017,recap,Fri,2016,Bucks,Raptors,away,86-102,1&1,6.0,213.5,-16,-10.0,-25.5,-17.8,-7.8,L,L,U,"0
Jan","27,",2017,recap,Fri,2016,Seventysixers,Rockets,home,118-123,1&1,6.5,221.0,-5,1.5,20.0,10.8,9.2,L,W,O,"0
Jan","27,",2017,recap,Fri,2016,Rockets,Seventysixers,away,123-118,1&1,-6.5,221.0,5,-1.5,20.0,9.2,10.8,W,L,O,"0
Jan","27,",2017,recap,Fri,2016,Trailblazers,Grizzlies,home,112-109,1&1,0.0,206.5,3,3.0,14.5,8.8,5.8,W,W,O,"0
Jan","27,",2017,recap,Fri,2016,Grizzlies,Trailblazers,away,109-112,1&1,-0.0,206.5,-3,-3.0,14.5,5.8,8.8,L,L,O,0
