Date,Link,Day,Season,Team,Opp,Site,Final,Rest,Line,Total,SUm,ATSm,OUm,DPS,DPA,SUr,ATSr,OUr,"ot
Mar","08,",2017,recap,Wed,2016,Bucks,Knicks,home,104-93,1&1,-6.5,209.0,11,4.5,-12.0,-3.8,-8.2,W,W,U,"0
Mar","08,",2017,recap,Wed,2016,Knicks,Bucks,away,93-104,1&1,6.5,209.0,-11,-4.5,-12.0,-8.2,-3.8,L,L,U,"0
Mar","08,",2017,recap,Wed,2016,Hawks,Nets,home,110-105,1&1,-9.5,220.0,5,-4.5,-5.0,-4.8,-0.2,W,L,U,"0
Mar","08,",2017,recap,Wed,2016,Nets,Hawks,away,105-110,1&1,9.5,220.0,-5,4.5,-5.0,-0.2,-4.8,L,W,U,"0
Mar","08,",2017,recap,Wed,2016,Heat,Hornets,home,108-101,1&1,-4.0,206.0,7,3.0,3.0,3.0,0.0,W,W,O,"0
Mar","08,",2017,recap,Wed,2016,Hornets,Heat,away,101-108,1&1,4.0,206.0,-7,-3.0,3.0,0.0,3.0,L,L,O,"0
Mar","08,",2017,recap,Wed,2016,Magic,Bulls,home,98-91,1&1,0.0,202.5,7,7.0,-13.5,-3.2,-10.2,W,W,U,"0
Mar","08,",2017,recap,Wed,2016,Bulls,Magic,away,91-98,1&1,-0.0,202.5,-7,-7.0,-13.5,-10.2,-3.2,L,L,U,"0
Mar","08,",2017,recap,Wed,2016,Nuggets,Wizards,home,113-123,1&0,0.0,225.5,-10,-10.0,10.5,0.2,10.2,L,L,O,"0
Mar","08,",2017,recap,Wed,2016,Wizards,Nuggets,away,123-113,0&1,-0.0,225.5,10,10.0,10.5,10.2,0.2,W,W,O,"0
Mar","08,",2017,recap,Wed,2016,Pacers,Pistons,home,115-98,1&1,-4.0,208.5,17,13.0,4.5,8.8,-4.2,W,W,O,"0
Mar","08,",2017,recap,Wed,2016,Pistons,Pacers,away,98-115,1&1,4.0,208.5,-17,-13.0,4.5,-4.2,8.8,L,L,O,"0
Mar","08,",2017,recap,Wed,2016,Pelicans,Raptors,home,87-94,1&3,-2.5,203.0,-7,-9.5,-22.0,-15.8,-6.2,L,L,U,"0
Mar","08,",2017,recap,Wed,2016,Raptors,Pelicans,away,94-87,3&1,2.5,203.0,7,9.5,-22.0,-6.2,-15.8,W,W,U,"0
Mar","08,",2017,recap,Wed,2016,Rockets,Jazz,home,108-115,1&1,-7.0,216.0,-7,-14.0,7.0,-3.5,10.5,L,L,O,"0
Mar","08,",2017,recap,Wed,2016,Jazz,Rockets,away,115-108,1&1,7.0,216.0,7,14.0,7.0,10.5,-3.5,W,W,O,"0
Mar","08,",2017,recap,Wed,2016,Spurs,Kings,home,114-104,1&1,-12.0,198.5,10,-2.0,19.5,8.8,10.8,W,L,O,"0
Mar","08,",2017,recap,Wed,2016,Kings,Spurs,away,104-114,1&1,12.0,198.5,-10,2.0,19.5,10.8,8.8,L,W,O,"0
Mar","08,",2017,recap,Wed,2016,Timberwolves,Clippers,home,107-91,3&1,3.0,210.5,16,19.0,-12.5,3.2,-15.8,W,W,U,"0
Mar","08,",2017,recap,Wed,2016,Clippers,Timberwolves,away,91-107,1&3,-3.0,210.5,-16,-19.0,-12.5,-15.8,3.2,L,L,U,"0
Mar","08,",2017,recap,Wed,2016,Warriors,Celtics,home,86-99,1&1,-8.0,221.5,-13,-21.0,-36.5,-28.8,-7.8,L,L,U,"0
Mar","08,",2017,recap,Wed,2016,Celtics,Warriors,away,99-86,1&1,8.0,221.5,13,21.0,-36.5,-7.8,-28.8,W,W,U,0
