Date,Link,Day,Season,Team,Opp,Site,Final,Rest,Line,Total,SUm,ATSm,OUm,DPS,DPA,SUr,ATSr,OUr,"ot
Mar","21,",2017,recap,Tue,2016,Heat,Suns,home,112-97,1&1,-12.5,215.0,15,2.5,-6.0,-1.8,-4.2,W,W,U,"0
Mar","21,",2017,recap,Tue,2016,Suns,Heat,away,97-112,1&1,12.5,215.0,-15,-2.5,-6.0,-4.2,-1.8,L,L,U,"0
Mar","21,",2017,recap,Tue,2016,Lakers,Clippers,home,109-133,1&0,10.0,220.5,-24,-14.0,21.5,3.8,17.8,L,L,O,"0
Mar","21,",2017,recap,Tue,2016,Clippers,Lakers,away,133-109,0&1,-10.0,220.5,24,14.0,21.5,17.8,3.8,W,W,O,"0
Mar","21,",2017,recap,Tue,2016,Mavericks,Warriors,home,87-112,1&0,5.0,209.0,-25,-20.0,-10.0,-15.0,5.0,L,L,U,"0
Mar","21,",2017,recap,Tue,2016,Warriors,Mavericks,away,112-87,0&1,-5.0,209.0,25,20.0,-10.0,5.0,-15.0,W,W,U,"0
Mar","21,",2017,recap,Tue,2016,Nets,Pistons,home,98-96,1&1,5.0,214.5,2,7.0,-20.5,-6.8,-13.8,W,W,U,"0
Mar","21,",2017,recap,Tue,2016,Pistons,Nets,away,96-98,1&1,-5.0,214.5,-2,-7.0,-20.5,-13.8,-6.8,L,L,U,"0
Mar","21,",2017,recap,Tue,2016,Pelicans,Grizzlies,home,95-82,1&2,-3.0,205.5,13,10.0,-28.5,-9.2,-19.2,W,W,U,"0
Mar","21,",2017,recap,Tue,2016,Grizzlies,Pelicans,away,82-95,2&1,3.0,205.5,-13,-10.0,-28.5,-19.2,-9.2,L,L,U,"0
Mar","21,",2017,recap,Tue,2016,Raptors,Bulls,home,122-120,1&2,-6.5,201.0,2,-4.5,41.0,18.2,22.8,W,L,O,"1
Mar","21,",2017,recap,Tue,2016,Bulls,Raptors,away,120-122,2&1,6.5,201.0,-2,4.5,41.0,22.8,18.2,L,W,O,"1
Mar","21,",2017,recap,Tue,2016,Timberwolves,Spurs,home,93-100,1&1,5.0,205.5,-7,-2.0,-12.5,-7.2,-5.2,L,L,U,"0
Mar","21,",2017,recap,Tue,2016,Spurs,Timberwolves,away,100-93,1&1,-5.0,205.5,7,2.0,-12.5,-5.2,-7.2,W,W,U,"0
Mar","21,",2017,recap,Tue,2016,Trailblazers,Bucks,home,90-93,1&2,-4.0,208.5,-3,-7.0,-25.5,-16.2,-9.2,L,L,U,"0
Mar","21,",2017,recap,Tue,2016,Bucks,Trailblazers,away,93-90,2&1,4.0,208.5,3,7.0,-25.5,-9.2,-16.2,W,W,U,0
