Date,Link,Day,Season,Team,Opp,Site,Final,Rest,Line,Total,SUm,ATSm,OUm,DPS,DPA,SUr,ATSr,OUr,"ot
Feb","28,",2017,recap,Tue,2016,Bulls,Nuggets,home,107-125,2&1,-2.5,223.0,-18,-20.5,9.0,-5.8,14.8,L,L,O,"0
Feb","28,",2017,recap,Tue,2016,Nuggets,Bulls,away,125-107,1&2,2.5,223.0,18,20.5,9.0,14.8,-5.8,W,W,O,"0
Feb","28,",2017,recap,Tue,2016,Grizzlies,Suns,home,130-112,1&1,-10.0,211.5,18,8.0,30.5,19.2,11.2,W,W,O,"0
Feb","28,",2017,recap,Tue,2016,Suns,Grizzlies,away,112-130,1&1,10.0,211.5,-18,-8.0,30.5,11.2,19.2,L,L,O,"0
Feb","28,",2017,recap,Tue,2016,Lakers,Hornets,home,104-109,1&1,4.0,215.0,-5,-1.0,-2.0,-1.5,-0.5,L,L,U,"0
Feb","28,",2017,recap,Tue,2016,Hornets,Lakers,away,109-104,1&1,-4.0,215.0,5,1.0,-2.0,-0.5,-1.5,W,W,U,"0
Feb","28,",2017,recap,Tue,2016,Pistons,Trailblazers,home,120-113,1&1,-4.0,213.5,7,3.0,19.5,11.2,8.2,W,W,O,"1
Feb","28,",2017,recap,Tue,2016,Trailblazers,Pistons,away,113-120,1&1,4.0,213.5,-7,-3.0,19.5,8.2,11.2,L,L,O,"1
Feb","28,",2017,recap,Tue,2016,Thunder,Jazz,home,109-106,1&1,1.5,204.5,3,4.5,10.5,7.5,3.0,W,W,O,"0
Feb","28,",2017,recap,Tue,2016,Jazz,Thunder,away,106-109,1&1,-1.5,204.5,-3,-4.5,10.5,3.0,7.5,L,L,O,"0
Feb","28,",2017,recap,Tue,2016,Wizards,Warriors,home,112-108,1&0,6.0,229.5,4,10.0,-9.5,0.2,-9.8,W,W,U,"0
Feb","28,",2017,recap,Tue,2016,Warriors,Wizards,away,108-112,0&1,-6.0,229.5,-4,-10.0,-9.5,-9.8,0.2,L,L,U,0
