Date,Link,Day,Season,Team,Opp,Site,Final,Rest,Line,Total,SUm,ATSm,OUm,DPS,DPA,SUr,ATSr,OUr,"ot
Dec","11,",2017,recap,Mon,2017,Bulls,Celtics,home,108-85,1&0,4.5,194.5,23,27.5,-1.5,13.0,-14.5,W,W,U,"0
Dec","11,",2017,recap,Mon,2017,Celtics,Bulls,away,85-108,0&1,-4.5,194.5,-23,-27.5,-1.5,-14.5,13.0,L,L,U,"0
Dec","11,",2017,recap,Mon,2017,Clippers,Raptors,home,96-91,1&0,5.0,214.5,5,10.0,-27.5,-8.8,-18.8,W,W,U,"0
Dec","11,",2017,recap,Mon,2017,Raptors,Clippers,away,91-96,0&1,-5.0,214.5,-5,-10.0,-27.5,-18.8,-8.8,L,L,U,"0
Dec","11,",2017,recap,Mon,2017,Grizzlies,Heat,home,82-107,1&1,-1.0,194.0,-25,-26.0,-5.0,-15.5,10.5,L,L,U,"0
Dec","11,",2017,recap,Mon,2017,Heat,Grizzlies,away,107-82,1&1,1.0,194.0,25,26.0,-5.0,10.5,-15.5,W,W,U,"0
Dec","11,",2017,recap,Mon,2017,Rockets,Pelicans,home,130-123,1&0,-11.5,228.0,7,-4.5,25.0,10.2,14.8,W,L,O,"0
Dec","11,",2017,recap,Mon,2017,Pelicans,Rockets,away,123-130,0&1,11.5,228.0,-7,4.5,25.0,14.8,10.2,L,W,O,"0
Dec","11,",2017,recap,Mon,2017,Thunder,Hornets,home,103-116,1&1,-7.0,207.0,-13,-20.0,12.0,-4.0,16.0,L,L,O,"0
Dec","11,",2017,recap,Mon,2017,Hornets,Thunder,away,116-103,1&1,7.0,207.0,13,20.0,12.0,16.0,-4.0,W,W,O,"0
Dec","11,",2017,recap,Mon,2017,Warriors,Trailblazers,home,111-104,2&1,-10.0,215.0,7,-3.0,0.0,-1.5,1.5,W,L,P,"0
Dec","11,",2017,recap,Mon,2017,Trailblazers,Warriors,away,104-111,1&2,10.0,215.0,-7,3.0,0.0,1.5,-1.5,L,W,P,0
