Date,Link,Day,Season,Team,Opp,Site,Final,Rest,Line,Total,SUm,ATSm,OUm,DPS,DPA,SUr,ATSr,OUr,"ot
Nov","14,",2017,recap,Tue,2017,Mavericks,Spurs,home,91-97,1&2,6.5,200.5,-6,0.5,-12.5,-6.0,-6.5,L,W,U,"0
Nov","14,",2017,recap,Tue,2017,Spurs,Mavericks,away,97-91,2&1,-6.5,200.5,6,-0.5,-12.5,-6.5,-6.0,W,L,U,"0
Nov","14,",2017,recap,Tue,2017,Nets,Celtics,home,102-109,2&1,7.0,210.0,-7,0.0,1.0,0.5,0.5,L,P,O,"0
Nov","14,",2017,recap,Tue,2017,Celtics,Nets,away,109-102,1&2,-7.0,210.0,7,0.0,1.0,0.5,0.5,W,P,O,"0
Nov","14,",2017,recap,Tue,2017,Rockets,Raptors,home,113-129,1&1,-6.5,219.5,-16,-22.5,22.5,0.0,22.5,L,L,O,"0
Nov","14,",2017,recap,Tue,2017,Raptors,Rockets,away,129-113,1&1,6.5,219.5,16,22.5,22.5,22.5,0.0,W,W,O,0
