Date,Link,Day,Season,Team,Opp,Site,Final,Rest,Line,Total,SUm,ATSm,OUm,DPS,DPA,SUr,ATSr,OUr,"ot
Dec","20,",2017,recap,Wed,2017,Bulls,Magic,home,112-94,1&2,-5.5,210.5,18,12.5,-4.5,4.0,-8.5,W,W,U,"0
Dec","20,",2017,recap,Wed,2017,Magic,Bulls,away,94-112,2&1,5.5,210.5,-18,-12.5,-4.5,-8.5,4.0,L,L,U,"0
Dec","20,",2017,recap,Wed,2017,Celtics,Heat,home,89-90,1&1,-8.0,200.0,-1,-9.0,-21.0,-15.0,-6.0,L,L,U,"0
Dec","20,",2017,recap,Wed,2017,Heat,Celtics,away,90-89,1&1,8.0,200.0,1,9.0,-21.0,-6.0,-15.0,W,W,U,"0
Dec","20,",2017,recap,Wed,2017,Clippers,Suns,home,108-95,1&1,-5.5,214.0,13,7.5,-11.0,-1.8,-9.2,W,W,U,"0
Dec","20,",2017,recap,Wed,2017,Suns,Clippers,away,95-108,1&1,5.5,214.0,-13,-7.5,-11.0,-9.2,-1.8,L,L,U,"0
Dec","20,",2017,recap,Wed,2017,Hawks,Pacers,home,95-105,1&1,5.0,212.5,-10,-5.0,-12.5,-8.8,-3.8,L,L,U,"0
Dec","20,",2017,recap,Wed,2017,Pacers,Hawks,away,105-95,1&1,-5.0,212.5,10,5.0,-12.5,-3.8,-8.8,W,W,U,"0
Dec","20,",2017,recap,Wed,2017,Hornets,Raptors,home,111-129,1&2,2.0,212.5,-18,-16.0,27.5,5.8,21.8,L,L,O,"0
Dec","20,",2017,recap,Wed,2017,Raptors,Hornets,away,129-111,2&1,-2.0,212.5,18,16.0,27.5,21.8,5.8,W,W,O,"0
Dec","20,",2017,recap,Wed,2017,Mavericks,Pistons,home,110-93,1&2,-2.0,198.0,17,15.0,5.0,10.0,-5.0,W,W,O,"0
Dec","20,",2017,recap,Wed,2017,Pistons,Mavericks,away,93-110,2&1,2.0,198.0,-17,-15.0,5.0,-5.0,10.0,L,L,O,"0
Dec","20,",2017,recap,Wed,2017,Nets,Kings,home,99-104,2&0,-5.5,206.0,-5,-10.5,-3.0,-6.8,3.8,L,L,U,"0
Dec","20,",2017,recap,Wed,2017,Kings,Nets,away,104-99,0&2,5.5,206.0,5,10.5,-3.0,3.8,-6.8,W,W,U,"0
Dec","20,",2017,recap,Wed,2017,Nuggets,Timberwolves,home,104-112,1&1,-1.0,215.5,-8,-9.0,0.5,-4.2,4.8,L,L,O,"0
Dec","20,",2017,recap,Wed,2017,Timberwolves,Nuggets,away,112-104,1&1,1.0,215.5,8,9.0,0.5,4.8,-4.2,W,W,O,"0
Dec","20,",2017,recap,Wed,2017,Rockets,Lakers,home,116-122,1&1,-14.0,226.0,-6,-20.0,12.0,-4.0,16.0,L,L,O,"0
Dec","20,",2017,recap,Wed,2017,Lakers,Rockets,away,122-116,1&1,14.0,226.0,6,20.0,12.0,16.0,-4.0,W,W,O,"0
Dec","20,",2017,recap,Wed,2017,Thunder,Jazz,home,107-79,1&1,-8.0,197.0,28,20.0,-11.0,4.5,-15.5,W,W,U,"0
Dec","20,",2017,recap,Wed,2017,Jazz,Thunder,away,79-107,1&1,8.0,197.0,-28,-20.0,-11.0,-15.5,4.5,L,L,U,"0
Dec","20,",2017,recap,Wed,2017,Trailblazers,Spurs,home,91-93,1&1,0.0,198.0,-2,-2.0,-14.0,-8.0,-6.0,L,L,U,"0
Dec","20,",2017,recap,Wed,2017,Spurs,Trailblazers,away,93-91,1&1,-0.0,198.0,2,2.0,-14.0,-6.0,-8.0,W,W,U,"0
Dec","20,",2017,recap,Wed,2017,Warriors,Grizzlies,home,97-84,1&3,-10.0,204.5,13,3.0,-23.5,-10.2,-13.2,W,W,U,"0
Dec","20,",2017,recap,Wed,2017,Grizzlies,Warriors,away,84-97,3&1,10.0,204.5,-13,-3.0,-23.5,-13.2,-10.2,L,L,U,0
