Date,Link,Day,Season,Team,Opp,Site,Final,Rest,Line,Total,SUm,ATSm,OUm,DPS,DPA,SUr,ATSr,OUr,"ot
Dec","10,",2017,recap,Sun,2017,Kings,Raptors,home,87-102,1&1,8.5,207.0,-15,-6.5,-18.0,-12.2,-5.8,L,L,U,"0
Dec","10,",2017,recap,Sun,2017,Raptors,Kings,away,102-87,1&1,-8.5,207.0,15,6.5,-18.0,-5.8,-12.2,W,W,U,"0
Dec","10,",2017,recap,Sun,2017,Knicks,Hawks,home,111-107,0&0,-5.5,206.5,4,-1.5,11.5,5.0,6.5,W,L,O,"0
Dec","10,",2017,recap,Sun,2017,Hawks,Knicks,away,107-111,0&0,5.5,206.5,-4,1.5,11.5,6.5,5.0,L,W,O,"0
Dec","10,",2017,recap,Sun,2017,Pacers,Nuggets,home,126-116,1&1,-6.0,217.0,10,4.0,25.0,14.5,10.5,W,W,O,"1
Dec","10,",2017,recap,Sun,2017,Nuggets,Pacers,away,116-126,1&1,6.0,217.0,-10,-4.0,25.0,10.5,14.5,L,L,O,"1
Dec","10,",2017,recap,Sun,2017,Pelicans,Seventysixers,home,131-124,1&0,-6.5,222.5,7,0.5,32.5,16.5,16.0,W,W,O,"0
Dec","10,",2017,recap,Sun,2017,Seventysixers,Pelicans,away,124-131,0&1,6.5,222.5,-7,-0.5,32.5,16.0,16.5,L,L,O,"0
Dec","10,",2017,recap,Sun,2017,Pistons,Celtics,home,81-91,1&1,1.0,201.5,-10,-9.0,-29.5,-19.2,-10.2,L,L,U,"0
Dec","10,",2017,recap,Sun,2017,Celtics,Pistons,away,91-81,1&1,-1.0,201.5,10,9.0,-29.5,-10.2,-19.2,W,W,U,"0
Dec","10,",2017,recap,Sun,2017,Timberwolves,Mavericks,home,97-92,3&1,-8.0,207.5,5,-3.0,-18.5,-10.8,-7.8,W,L,U,"0
Dec","10,",2017,recap,Sun,2017,Mavericks,Timberwolves,away,92-97,1&3,8.0,207.5,-5,3.0,-18.5,-7.8,-10.8,L,W,U,0
