Date,Link,Day,Season,Team,Opp,Site,Final,Rest,Line,Total,SUm,ATSm,OUm,DPS,DPA,SUr,ATSr,OUr,"ot
Jan","10,",2017,recap,Tue,2016,Jazz,Cavaliers,home,100-92,1&1,1.5,201.0,8,9.5,-9.0,0.2,-9.2,W,W,U,"0
Jan","10,",2017,recap,Tue,2016,Cavaliers,Jazz,away,92-100,1&1,-1.5,201.0,-8,-9.5,-9.0,-9.2,0.2,L,L,U,"0
Jan","10,",2017,recap,Tue,2016,Kings,Pistons,home,100-94,1&1,-3.0,205.0,6,3.0,-11.0,-4.0,-7.0,W,W,U,"0
Jan","10,",2017,recap,Tue,2016,Pistons,Kings,away,94-100,1&1,3.0,205.0,-6,-3.0,-11.0,-7.0,-4.0,L,L,U,"0
Jan","10,",2017,recap,Tue,2016,Lakers,Trailblazers,home,87-108,1&1,2.0,226.0,-21,-19.0,-31.0,-25.0,-6.0,L,L,U,"0
Jan","10,",2017,recap,Tue,2016,Trailblazers,Lakers,away,108-87,1&1,-2.0,226.0,21,19.0,-31.0,-6.0,-25.0,W,W,U,"0
Jan","10,",2017,recap,Tue,2016,Nets,Hawks,home,97-117,1&2,8.5,214.5,-20,-11.5,-0.5,-6.0,5.5,L,L,U,"0
Jan","10,",2017,recap,Tue,2016,Hawks,Nets,away,117-97,2&1,-8.5,214.5,20,11.5,-0.5,5.5,-6.0,W,W,U,"0
Jan","10,",2017,recap,Tue,2016,Raptors,Celtics,home,114-106,1&2,-5.5,219.0,8,2.5,1.0,1.8,-0.8,W,W,O,"0
Jan","10,",2017,recap,Tue,2016,Celtics,Raptors,away,106-114,2&1,5.5,219.0,-8,-2.5,1.0,-0.8,1.8,L,L,O,"0
Jan","10,",2017,recap,Tue,2016,Rockets,Hornets,home,121-114,1&2,-9.0,227.0,7,-2.0,8.0,3.0,5.0,W,L,O,"0
Jan","10,",2017,recap,Tue,2016,Hornets,Rockets,away,114-121,2&1,9.0,227.0,-7,2.0,8.0,5.0,3.0,L,W,O,"0
Jan","10,",2017,recap,Tue,2016,Spurs,Bucks,home,107-109,2&1,-9.5,203.5,-2,-11.5,12.5,0.5,12.0,L,L,O,"0
Jan","10,",2017,recap,Tue,2016,Bucks,Spurs,away,109-107,1&2,9.5,203.5,2,11.5,12.5,12.0,0.5,W,W,O,"0
Jan","10,",2017,recap,Tue,2016,Warriors,Heat,home,107-95,1&1,-14.5,218.0,12,-2.5,-16.0,-9.2,-6.8,W,L,U,"0
Jan","10,",2017,recap,Tue,2016,Heat,Warriors,away,95-107,1&1,14.5,218.0,-12,2.5,-16.0,-6.8,-9.2,L,W,U,"0
Jan","10,",2017,recap,Tue,2016,Wizards,Bulls,home,101-99,1&0,-10.5,203.5,2,-8.5,-3.5,-6.0,2.5,W,L,U,"0
Jan","10,",2017,recap,Tue,2016,Bulls,Wizards,away,99-101,0&1,10.5,203.5,-2,8.5,-3.5,2.5,-6.0,L,W,U,0
