Date,Link,Day,Season,Team,Opp,Site,Final,Rest,Line,Total,SUm,ATSm,OUm,DPS,DPA,SUr,ATSr,OUr,"ot
Jan","23,",2017,recap,Mon,2016,Bucks,Rockets,home,127-114,1&1,4.5,226.5,13,17.5,14.5,16.0,-1.5,W,W,O,"0
Jan","23,",2017,recap,Mon,2016,Rockets,Bucks,away,114-127,1&1,-4.5,226.5,-13,-17.5,14.5,-1.5,16.0,L,L,O,"0
Jan","23,",2017,recap,Mon,2016,Hawks,Clippers,home,105-115,1&1,-7.0,206.5,-10,-17.0,13.5,-1.8,15.2,L,L,O,"0
Jan","23,",2017,recap,Mon,2016,Clippers,Hawks,away,115-105,1&1,7.0,206.5,10,17.0,13.5,15.2,-1.8,W,W,O,"0
Jan","23,",2017,recap,Mon,2016,Heat,Warriors,home,105-102,1&0,11.0,216.5,3,14.0,-9.5,2.2,-11.8,W,W,U,"0
Jan","23,",2017,recap,Mon,2016,Warriors,Heat,away,102-105,0&1,-11.0,216.5,-3,-14.0,-9.5,-11.8,2.2,L,L,U,"0
Jan","23,",2017,recap,Mon,2016,Hornets,Wizards,home,99-109,1&1,-5.0,213.0,-10,-15.0,-5.0,-10.0,5.0,L,L,U,"0
Jan","23,",2017,recap,Mon,2016,Wizards,Hornets,away,109-99,1&1,5.0,213.0,10,15.0,-5.0,5.0,-10.0,W,W,U,"0
Jan","23,",2017,recap,Mon,2016,Jazz,Thunder,home,95-97,1&4,-5.0,203.0,-2,-7.0,-11.0,-9.0,-2.0,L,L,U,"0
Jan","23,",2017,recap,Mon,2016,Thunder,Jazz,away,97-95,4&1,5.0,203.0,2,7.0,-11.0,-2.0,-9.0,W,W,U,"0
Jan","23,",2017,recap,Mon,2016,Nets,Spurs,home,86-112,1&1,10.5,215.5,-26,-15.5,-17.5,-16.5,-1.0,L,L,U,"0
Jan","23,",2017,recap,Mon,2016,Spurs,Nets,away,112-86,1&1,-10.5,215.5,26,15.5,-17.5,-1.0,-16.5,W,W,U,"0
Jan","23,",2017,recap,Mon,2016,Pacers,Knicks,home,103-109,1&1,-5.5,217.5,-6,-11.5,-5.5,-8.5,3.0,L,L,U,"0
Jan","23,",2017,recap,Mon,2016,Knicks,Pacers,away,109-103,1&1,5.5,217.5,6,11.5,-5.5,3.0,-8.5,W,W,U,"0
Jan","23,",2017,recap,Mon,2016,Pelicans,Cavaliers,home,124-122,2&1,7.5,217.0,2,9.5,29.0,19.2,9.8,W,W,O,"0
Jan","23,",2017,recap,Mon,2016,Cavaliers,Pelicans,away,122-124,1&2,-7.5,217.0,-2,-9.5,29.0,9.8,19.2,L,L,O,"0
Jan","23,",2017,recap,Mon,2016,Pistons,Kings,home,104-109,1&1,-5.5,205.5,-5,-10.5,7.5,-1.5,9.0,L,L,O,"0
Jan","23,",2017,recap,Mon,2016,Kings,Pistons,away,109-104,1&1,5.5,205.5,5,10.5,7.5,9.0,-1.5,W,W,O,0
