Date,Link,Day,Season,Team,Opp,Site,Final,Rest,Line,Total,SUm,ATSm,OUm,DPS,DPA,SUr,ATSr,OUr,"ot
Dec","13,",2017,recap,Wed,2017,Bulls,Jazz,home,103-100,1&3,4.0,197.0,3,7.0,6.0,6.5,-0.5,W,W,O,"0
Dec","13,",2017,recap,Wed,2017,Jazz,Bulls,away,100-103,3&1,-4.0,197.0,-3,-7.0,6.0,-0.5,6.5,L,L,O,"0
Dec","13,",2017,recap,Wed,2017,Celtics,Nuggets,home,124-118,1&0,-6.5,209.0,6,-0.5,33.0,16.2,16.8,W,L,O,"0
Dec","13,",2017,recap,Wed,2017,Nuggets,Celtics,away,118-124,0&1,6.5,209.0,-6,0.5,33.0,16.8,16.2,L,W,O,"0
Dec","13,",2017,recap,Wed,2017,Heat,Trailblazers,home,95-102,1&1,-2.5,202.5,-7,-9.5,-5.5,-7.5,2.0,L,L,U,"0
Dec","13,",2017,recap,Wed,2017,Trailblazers,Heat,away,102-95,1&1,2.5,202.5,7,9.5,-5.5,2.0,-7.5,W,W,U,"0
Dec","13,",2017,recap,Wed,2017,Magic,Clippers,home,95-106,3&1,0.0,211.5,-11,-11.0,-10.5,-10.8,0.2,L,L,U,"0
Dec","13,",2017,recap,Wed,2017,Clippers,Magic,away,106-95,1&3,0.0,211.5,11,11.0,-10.5,0.2,-10.8,W,W,U,"0
Dec","13,",2017,recap,Wed,2017,Pacers,Thunder,home,95-100,2&1,0.0,212.0,-5,-5.0,-17.0,-11.0,-6.0,L,L,U,"0
Dec","13,",2017,recap,Wed,2017,Thunder,Pacers,away,100-95,1&2,-0.0,212.0,5,5.0,-17.0,-6.0,-11.0,W,W,U,"0
Dec","13,",2017,recap,Wed,2017,Pelicans,Bucks,home,115-108,1&3,-2.5,220.0,7,4.5,3.0,3.8,-0.8,W,W,O,"0
Dec","13,",2017,recap,Wed,2017,Bucks,Pelicans,away,108-115,3&1,2.5,220.0,-7,-4.5,3.0,-0.8,3.8,L,L,O,"0
Dec","13,",2017,recap,Wed,2017,Rockets,Hornets,home,108-96,1&1,-12.5,220.0,12,-0.5,-16.0,-8.2,-7.8,W,L,U,"0
Dec","13,",2017,recap,Wed,2017,Hornets,Rockets,away,96-108,1&1,12.5,220.0,-12,0.5,-16.0,-7.8,-8.2,L,W,U,"0
Dec","13,",2017,recap,Wed,2017,Suns,Raptors,home,109-115,0&1,11.5,221.0,-6,5.5,3.0,4.2,-1.2,L,W,O,"0
Dec","13,",2017,recap,Wed,2017,Raptors,Suns,away,115-109,1&0,-11.5,221.0,6,-5.5,3.0,-1.2,4.2,W,L,O,"0
Dec","13,",2017,recap,Wed,2017,Wizards,Grizzlies,home,93-87,0&1,-7.0,199.5,6,-1.0,-19.5,-10.2,-9.2,W,L,U,"0
Dec","13,",2017,recap,Wed,2017,Grizzlies,Wizards,away,87-93,1&0,7.0,199.5,-6,1.0,-19.5,-9.2,-10.2,L,W,U,0
