Date,Link,Day,Season,Team,Opp,Site,Final,Rest,Line,Total,SUm,ATSm,OUm,DPS,DPA,SUr,ATSr,OUr,"ot
Jan","11,",2017,recap,Wed,2016,Celtics,Wizards,home,117-108,0&0,-6.5,217.5,9,2.5,7.5,5.0,2.5,W,W,O,"0
Jan","11,",2017,recap,Wed,2016,Wizards,Celtics,away,108-117,0&0,6.5,217.5,-9,-2.5,7.5,2.5,5.0,L,L,O,"0
Jan","11,",2017,recap,Wed,2016,Clippers,Magic,home,105-96,2&2,-10.0,208.5,9,-1.0,-7.5,-4.2,-3.2,W,L,U,"0
Jan","11,",2017,recap,Wed,2016,Magic,Clippers,away,96-105,2&2,10.0,208.5,-9,1.0,-7.5,-3.2,-4.2,L,W,U,"0
Jan","11,",2017,recap,Wed,2016,Seventysixers,Knicks,home,98-97,2&1,1.5,209.5,1,2.5,-14.5,-6.0,-8.5,W,W,U,"0
Jan","11,",2017,recap,Wed,2016,Knicks,Seventysixers,away,97-98,1&2,-1.5,209.5,-1,-2.5,-14.5,-8.5,-6.0,L,L,U,"0
Jan","11,",2017,recap,Wed,2016,Thunder,Grizzlies,home,103-95,1&2,-5.0,202.0,8,3.0,-4.0,-0.5,-3.5,W,W,U,"0
Jan","11,",2017,recap,Wed,2016,Grizzlies,Thunder,away,95-103,2&1,5.0,202.0,-8,-3.0,-4.0,-3.5,-0.5,L,L,U,"0
Jan","11,",2017,recap,Wed,2016,Timberwolves,Rockets,home,119-105,1&0,3.5,219.0,14,17.5,5.0,11.2,-6.2,W,W,O,"0
Jan","11,",2017,recap,Wed,2016,Rockets,Timberwolves,away,105-119,0&1,-3.5,219.0,-14,-17.5,5.0,-6.2,11.2,L,L,O,"0
Jan","11,",2017,recap,Wed,2016,Trailblazers,Cavaliers,home,102-86,0&0,4.0,220.0,16,20.0,-32.0,-6.0,-26.0,W,W,U,"0
Jan","11,",2017,recap,Wed,2016,Cavaliers,Trailblazers,away,86-102,0&0,-4.0,220.0,-16,-20.0,-32.0,-26.0,-6.0,L,L,U,0
