Date,Link,Day,Season,Team,Opp,Site,Final,Rest,Line,Total,SUm,ATSm,OUm,DPS,DPA,SUr,ATSr,OUr,"ot
Jan","17,",2017,recap,Tue,2016,Bulls,Mavericks,home,98-99,1&1,-4.5,197.0,-1,-5.5,0.0,-2.8,2.8,L,L,P,"0
Jan","17,",2017,recap,Tue,2016,Mavericks,Bulls,away,99-98,1&1,4.5,197.0,1,5.5,0.0,2.8,-2.8,W,W,P,"0
Jan","17,",2017,recap,Tue,2016,Heat,Rockets,home,109-103,3&1,7.0,221.0,6,13.0,-9.0,2.0,-11.0,W,W,U,"0
Jan","17,",2017,recap,Tue,2016,Rockets,Heat,away,103-109,1&3,-7.0,221.0,-6,-13.0,-9.0,-11.0,2.0,L,L,U,"0
Jan","17,",2017,recap,Tue,2016,Lakers,Nuggets,home,121-127,1&0,1.0,229.0,-6,-5.0,19.0,7.0,12.0,L,L,O,"0
Jan","17,",2017,recap,Tue,2016,Nuggets,Lakers,away,127-121,0&1,-1.0,229.0,6,5.0,19.0,12.0,7.0,W,W,O,"0
Jan","17,",2017,recap,Tue,2016,Nets,Raptors,home,109-119,1&1,10.0,227.0,-10,0.0,1.0,0.5,0.5,L,P,O,"0
Jan","17,",2017,recap,Tue,2016,Raptors,Nets,away,119-109,1&1,-10.0,227.0,10,0.0,1.0,0.5,0.5,W,P,O,"0
Jan","17,",2017,recap,Tue,2016,Spurs,Timberwolves,home,122-114,2&1,-11.5,202.0,8,-3.5,34.0,15.2,18.8,W,L,O,"0
Jan","17,",2017,recap,Tue,2016,Timberwolves,Spurs,away,114-122,1&2,11.5,202.0,-8,3.5,34.0,18.8,15.2,L,W,O,0
