Date,Link,Day,Season,Team,Opp,Site,Final,Rest,Line,Total,SUm,ATSm,OUm,DPS,DPA,SUr,ATSr,OUr,"ot
Jan","06,",2017,recap,Fri,2016,Bucks,Knicks,home,111-116,1&1,-5.0,213.5,-5,-10.0,13.5,1.8,11.8,L,L,O,"0
Jan","06,",2017,recap,Fri,2016,Knicks,Bucks,away,116-111,1&1,5.0,213.5,5,10.0,13.5,11.8,1.8,W,W,O,"0
Jan","06,",2017,recap,Fri,2016,Celtics,Seventysixers,home,110-106,2&2,-11.0,214.0,4,-7.0,2.0,-2.5,4.5,W,L,O,"0
Jan","06,",2017,recap,Fri,2016,Seventysixers,Celtics,away,106-110,2&2,11.0,214.0,-4,7.0,2.0,4.5,-2.5,L,W,O,"0
Jan","06,",2017,recap,Fri,2016,Kings,Clippers,home,98-106,1&1,2.5,209.0,-8,-5.5,-5.0,-5.2,0.2,L,L,U,"0
Jan","06,",2017,recap,Fri,2016,Clippers,Kings,away,106-98,1&1,-2.5,209.0,8,5.5,-5.0,0.2,-5.2,W,W,U,"0
Jan","06,",2017,recap,Fri,2016,Lakers,Heat,home,127-100,0&1,-3.0,213.5,27,24.0,13.5,18.8,-5.2,W,W,O,"0
Jan","06,",2017,recap,Fri,2016,Heat,Lakers,away,100-127,1&0,3.0,213.5,-27,-24.0,13.5,-5.2,18.8,L,L,O,"0
Jan","06,",2017,recap,Fri,2016,Magic,Rockets,home,93-100,1&0,5.5,223.5,-7,-1.5,-30.5,-16.0,-14.5,L,L,U,"0
Jan","06,",2017,recap,Fri,2016,Rockets,Magic,away,100-93,0&1,-5.5,223.5,7,1.5,-30.5,-14.5,-16.0,W,W,U,"0
Jan","06,",2017,recap,Fri,2016,Nets,Cavaliers,home,108-116,0&1,12.5,220.5,-8,4.5,3.5,4.0,-0.5,L,W,O,"0
Jan","06,",2017,recap,Fri,2016,Cavaliers,Nets,away,116-108,1&0,-12.5,220.5,8,-4.5,3.5,-0.5,4.0,W,L,O,"0
Jan","06,",2017,recap,Fri,2016,Warriors,Grizzlies,home,119-128,1&1,-13.0,216.0,-9,-22.0,31.0,4.5,26.5,L,L,O,"1
Jan","06,",2017,recap,Fri,2016,Grizzlies,Warriors,away,128-119,1&1,13.0,216.0,9,22.0,31.0,26.5,4.5,W,W,O,"1
Jan","06,",2017,recap,Fri,2016,Wizards,Timberwolves,home,112-105,2&2,-5.0,211.5,7,2.0,5.5,3.8,1.8,W,W,O,"0
Jan","06,",2017,recap,Fri,2016,Timberwolves,Wizards,away,105-112,2&2,5.0,211.5,-7,-2.0,5.5,1.8,3.8,L,L,O,0
