Date,Link,Day,Season,Team,Opp,Site,Final,Rest,Line,Total,SUm,ATSm,OUm,DPS,DPA,SUr,ATSr,OUr,"ot
Dec","29,",2017,recap,Fri,2017,Bulls,Pacers,home,119-107,1&1,-3.0,208.5,12,9.0,17.5,13.2,4.2,W,W,O,"0
Dec","29,",2017,recap,Fri,2017,Pacers,Bulls,away,107-119,1&1,3.0,208.5,-12,-9.0,17.5,4.2,13.2,L,L,O,"0
Dec","29,",2017,recap,Fri,2017,Heat,Nets,home,87-111,2&1,-6.0,204.0,-24,-30.0,-6.0,-18.0,12.0,L,L,U,"0
Dec","29,",2017,recap,Fri,2017,Nets,Heat,away,111-87,1&2,6.0,204.0,24,30.0,-6.0,12.0,-18.0,W,W,U,"0
Dec","29,",2017,recap,Fri,2017,Kings,Suns,home,101-111,1&2,-2.5,211.0,-10,-12.5,1.0,-5.8,6.8,L,L,O,"0
Dec","29,",2017,recap,Fri,2017,Suns,Kings,away,111-101,2&1,2.5,211.0,10,12.5,1.0,6.8,-5.8,W,W,O,"0
Dec","29,",2017,recap,Fri,2017,Lakers,Clippers,home,106-121,1&2,3.5,217.0,-15,-11.5,10.0,-0.8,10.8,L,L,O,"0
Dec","29,",2017,recap,Fri,2017,Clippers,Lakers,away,121-106,2&1,-3.5,217.0,15,11.5,10.0,10.8,-0.8,W,W,O,"0
Dec","29,",2017,recap,Fri,2017,Pelicans,Mavericks,home,120-128,1&1,-6.5,212.5,-8,-14.5,35.5,10.5,25.0,L,L,O,"0
Dec","29,",2017,recap,Fri,2017,Mavericks,Pelicans,away,128-120,1&1,6.5,212.5,8,14.5,35.5,25.0,10.5,W,W,O,"0
Dec","29,",2017,recap,Fri,2017,Raptors,Hawks,home,111-98,1&1,-11.0,216.5,13,2.0,-7.5,-2.8,-4.8,W,W,U,"0
Dec","29,",2017,recap,Fri,2017,Hawks,Raptors,away,98-111,1&1,11.0,216.5,-13,-2.0,-7.5,-4.8,-2.8,L,L,U,"0
Dec","29,",2017,recap,Fri,2017,Thunder,Bucks,home,95-97,1&0,-6.5,207.5,-2,-8.5,-15.5,-12.0,-3.5,L,L,U,"0
Dec","29,",2017,recap,Fri,2017,Bucks,Thunder,away,97-95,0&1,6.5,207.5,2,8.5,-15.5,-3.5,-12.0,W,W,U,"0
Dec","29,",2017,recap,Fri,2017,Warriors,Hornets,home,100-111,1&1,-10.5,213.0,-11,-21.5,-2.0,-11.8,9.8,L,L,U,"0
Dec","29,",2017,recap,Fri,2017,Hornets,Warriors,away,111-100,1&1,10.5,213.0,11,21.5,-2.0,9.8,-11.8,W,W,U,"0
Dec","29,",2017,recap,Fri,2017,Wizards,Rockets,home,121-103,1&0,1.0,223.0,18,19.0,1.0,10.0,-9.0,W,W,O,"0
Dec","29,",2017,recap,Fri,2017,Rockets,Wizards,away,103-121,0&1,-1.0,223.0,-18,-19.0,1.0,-9.0,10.0,L,L,O,0
