Date,Link,Day,Season,Team,Opp,Site,Final,Rest,Line,Total,SUm,ATSm,OUm,DPS,DPA,SUr,ATSr,OUr,"ot
Feb","11,",2017,recap,Sat,2016,Cavaliers,Nuggets,home,125-109,1&0,-12.0,232.5,16,4.0,1.5,2.8,-1.2,W,W,O,"0
Feb","11,",2017,recap,Sat,2016,Nuggets,Cavaliers,away,109-125,0&1,12.0,232.5,-16,-4.0,1.5,-1.2,2.8,L,L,O,"0
Feb","11,",2017,recap,Sat,2016,Hornets,Clippers,home,102-107,1&2,-2.5,216.5,-5,-7.5,-7.5,-7.5,0.0,L,L,U,"0
Feb","11,",2017,recap,Sat,2016,Clippers,Hornets,away,107-102,2&1,2.5,216.5,5,7.5,-7.5,0.0,-7.5,W,W,U,"0
Feb","11,",2017,recap,Sat,2016,Jazz,Celtics,home,104-112,1&1,-5.5,205.5,-8,-13.5,10.5,-1.5,12.0,L,L,O,"0
Feb","11,",2017,recap,Sat,2016,Celtics,Jazz,away,112-104,1&1,5.5,205.5,8,13.5,10.5,12.0,-1.5,W,W,O,"0
Feb","11,",2017,recap,Sat,2016,Mavericks,Magic,home,112-80,1&1,-6.5,203.5,32,25.5,-11.5,7.0,-18.5,W,W,U,"0
Feb","11,",2017,recap,Sat,2016,Magic,Mavericks,away,80-112,1&1,6.5,203.5,-32,-25.5,-11.5,-18.5,7.0,L,L,U,"0
Feb","11,",2017,recap,Sat,2016,Pacers,Bucks,home,100-116,0&0,-6.0,213.5,-16,-22.0,2.5,-9.8,12.2,L,L,O,"0
Feb","11,",2017,recap,Sat,2016,Bucks,Pacers,away,116-100,0&0,6.0,213.5,16,22.0,2.5,12.2,-9.8,W,W,O,"0
Feb","11,",2017,recap,Sat,2016,Rockets,Suns,home,133-102,1&0,-15.5,234.0,31,15.5,1.0,8.2,-7.2,W,W,O,"0
Feb","11,",2017,recap,Sat,2016,Suns,Rockets,away,102-133,0&1,15.5,234.0,-31,-15.5,1.0,-7.2,8.2,L,L,O,"0
Feb","11,",2017,recap,Sat,2016,Seventysixers,Heat,home,117-109,1&0,3.0,209.0,8,11.0,17.0,14.0,3.0,W,W,O,"0
Feb","11,",2017,recap,Sat,2016,Heat,Seventysixers,away,109-117,0&1,-3.0,209.0,-8,-11.0,17.0,3.0,14.0,L,L,O,"0
Feb","11,",2017,recap,Sat,2016,Thunder,Warriors,home,114-130,1&0,8.0,228.0,-16,-8.0,16.0,4.0,12.0,L,L,O,"0
Feb","11,",2017,recap,Sat,2016,Warriors,Thunder,away,130-114,0&1,-8.0,228.0,16,8.0,16.0,12.0,4.0,W,W,O,0
