Date,Link,Day,Season,Team,Opp,Site,Final,Rest,Line,Total,SUm,ATSm,OUm,DPS,DPA,SUr,ATSr,OUr,"ot
Dec","30,",2017,recap,Sat,2017,Hawks,Trailblazers,home,104-89,0&1,2.0,204.5,15,17.0,-11.5,2.8,-14.2,W,W,U,"0
Dec","30,",2017,recap,Sat,2017,Trailblazers,Hawks,away,89-104,1&0,-2.0,204.5,-15,-17.0,-11.5,-14.2,2.8,L,L,U,"0
Dec","30,",2017,recap,Sat,2017,Jazz,Cavaliers,home,104-101,2&2,2.5,206.5,3,5.5,-1.5,2.0,-3.5,W,W,U,"0
Dec","30,",2017,recap,Sat,2017,Cavaliers,Jazz,away,101-104,2&2,-2.5,206.5,-3,-5.5,-1.5,-3.5,2.0,L,L,U,"0
Dec","30,",2017,recap,Sat,2017,Magic,Heat,home,111-117,1&0,1.5,205.5,-6,-4.5,22.5,9.0,13.5,L,L,O,"0
Dec","30,",2017,recap,Sat,2017,Heat,Magic,away,117-111,0&1,-1.5,205.5,6,4.5,22.5,13.5,9.0,W,W,O,"0
Dec","30,",2017,recap,Sat,2017,Nuggets,Seventysixers,home,102-107,2&1,-5.5,213.5,-5,-10.5,-4.5,-7.5,3.0,L,L,U,"0
Dec","30,",2017,recap,Sat,2017,Seventysixers,Nuggets,away,107-102,1&2,5.5,213.5,5,10.5,-4.5,3.0,-7.5,W,W,U,"0
Dec","30,",2017,recap,Sat,2017,Pelicans,Knicks,home,103-105,0&1,-5.5,215.0,-2,-7.5,-7.0,-7.2,0.2,L,L,U,"0
Dec","30,",2017,recap,Sat,2017,Knicks,Pelicans,away,105-103,1&0,5.5,215.0,2,7.5,-7.0,0.2,-7.2,W,W,U,"0
Dec","30,",2017,recap,Sat,2017,Pistons,Spurs,home,93-79,1&1,4.5,195.5,14,18.5,-23.5,-2.5,-21.0,W,W,U,"0
Dec","30,",2017,recap,Sat,2017,Spurs,Pistons,away,79-93,1&1,-4.5,195.5,-14,-18.5,-23.5,-21.0,-2.5,L,L,U,"0
Dec","30,",2017,recap,Sat,2017,Warriors,Grizzlies,home,141-128,0&2,-13.5,206.5,13,-0.5,62.5,31.0,31.5,W,L,O,"0
Dec","30,",2017,recap,Sat,2017,Grizzlies,Warriors,away,128-141,2&0,13.5,206.5,-13,0.5,62.5,31.5,31.0,L,W,O,0
