Date,Link,Day,Season,Team,Opp,Site,Final,Rest,Line,Total,SUm,ATSm,OUm,DPS,DPA,SUr,ATSr,OUr,"ot
Mar","06,",2017,recap,Mon,2016,Cavaliers,Heat,home,98-106,1&1,-8.0,215.5,-8,-16.0,-11.5,-13.8,2.2,L,L,U,"0
Mar","06,",2017,recap,Mon,2016,Heat,Cavaliers,away,106-98,1&1,8.0,215.5,8,16.0,-11.5,2.2,-13.8,W,W,U,"0
Mar","06,",2017,recap,Mon,2016,Clippers,Celtics,home,116-102,1&0,-7.0,217.5,14,7.0,0.5,3.8,-3.2,W,W,O,"0
Mar","06,",2017,recap,Mon,2016,Celtics,Clippers,away,102-116,0&1,7.0,217.5,-14,-7.0,0.5,-3.2,3.8,L,L,O,"0
Mar","06,",2017,recap,Mon,2016,Grizzlies,Nets,home,109-122,1&1,-11.0,213.5,-13,-24.0,17.5,-3.2,20.8,L,L,O,"0
Mar","06,",2017,recap,Mon,2016,Nets,Grizzlies,away,122-109,1&1,11.0,213.5,13,24.0,17.5,20.8,-3.2,W,W,O,"0
Mar","06,",2017,recap,Mon,2016,Hawks,Warriors,home,111-119,0&0,6.0,217.0,-8,-2.0,13.0,5.5,7.5,L,L,O,"0
Mar","06,",2017,recap,Mon,2016,Warriors,Hawks,away,119-111,0&0,-6.0,217.0,8,2.0,13.0,7.5,5.5,W,W,O,"0
Mar","06,",2017,recap,Mon,2016,Hornets,Pacers,home,100-88,1&0,-4.0,205.5,12,8.0,-17.5,-4.8,-12.8,W,W,U,"0
Mar","06,",2017,recap,Mon,2016,Pacers,Hornets,away,88-100,0&1,4.0,205.5,-12,-8.0,-17.5,-12.8,-4.8,L,L,U,"0
Mar","06,",2017,recap,Mon,2016,Jazz,Pelicans,home,88-83,0&0,-5.5,196.5,5,-0.5,-25.5,-13.0,-12.5,W,L,U,"0
Mar","06,",2017,recap,Mon,2016,Pelicans,Jazz,away,83-88,0&0,5.5,196.5,-5,0.5,-25.5,-12.5,-13.0,L,W,U,"0
Mar","06,",2017,recap,Mon,2016,Magic,Knicks,home,105-113,0&0,-2.0,210.5,-8,-10.0,7.5,-1.2,8.8,L,L,O,"0
Mar","06,",2017,recap,Mon,2016,Knicks,Magic,away,113-105,0&0,2.0,210.5,8,10.0,7.5,8.8,-1.2,W,W,O,"0
Mar","06,",2017,recap,Mon,2016,Nuggets,Kings,home,108-96,1&0,-12.0,215.0,12,0.0,-11.0,-5.5,-5.5,W,P,U,"0
Mar","06,",2017,recap,Mon,2016,Kings,Nuggets,away,96-108,0&1,12.0,215.0,-12,0.0,-11.0,-5.5,-5.5,L,P,U,"0
Mar","06,",2017,recap,Mon,2016,Pistons,Bulls,home,109-95,1&1,-5.5,204.5,14,8.5,-0.5,4.0,-4.5,W,W,U,"0
Mar","06,",2017,recap,Mon,2016,Bulls,Pistons,away,95-109,1&1,5.5,204.5,-14,-8.5,-0.5,-4.5,4.0,L,L,U,"0
Mar","06,",2017,recap,Mon,2016,Seventysixers,Bucks,home,98-112,1&1,5.0,212.0,-14,-9.0,-2.0,-5.5,3.5,L,L,U,"0
Mar","06,",2017,recap,Mon,2016,Bucks,Seventysixers,away,112-98,1&1,-5.0,212.0,14,9.0,-2.0,3.5,-5.5,W,W,U,"0
Mar","06,",2017,recap,Mon,2016,Spurs,Rockets,home,112-110,1&1,-3.5,222.0,2,-1.5,0.0,-0.8,0.8,W,L,P,"0
Mar","06,",2017,recap,Mon,2016,Rockets,Spurs,away,110-112,1&1,3.5,222.0,-2,1.5,0.0,0.8,-0.8,L,W,P,0
