Date,Link,Day,Season,Team,Opp,Site,Final,Rest,Line,Total,SUm,ATSm,OUm,DPS,DPA,SUr,ATSr,OUr,"ot
Jan","22,",2017,recap,Sun,2016,Magic,Warriors,home,98-118,1&1,14.0,224.5,-20,-6.0,-8.5,-7.2,-1.2,L,L,U,"0
Jan","22,",2017,recap,Sun,2016,Warriors,Magic,away,118-98,1&1,-14.0,224.5,20,6.0,-8.5,-1.2,-7.2,W,W,U,"0
Jan","22,",2017,recap,Sun,2016,Mavericks,Lakers,home,122-73,1&1,-6.0,206.0,49,43.0,-11.0,16.0,-27.0,W,W,U,"0
Jan","22,",2017,recap,Sun,2016,Lakers,Mavericks,away,73-122,1&1,6.0,206.0,-49,-43.0,-11.0,-27.0,16.0,L,L,U,"0
Jan","22,",2017,recap,Sun,2016,Raptors,Suns,home,103-115,1&0,-11.5,220.0,-12,-23.5,-2.0,-12.8,10.8,L,L,U,"0
Jan","22,",2017,recap,Sun,2016,Suns,Raptors,away,115-103,0&1,11.5,220.0,12,23.5,-2.0,10.8,-12.8,W,W,U,"0
Jan","22,",2017,recap,Sun,2016,Timberwolves,Nuggets,home,111-108,2&0,-3.5,221.0,3,-0.5,-2.0,-1.2,-0.8,W,L,U,"0
Jan","22,",2017,recap,Sun,2016,Nuggets,Timberwolves,away,108-111,0&2,3.5,221.0,-3,0.5,-2.0,-0.8,-1.2,L,W,U,0
