Date,Link,Day,Season,Team,Opp,Site,Final,Rest,Line,Total,SUm,ATSm,OUm,DPS,DPA,SUr,ATSr,OUr,"ot
Mar","01,",2017,recap,Wed,2016,Bucks,Nuggets,home,98-110,1&0,-3.0,223.5,-12,-15.0,-15.5,-15.2,-0.2,L,L,U,"0
Mar","01,",2017,recap,Wed,2016,Nuggets,Bucks,away,110-98,0&1,3.0,223.5,12,15.0,-15.5,-0.2,-15.2,W,W,U,"0
Mar","01,",2017,recap,Wed,2016,Celtics,Cavaliers,home,103-99,1&1,-1.0,221.5,4,3.0,-19.5,-8.2,-11.2,W,W,U,"0
Mar","01,",2017,recap,Wed,2016,Cavaliers,Celtics,away,99-103,1&1,1.0,221.5,-4,-3.0,-19.5,-11.2,-8.2,L,L,U,"0
Mar","01,",2017,recap,Wed,2016,Clippers,Rockets,home,103-122,2&1,-2.0,233.5,-19,-21.0,-8.5,-14.8,6.2,L,L,U,"0
Mar","01,",2017,recap,Wed,2016,Rockets,Clippers,away,122-103,1&2,2.0,233.5,19,21.0,-8.5,6.2,-14.8,W,W,U,"0
Mar","01,",2017,recap,Wed,2016,Hawks,Mavericks,home,100-95,1&1,-5.5,195.5,5,-0.5,-0.5,-0.5,0.0,W,L,U,"0
Mar","01,",2017,recap,Wed,2016,Mavericks,Hawks,away,95-100,1&1,5.5,195.5,-5,0.5,-0.5,0.0,-0.5,L,W,U,"0
Mar","01,",2017,recap,Wed,2016,Heat,Seventysixers,home,125-98,1&1,-9.5,214.0,27,17.5,9.0,13.2,-4.2,W,W,O,"0
Mar","01,",2017,recap,Wed,2016,Seventysixers,Heat,away,98-125,1&1,9.5,214.0,-27,-17.5,9.0,-4.2,13.2,L,L,O,"0
Mar","01,",2017,recap,Wed,2016,Jazz,Timberwolves,home,80-107,0&1,-6.0,201.5,-27,-33.0,-14.5,-23.8,9.2,L,L,U,"0
Mar","01,",2017,recap,Wed,2016,Timberwolves,Jazz,away,107-80,1&0,6.0,201.5,27,33.0,-14.5,9.2,-23.8,W,W,U,"0
Mar","01,",2017,recap,Wed,2016,Kings,Nets,home,100-109,1&3,-1.5,215.5,-9,-10.5,-6.5,-8.5,2.0,L,L,U,"0
Mar","01,",2017,recap,Wed,2016,Nets,Kings,away,109-100,3&1,1.5,215.5,9,10.5,-6.5,2.0,-8.5,W,W,U,"0
Mar","01,",2017,recap,Wed,2016,Magic,Knicks,home,90-101,3&1,-1.5,215.0,-11,-12.5,-24.0,-18.2,-5.8,L,L,U,"0
Mar","01,",2017,recap,Wed,2016,Knicks,Magic,away,101-90,1&3,1.5,215.0,11,12.5,-24.0,-5.8,-18.2,W,W,U,"0
Mar","01,",2017,recap,Wed,2016,Pelicans,Pistons,home,109-86,2&0,-2.5,208.5,23,20.5,-13.5,3.5,-17.0,W,W,U,"0
Mar","01,",2017,recap,Wed,2016,Pistons,Pelicans,away,86-109,0&2,2.5,208.5,-23,-20.5,-13.5,-17.0,3.5,L,L,U,"0
Mar","01,",2017,recap,Wed,2016,Raptors,Wizards,home,96-105,1&0,-4.5,209.5,-9,-13.5,-8.5,-11.0,2.5,L,L,U,"0
Mar","01,",2017,recap,Wed,2016,Wizards,Raptors,away,105-96,0&1,4.5,209.5,9,13.5,-8.5,2.5,-11.0,W,W,U,"0
Mar","01,",2017,recap,Wed,2016,Spurs,Pacers,home,100-99,2&1,-10.0,208.0,1,-9.0,-9.0,-9.0,0.0,W,L,U,"0
Mar","01,",2017,recap,Wed,2016,Pacers,Spurs,away,99-100,1&2,10.0,208.0,-1,9.0,-9.0,0.0,-9.0,L,W,U,0
