Date,Link,Day,Season,Team,Opp,Site,Final,Rest,Line,Total,SUm,ATSm,OUm,DPS,DPA,SUr,ATSr,OUr,"ot
Apr","06,",2017,recap,Thu,2016,Hawks,Celtics,home,123-116,3&0,1.0,209.5,7,8.0,29.5,18.8,10.8,W,W,O,"0
Apr","06,",2017,recap,Thu,2016,Celtics,Hawks,away,116-123,0&3,-1.0,209.5,-7,-8.0,29.5,10.8,18.8,L,L,O,"0
Apr","06,",2017,recap,Thu,2016,Knicks,Wizards,home,103-106,1&1,5.5,217.5,-3,2.5,-8.5,-3.0,-5.5,L,W,U,"0
Apr","06,",2017,recap,Thu,2016,Wizards,Knicks,away,106-103,1&1,-5.5,217.5,3,-2.5,-8.5,-5.5,-3.0,W,L,U,"0
Apr","06,",2017,recap,Thu,2016,Magic,Nets,home,115-107,1&1,-2.0,224.0,8,6.0,-2.0,2.0,-4.0,W,W,U,"0
Apr","06,",2017,recap,Thu,2016,Nets,Magic,away,107-115,1&1,2.0,224.0,-8,-6.0,-2.0,-4.0,2.0,L,L,U,"0
Apr","06,",2017,recap,Thu,2016,Pacers,Bucks,home,104-89,1&1,-5.0,201.5,15,10.0,-8.5,0.8,-9.2,W,W,U,"0
Apr","06,",2017,recap,Thu,2016,Bucks,Pacers,away,89-104,1&1,5.0,201.5,-15,-10.0,-8.5,-9.2,0.8,L,L,U,"0
Apr","06,",2017,recap,Thu,2016,Seventysixers,Bulls,home,90-102,1&1,6.0,209.5,-12,-6.0,-17.5,-11.8,-5.8,L,L,U,"0
Apr","06,",2017,recap,Thu,2016,Bulls,Seventysixers,away,102-90,1&1,-6.0,209.5,12,6.0,-17.5,-5.8,-11.8,W,W,U,"0
Apr","06,",2017,recap,Thu,2016,Trailblazers,Timberwolves,home,105-98,1&1,-6.0,217.5,7,1.0,-14.5,-6.8,-7.8,W,W,U,"0
Apr","06,",2017,recap,Thu,2016,Timberwolves,Trailblazers,away,98-105,1&1,6.0,217.5,-7,-1.0,-14.5,-7.8,-6.8,L,L,U,0
