Date,Link,Day,Season,Team,Opp,Site,Final,Rest,Line,Total,SUm,ATSm,OUm,DPS,DPA,SUr,ATSr,OUr,"ot
Feb","12,",2017,recap,Sun,2016,Kings,Pelicans,home,105-99,1&1,-3.5,211.5,6,2.5,-7.5,-2.5,-5.0,W,W,U,"0
Feb","12,",2017,recap,Sun,2016,Pelicans,Kings,away,99-105,1&1,3.5,211.5,-6,-2.5,-7.5,-5.0,-2.5,L,L,U,"0
Feb","12,",2017,recap,Sun,2016,Knicks,Spurs,home,94-90,1&1,8.0,211.0,4,12.0,-27.0,-7.5,-19.5,W,W,U,"0
Feb","12,",2017,recap,Sun,2016,Spurs,Knicks,away,90-94,1&1,-8.0,211.0,-4,-12.0,-27.0,-19.5,-7.5,L,L,U,"0
Feb","12,",2017,recap,Sun,2016,Raptors,Pistons,home,101-102,3&1,-6.5,211.5,-1,-7.5,-8.5,-8.0,-0.5,L,L,U,"0
Feb","12,",2017,recap,Sun,2016,Pistons,Raptors,away,102-101,1&3,6.5,211.5,1,7.5,-8.5,-0.5,-8.0,W,W,U,"0
Feb","12,",2017,recap,Sun,2016,Timberwolves,Bulls,home,117-89,1&1,-2.5,207.0,28,25.5,-1.0,12.2,-13.2,W,W,U,"0
Feb","12,",2017,recap,Sun,2016,Bulls,Timberwolves,away,89-117,1&1,2.5,207.0,-28,-25.5,-1.0,-13.2,12.2,L,L,U,0
