Date,Link,Day,Season,Team,Opp,Site,Final,Rest,Line,Total,SUm,ATSm,OUm,DPS,DPA,SUr,ATSr,OUr,"ot
Jan","12,",2017,recap,Thu,2016,Knicks,Bulls,home,104-89,0&1,-3.5,207.0,15,11.5,-14.0,-1.2,-12.8,W,W,U,"0
Jan","12,",2017,recap,Thu,2016,Bulls,Knicks,away,89-104,1&0,3.5,207.0,-15,-11.5,-14.0,-12.8,-1.2,L,L,U,"0
Jan","12,",2017,recap,Thu,2016,Nets,Pelicans,home,95-104,1&2,1.0,214.5,-9,-8.0,-15.5,-11.8,-3.8,L,L,U,"0
Jan","12,",2017,recap,Thu,2016,Pelicans,Nets,away,104-95,2&1,-1.0,214.5,9,8.0,-15.5,-3.8,-11.8,W,W,U,"0
Jan","12,",2017,recap,Thu,2016,Nuggets,Pacers,home,140-112,4&4,4.5,226.0,28,32.5,26.0,29.2,-3.2,W,W,O,"0
Jan","12,",2017,recap,Thu,2016,Pacers,Nuggets,away,112-140,4&4,-4.5,226.0,-28,-32.5,26.0,-3.2,29.2,L,L,O,"0
Jan","12,",2017,recap,Thu,2016,Spurs,Lakers,home,134-94,1&1,-14.5,212.0,40,25.5,16.0,20.8,-4.8,W,W,O,"0
Jan","12,",2017,recap,Thu,2016,Lakers,Spurs,away,94-134,1&1,14.5,212.0,-40,-25.5,16.0,-4.8,20.8,L,L,O,"0
Jan","12,",2017,recap,Thu,2016,Suns,Mavericks,home,108-113,3&2,2.0,207.5,-5,-3.0,13.5,5.2,8.2,L,L,O,"0
Jan","12,",2017,recap,Thu,2016,Mavericks,Suns,away,113-108,2&3,-2.0,207.5,5,3.0,13.5,8.2,5.2,W,W,O,"0
Jan","12,",2017,recap,Thu,2016,Warriors,Pistons,home,127-107,1&1,-13.5,218.5,20,6.5,15.5,11.0,4.5,W,W,O,"0
Jan","12,",2017,recap,Thu,2016,Pistons,Warriors,away,107-127,1&1,13.5,218.5,-20,-6.5,15.5,4.5,11.0,L,L,O,0
