Date,Link,Day,Season,Team,Opp,Site,Final,Rest,Line,Total,SUm,ATSm,OUm,DPS,DPA,SUr,ATSr,OUr,"ot
Jan","04,",2018,recap,Thu,2017,Clippers,Thunder,home,117-127,1&0,1.0,214.0,-10,-9.0,30.0,10.5,19.5,L,L,O,"0
Jan","04,",2018,recap,Thu,2017,Thunder,Clippers,away,127-117,0&1,-1.0,214.0,10,9.0,30.0,19.5,10.5,W,W,O,"0
Jan","04,",2018,recap,Thu,2017,Rockets,Warriors,home,114-124,0&0,4.5,230.0,-10,-5.5,8.0,1.2,6.8,L,L,O,"0
Jan","04,",2018,recap,Thu,2017,Warriors,Rockets,away,124-114,0&0,-4.5,230.0,10,5.5,8.0,6.8,1.2,W,W,O,0
