Date,Link,Day,Season,Team,Opp,Site,Final,Rest,Line,Total,SUm,ATSm,OUm,DPS,DPA,SUr,ATSr,OUr,"ot
Jan","05,",2018,recap,Fri,2017,Bucks,Raptors,home,110-129,1&1,0.0,217.0,-19,-19.0,22.0,1.5,20.5,L,L,O,"0
Jan","05,",2018,recap,Fri,2017,Raptors,Bucks,away,129-110,1&1,-0.0,217.0,19,19.0,22.0,20.5,1.5,W,W,O,"0
Jan","05,",2018,recap,Fri,2017,Celtics,Timberwolves,home,91-84,1&1,-4.0,206.0,7,3.0,-31.0,-14.0,-17.0,W,W,U,"0
Jan","05,",2018,recap,Fri,2017,Timberwolves,Celtics,away,84-91,1&1,4.0,206.0,-7,-3.0,-31.0,-17.0,-14.0,L,L,U,"0
Jan","05,",2018,recap,Fri,2017,Grizzlies,Wizards,home,100-102,2&1,4.5,205.5,-2,2.5,-3.5,-0.5,-3.0,L,W,U,"0
Jan","05,",2018,recap,Fri,2017,Wizards,Grizzlies,away,102-100,1&2,-4.5,205.5,2,-2.5,-3.5,-3.0,-0.5,W,L,U,"0
Jan","05,",2018,recap,Fri,2017,Heat,Knicks,home,107-103,1&1,-5.0,202.5,4,-1.0,7.5,3.2,4.2,W,L,O,"1
Jan","05,",2018,recap,Fri,2017,Knicks,Heat,away,103-107,1&1,5.0,202.5,-4,1.0,7.5,4.2,3.2,L,W,O,"1
Jan","05,",2018,recap,Fri,2017,Lakers,Hornets,home,94-108,1&2,2.5,216.5,-14,-11.5,-14.5,-13.0,-1.5,L,L,U,"0
Jan","05,",2018,recap,Fri,2017,Hornets,Lakers,away,108-94,2&1,-2.5,216.5,14,11.5,-14.5,-1.5,-13.0,W,W,U,"0
Jan","05,",2018,recap,Fri,2017,Mavericks,Bulls,home,124-127,1&1,-4.0,213.0,-3,-7.0,38.0,15.5,22.5,L,L,O,"0
Jan","05,",2018,recap,Fri,2017,Bulls,Mavericks,away,127-124,1&1,4.0,213.0,3,7.0,38.0,22.5,15.5,W,W,O,"0
Jan","05,",2018,recap,Fri,2017,Nuggets,Jazz,home,99-91,1&1,-7.0,206.5,8,1.0,-16.5,-7.8,-8.8,W,W,U,"0
Jan","05,",2018,recap,Fri,2017,Jazz,Nuggets,away,91-99,1&1,7.0,206.5,-8,-1.0,-16.5,-8.8,-7.8,L,L,U,"0
Jan","05,",2018,recap,Fri,2017,Seventysixers,Pistons,home,114-78,1&1,-6.0,209.5,36,30.0,-17.5,6.2,-23.8,W,W,U,"0
Jan","05,",2018,recap,Fri,2017,Pistons,Seventysixers,away,78-114,1&1,6.0,209.5,-36,-30.0,-17.5,-23.8,6.2,L,L,U,"0
Jan","05,",2018,recap,Fri,2017,Spurs,Suns,home,103-89,1&1,-12.5,209.5,14,1.5,-17.5,-8.0,-9.5,W,W,U,"0
Jan","05,",2018,recap,Fri,2017,Suns,Spurs,away,89-103,1&1,12.5,209.5,-14,-1.5,-17.5,-9.5,-8.0,L,L,U,"0
Jan","05,",2018,recap,Fri,2017,Trailblazers,Hawks,home,110-89,2&2,-7.5,207.5,21,13.5,-8.5,2.5,-11.0,W,W,U,"0
Jan","05,",2018,recap,Fri,2017,Hawks,Trailblazers,away,89-110,2&2,7.5,207.5,-21,-13.5,-8.5,-11.0,2.5,L,L,U,0
