Date,Link,Day,Season,Team,Opp,Site,Final,Rest,Line,Total,SUm,ATSm,OUm,DPS,DPA,SUr,ATSr,OUr,"ot
Jan","02,",2018,recap,Tue,2017,Cavaliers,Trailblazers,home,127-110,2&0,-9.0,216.0,17,8.0,21.0,14.5,6.5,W,W,O,"0
Jan","02,",2018,recap,Tue,2017,Trailblazers,Cavaliers,away,110-127,0&2,9.0,216.0,-17,-8.0,21.0,6.5,14.5,L,L,O,"0
Jan","02,",2018,recap,Tue,2017,Clippers,Grizzlies,home,113-105,1&1,-6.0,206.0,8,2.0,12.0,7.0,5.0,W,W,O,"0
Jan","02,",2018,recap,Tue,2017,Grizzlies,Clippers,away,105-113,1&1,6.0,206.0,-8,-2.0,12.0,5.0,7.0,L,L,O,"0
Jan","02,",2018,recap,Tue,2017,Kings,Hornets,home,111-131,1&1,4.0,205.0,-20,-16.0,37.0,10.5,26.5,L,L,O,"0
Jan","02,",2018,recap,Tue,2017,Hornets,Kings,away,131-111,1&1,-4.0,205.0,20,16.0,37.0,26.5,10.5,W,W,O,"0
Jan","02,",2018,recap,Tue,2017,Knicks,Spurs,home,91-100,2&2,5.0,199.5,-9,-4.0,-8.5,-6.2,-2.2,L,L,U,"0
Jan","02,",2018,recap,Tue,2017,Spurs,Knicks,away,100-91,2&2,-5.0,199.5,9,4.0,-8.5,-2.2,-6.2,W,W,U,"0
Jan","02,",2018,recap,Tue,2017,Suns,Hawks,home,104-103,1&2,-1.5,217.0,1,-0.5,-10.0,-5.2,-4.8,W,L,U,"0
Jan","02,",2018,recap,Tue,2017,Hawks,Suns,away,103-104,2&1,1.5,217.0,-1,0.5,-10.0,-4.8,-5.2,L,W,U,0
