Date,Link,Day,Season,Team,Opp,Site,Final,Rest,Line,Total,SUm,ATSm,OUm,DPS,DPA,SUr,ATSr,OUr,"ot
Jan","03,",2018,recap,Wed,2017,Bucks,Pacers,home,122-101,1&2,-7.5,209.5,21,13.5,13.5,13.5,0.0,W,W,O,"0
Jan","03,",2018,recap,Wed,2017,Pacers,Bucks,away,101-122,2&1,7.5,209.5,-21,-13.5,13.5,0.0,13.5,L,L,O,"0
Jan","03,",2018,recap,Wed,2017,Bulls,Raptors,home,115-124,1&1,5.0,217.0,-9,-4.0,22.0,9.0,13.0,L,L,O,"0
Jan","03,",2018,recap,Wed,2017,Raptors,Bulls,away,124-115,1&1,-5.0,217.0,9,4.0,22.0,13.0,9.0,W,W,O,"0
Jan","03,",2018,recap,Wed,2017,Celtics,Cavaliers,home,102-88,2&0,-3.0,212.5,14,11.0,-22.5,-5.8,-16.8,W,W,U,"0
Jan","03,",2018,recap,Wed,2017,Cavaliers,Celtics,away,88-102,0&2,3.0,212.5,-14,-11.0,-22.5,-16.8,-5.8,L,L,U,"0
Jan","03,",2018,recap,Wed,2017,Heat,Pistons,home,111-104,3&3,-4.0,198.5,7,3.0,16.5,9.8,6.8,W,W,O,"0
Jan","03,",2018,recap,Wed,2017,Pistons,Heat,away,104-111,3&3,4.0,198.5,-7,-3.0,16.5,6.8,9.8,L,L,O,"0
Jan","03,",2018,recap,Wed,2017,Jazz,Pelicans,home,98-108,3&3,-1.0,209.5,-10,-11.0,-3.5,-7.2,3.8,L,L,U,"0
Jan","03,",2018,recap,Wed,2017,Pelicans,Jazz,away,108-98,3&3,1.0,209.5,10,11.0,-3.5,3.8,-7.2,W,W,U,"0
Jan","03,",2018,recap,Wed,2017,Lakers,Thunder,home,96-133,1&2,6.0,213.0,-37,-31.0,16.0,-7.5,23.5,L,L,O,"0
Jan","03,",2018,recap,Wed,2017,Thunder,Lakers,away,133-96,2&1,-6.0,213.0,37,31.0,16.0,23.5,-7.5,W,W,O,"0
Jan","03,",2018,recap,Wed,2017,Magic,Rockets,home,98-116,1&2,8.0,217.5,-18,-10.0,-3.5,-6.8,3.2,L,L,U,"0
Jan","03,",2018,recap,Wed,2017,Rockets,Magic,away,116-98,2&1,-8.0,217.5,18,10.0,-3.5,3.2,-6.8,W,W,U,"0
Jan","03,",2018,recap,Wed,2017,Mavericks,Warriors,home,122-125,2&3,7.0,220.0,-3,4.0,27.0,15.5,11.5,L,W,O,"0
Jan","03,",2018,recap,Wed,2017,Warriors,Mavericks,away,125-122,3&2,-7.0,220.0,3,-4.0,27.0,11.5,15.5,W,L,O,"0
Jan","03,",2018,recap,Wed,2017,Nets,Timberwolves,home,98-97,1&1,6.0,211.5,1,7.0,-16.5,-4.8,-11.8,W,W,U,"0
Jan","03,",2018,recap,Wed,2017,Timberwolves,Nets,away,97-98,1&1,-6.0,211.5,-1,-7.0,-16.5,-11.8,-4.8,L,L,U,"0
Jan","03,",2018,recap,Wed,2017,Nuggets,Suns,home,134-111,3&0,-12.0,220.0,23,11.0,25.0,18.0,7.0,W,W,O,"0
Jan","03,",2018,recap,Wed,2017,Suns,Nuggets,away,111-134,0&3,12.0,220.0,-23,-11.0,25.0,7.0,18.0,L,L,O,"0
Jan","03,",2018,recap,Wed,2017,Seventysixers,Spurs,home,112-106,2&0,-4.0,207.5,6,2.0,10.5,6.2,4.2,W,W,O,"0
Jan","03,",2018,recap,Wed,2017,Spurs,Seventysixers,away,106-112,0&2,4.0,207.5,-6,-2.0,10.5,4.2,6.2,L,L,O,"0
Jan","03,",2018,recap,Wed,2017,Wizards,Knicks,home,121-103,2&0,-9.5,212.5,18,8.5,11.5,10.0,1.5,W,W,O,"0
Jan","03,",2018,recap,Wed,2017,Knicks,Wizards,away,103-121,0&2,9.5,212.5,-18,-8.5,11.5,1.5,10.0,L,L,O,0
